/* Generated by tools/mkpfs.py -- do not edit. */
#include "pfs.h"

static const unsigned char d2[] = {
    0x4e, 0x65, 0x6f, 0x42, 0x65, 0x6e, 0x63, 0x68, 0x20, 0x61, 0x70, 0x70, 0x6c, 0x69, 0x63, 0x61,
    0x74, 0x69, 0x6f, 0x6e, 0x73, 0x0a, 0x3d, 0x3d, 0x3d, 0x3d, 0x3d, 0x3d, 0x3d, 0x3d, 0x3d, 0x3d,
    0x3d, 0x3d, 0x3d, 0x3d, 0x3d, 0x3d, 0x3d, 0x3d, 0x3d, 0x3d, 0x3d, 0x3d, 0x0a, 0x0a, 0x50, 0x72,
    0x6f, 0x67, 0x72, 0x61, 0x6d, 0x73, 0x20, 0x64, 0x6f, 0x20, 0x6e, 0x6f, 0x74, 0x20, 0x6c, 0x69,
    0x76, 0x65, 0x20, 0x68, 0x65, 0x72, 0x65, 0x20, 0x79, 0x65, 0x74, 0x3a, 0x20, 0x65, 0x76, 0x65,
    0x72, 0x79, 0x74, 0x68, 0x69, 0x6e, 0x67, 0x20, 0x74, 0x68, 0x65, 0x20, 0x64, 0x65, 0x73, 0x6b,
    0x74, 0x6f, 0x70, 0x20, 0x63, 0x61, 0x6e, 0x20, 0x6f, 0x70, 0x65, 0x6e, 0x20, 0x69, 0x73, 0x0a,
    0x6c, 0x69, 0x6e, 0x6b, 0x65, 0x64, 0x20, 0x69, 0x6e, 0x74, 0x6f, 0x20, 0x74, 0x68, 0x65, 0x20,
    0x52, 0x4f, 0x4d, 0x20, 0x69, 0x6d, 0x61, 0x67, 0x65, 0x20, 0x61, 0x6e, 0x64, 0x20, 0x73, 0x74,
    0x61, 0x72, 0x74, 0x65, 0x64, 0x20, 0x62, 0x79, 0x20, 0x74, 0x68, 0x65, 0x20, 0x6b, 0x65, 0x72,
    0x6e, 0x65, 0x6c, 0x2c, 0x20, 0x73, 0x6f, 0x20, 0x74, 0x68, 0x65, 0x72, 0x65, 0x20, 0x69, 0x73,
    0x0a, 0x6e, 0x6f, 0x74, 0x68, 0x69, 0x6e, 0x67, 0x20, 0x74, 0x6f, 0x20, 0x69, 0x6e, 0x73, 0x74,
    0x61, 0x6c, 0x6c, 0x20, 0x61, 0x6e, 0x64, 0x20, 0x6e, 0x6f, 0x74, 0x68, 0x69, 0x6e, 0x67, 0x20,
    0x74, 0x6f, 0x20, 0x6c, 0x61, 0x75, 0x6e, 0x63, 0x68, 0x20, 0x66, 0x72, 0x6f, 0x6d, 0x20, 0x61,
    0x20, 0x70, 0x61, 0x74, 0x68, 0x2e, 0x0a, 0x0a, 0x54, 0x68, 0x65, 0x20, 0x70, 0x72, 0x6f, 0x67,
    0x72, 0x61, 0x6d, 0x20, 0x65, 0x6e, 0x74, 0x72, 0x69, 0x65, 0x73, 0x20, 0x74, 0x68, 0x61, 0x74,
    0x20, 0x64, 0x6f, 0x20, 0x65, 0x78, 0x69, 0x73, 0x74, 0x20, 0x61, 0x72, 0x65, 0x20, 0x66, 0x69,
    0x6c, 0x65, 0x64, 0x20, 0x77, 0x68, 0x65, 0x72, 0x65, 0x20, 0x74, 0x68, 0x65, 0x79, 0x20, 0x62,
    0x65, 0x6c, 0x6f, 0x6e, 0x67, 0x20, 0x72, 0x61, 0x74, 0x68, 0x65, 0x72, 0x0a, 0x74, 0x68, 0x61,
    0x6e, 0x20, 0x68, 0x65, 0x72, 0x65, 0x3a, 0x20, 0x43, 0x6f, 0x6e, 0x66, 0x69, 0x67, 0x2f, 0x50,
    0x72, 0x65, 0x66, 0x65, 0x72, 0x65, 0x6e, 0x63, 0x65, 0x73, 0x20, 0x73, 0x74, 0x61, 0x72, 0x74,
    0x73, 0x20, 0x74, 0x68, 0x65, 0x20, 0x70, 0x72, 0x65, 0x66, 0x65, 0x72, 0x65, 0x6e, 0x63, 0x65,
    0x73, 0x20, 0x70, 0x61, 0x6e, 0x65, 0x2c, 0x20, 0x54, 0x6f, 0x6f, 0x6c, 0x73, 0x2f, 0x20, 0x68,
    0x6f, 0x6c, 0x64, 0x73, 0x0a, 0x74, 0x68, 0x65, 0x20, 0x63, 0x6c, 0x6f, 0x63, 0x6b, 0x2c, 0x20,
    0x74, 0x68, 0x65, 0x20, 0x6d, 0x6f, 0x6e, 0x69, 0x74, 0x6f, 0x72, 0x20, 0x61, 0x6e, 0x64, 0x20,
    0x74, 0x68, 0x65, 0x20, 0x72, 0x65, 0x61, 0x64, 0x65, 0x72, 0x2c, 0x20, 0x61, 0x6e, 0x64, 0x20,
    0x43, 0x6f, 0x72, 0x65, 0x2f, 0x44, 0x6f, 0x63, 0x73, 0x20, 0x68, 0x6f, 0x6c, 0x64, 0x73, 0x20,
    0x41, 0x62, 0x6f, 0x75, 0x74, 0x20, 0x2d, 0x2d, 0x0a, 0x65, 0x61, 0x63, 0x68, 0x20, 0x73, 0x74,
    0x61, 0x6e, 0x64, 0x69, 0x6e, 0x67, 0x20, 0x62, 0x65, 0x73, 0x69, 0x64, 0x65, 0x20, 0x74, 0x68,
    0x65, 0x20, 0x66, 0x69, 0x6c, 0x65, 0x73, 0x20, 0x69, 0x74, 0x20, 0x67, 0x6f, 0x65, 0x73, 0x20,
    0x77, 0x69, 0x74, 0x68, 0x2e, 0x20, 0x20, 0x54, 0x68, 0x69, 0x73, 0x20, 0x64, 0x69, 0x72, 0x65,
    0x63, 0x74, 0x6f, 0x72, 0x79, 0x20, 0x69, 0x73, 0x20, 0x6b, 0x65, 0x70, 0x74, 0x0a, 0x66, 0x6f,
    0x72, 0x20, 0x74, 0x68, 0x65, 0x20, 0x6f, 0x6e, 0x65, 0x73, 0x20, 0x74, 0x68, 0x61, 0x74, 0x20,
    0x61, 0x72, 0x72, 0x69, 0x76, 0x65, 0x20, 0x61, 0x73, 0x20, 0x66, 0x69, 0x6c, 0x65, 0x73, 0x20,
    0x6f, 0x66, 0x20, 0x74, 0x68, 0x65, 0x69, 0x72, 0x20, 0x6f, 0x77, 0x6e, 0x20, 0x2d, 0x2d, 0x20,
    0x61, 0x6e, 0x20, 0x61, 0x72, 0x63, 0x68, 0x69, 0x76, 0x65, 0x20, 0x75, 0x6e, 0x70, 0x61, 0x63,
    0x6b, 0x65, 0x64, 0x0a, 0x69, 0x6e, 0x74, 0x6f, 0x20, 0x74, 0x68, 0x65, 0x20, 0x73, 0x74, 0x6f,
    0x72, 0x65, 0x2c, 0x20, 0x6f, 0x72, 0x20, 0x61, 0x20, 0x66, 0x65, 0x74, 0x63, 0x68, 0x20, 0x74,
    0x68, 0x61, 0x74, 0x20, 0x6c, 0x61, 0x6e, 0x64, 0x65, 0x64, 0x20, 0x69, 0x6e, 0x20, 0x54, 0x65,
    0x6d, 0x70, 0x2f, 0x20, 0x61, 0x6e, 0x64, 0x20, 0x77, 0x61, 0x73, 0x20, 0x6d, 0x6f, 0x76, 0x65,
    0x64, 0x20, 0x68, 0x65, 0x72, 0x65, 0x0a, 0x61, 0x66, 0x74, 0x65, 0x72, 0x77, 0x61, 0x72, 0x64,
    0x73, 0x2e, 0x20, 0x20, 0x55, 0x6e, 0x74, 0x69, 0x6c, 0x20, 0x6f, 0x6e, 0x65, 0x20, 0x64, 0x6f,
    0x65, 0x73, 0x2c, 0x20, 0x69, 0x74, 0x20, 0x68, 0x6f, 0x6c, 0x64, 0x73, 0x20, 0x74, 0x68, 0x69,
    0x73, 0x20, 0x6e, 0x6f, 0x74, 0x65, 0x20, 0x61, 0x6e, 0x64, 0x20, 0x6e, 0x6f, 0x74, 0x68, 0x69,
    0x6e, 0x67, 0x20, 0x65, 0x6c, 0x73, 0x65, 0x2e, 0x0a, 0x0a, 0x20, 0x20, 0x43, 0x6c, 0x6f, 0x63,
    0x6b, 0x2c, 0x20, 0x4d, 0x6f, 0x6e, 0x69, 0x74, 0x6f, 0x72, 0x2c, 0x20, 0x4e, 0x65, 0x6f, 0x54,
    0x65, 0x78, 0x74, 0x20, 0x20, 0x20, 0x20, 0x66, 0x69, 0x6c, 0x65, 0x64, 0x20, 0x69, 0x6e, 0x20,
    0x54, 0x6f, 0x6f, 0x6c, 0x73, 0x2f, 0x2c, 0x20, 0x6f, 0x70, 0x65, 0x6e, 0x65, 0x64, 0x20, 0x66,
    0x72, 0x6f, 0x6d, 0x20, 0x74, 0x68, 0x65, 0x72, 0x65, 0x0a, 0x20, 0x20, 0x41, 0x62, 0x6f, 0x75,
    0x74, 0x20, 0x20, 0x20, 0x20, 0x20, 0x20, 0x20, 0x20, 0x20, 0x20, 0x20, 0x20, 0x20, 0x20, 0x20,
    0x20, 0x20, 0x20, 0x20, 0x20, 0x20, 0x20, 0x66, 0x69, 0x6c, 0x65, 0x64, 0x20, 0x69, 0x6e, 0x20,
    0x43, 0x6f, 0x72, 0x65, 0x2f, 0x44, 0x6f, 0x63, 0x73, 0x2c, 0x20, 0x61, 0x6c, 0x73, 0x6f, 0x20,
    0x6f, 0x6e, 0x20, 0x74, 0x68, 0x65, 0x20, 0x73, 0x74, 0x61, 0x72, 0x74, 0x20, 0x6d, 0x65, 0x6e,
    0x75, 0x0a, 0x20, 0x20, 0x50, 0x72, 0x65, 0x66, 0x65, 0x72, 0x65, 0x6e, 0x63, 0x65, 0x73, 0x20,
    0x20, 0x20, 0x20, 0x20, 0x20, 0x20, 0x20, 0x20, 0x20, 0x20, 0x20, 0x20, 0x20, 0x20, 0x20, 0x66,
    0x69, 0x6c, 0x65, 0x64, 0x20, 0x69, 0x6e, 0x20, 0x43, 0x6f, 0x6e, 0x66, 0x69, 0x67, 0x2c, 0x20,
    0x74, 0x61, 0x6b, 0x65, 0x6e, 0x20, 0x6f, 0x66, 0x66, 0x20, 0x74, 0x68, 0x65, 0x20, 0x6d, 0x65,
    0x6e, 0x75, 0x0a, 0x20, 0x20, 0x46, 0x69, 0x6c, 0x65, 0x73, 0x20, 0x20, 0x20, 0x20, 0x20, 0x20,
    0x20, 0x20, 0x20, 0x20, 0x20, 0x20, 0x20, 0x20, 0x20, 0x20, 0x20, 0x20, 0x20, 0x20, 0x20, 0x20,
    0x74, 0x68, 0x65, 0x20, 0x64, 0x72, 0x61, 0x77, 0x65, 0x72, 0x20, 0x74, 0x68, 0x61, 0x74, 0x20,
    0x6c, 0x65, 0x61, 0x64, 0x73, 0x20, 0x74, 0x68, 0x65, 0x20, 0x73, 0x74, 0x61, 0x72, 0x74, 0x20,
    0x6d, 0x65, 0x6e, 0x75, 0x0a, 0x20, 0x20, 0x74, 0x68, 0x65, 0x20, 0x72, 0x65, 0x73, 0x74, 0x20,
    0x20, 0x20, 0x20, 0x20, 0x20, 0x20, 0x20, 0x20, 0x20, 0x20, 0x20, 0x20, 0x20, 0x20, 0x20, 0x20,
    0x20, 0x20, 0x6e, 0x6f, 0x74, 0x20, 0x77, 0x72, 0x69, 0x74, 0x74, 0x65, 0x6e, 0x20, 0x79, 0x65,
    0x74, 0x0a, 0x00,
};

static const unsigned char d4[] = {
    0x23, 0x20, 0x4e, 0x65, 0x6f, 0x42, 0x65, 0x6e, 0x63, 0x68, 0x20, 0x70, 0x72, 0x6f, 0x67, 0x72,
    0x61, 0x6d, 0x20, 0x65, 0x6e, 0x74, 0x72, 0x79, 0x2e, 0x0a, 0x23, 0x0a, 0x23, 0x20, 0x54, 0x68,
    0x65, 0x20, 0x66, 0x69, 0x72, 0x73, 0x74, 0x20, 0x6c, 0x69, 0x6e, 0x65, 0x20, 0x6f, 0x66, 0x20,
    0x61, 0x20, 0x66, 0x69, 0x6c, 0x65, 0x20, 0x74, 0x68, 0x61, 0x74, 0x20, 0x69, 0x73, 0x20, 0x6e,
    0x65, 0x69, 0x74, 0x68, 0x65, 0x72, 0x20, 0x62, 0x6c, 0x61, 0x6e, 0x6b, 0x20, 0x6e, 0x6f, 0x72,
    0x20, 0x61, 0x20, 0x63, 0x6f, 0x6d, 0x6d, 0x65, 0x6e, 0x74, 0x20, 0x6d, 0x61, 0x79, 0x20, 0x73,
    0x61, 0x79, 0x0a, 0x23, 0x20, 0x77, 0x68, 0x61, 0x74, 0x20, 0x74, 0x68, 0x65, 0x20, 0x66, 0x69,
    0x6c, 0x65, 0x20, 0x69, 0x73, 0x20, 0x66, 0x6f, 0x72, 0x2e, 0x20, 0x20, 0x22, 0x70, 0x72, 0x6f,
    0x67, 0x72, 0x61, 0x6d, 0x20, 0x3d, 0x20, 0x6e, 0x61, 0x6d, 0x65, 0x22, 0x20, 0x6d, 0x61, 0x6b,
    0x65, 0x73, 0x20, 0x74, 0x68, 0x65, 0x20, 0x66, 0x69, 0x6c, 0x65, 0x20, 0x61, 0x6e, 0x20, 0x65,
    0x6e, 0x74, 0x72, 0x79, 0x20, 0x72, 0x61, 0x74, 0x68, 0x65, 0x72, 0x0a, 0x23, 0x20, 0x74, 0x68,
    0x61, 0x6e, 0x20, 0x61, 0x20, 0x64, 0x6f, 0x63, 0x75, 0x6d, 0x65, 0x6e, 0x74, 0x3a, 0x20, 0x63,
    0x68, 0x6f, 0x6f, 0x73, 0x69, 0x6e, 0x67, 0x20, 0x69, 0x74, 0x20, 0x69, 0x6e, 0x20, 0x46, 0x69,
    0x6c, 0x65, 0x73, 0x20, 0x73, 0x74, 0x61, 0x72, 0x74, 0x73, 0x20, 0x74, 0x68, 0x61, 0x74, 0x20,
    0x70, 0x72, 0x6f, 0x67, 0x72, 0x61, 0x6d, 0x20, 0x69, 0x6e, 0x73, 0x74, 0x65, 0x61, 0x64, 0x20,
    0x6f, 0x66, 0x0a, 0x23, 0x20, 0x6f, 0x70, 0x65, 0x6e, 0x69, 0x6e, 0x67, 0x20, 0x4e, 0x65, 0x6f,
    0x54, 0x65, 0x78, 0x74, 0x2c, 0x20, 0x73, 0x6f, 0x20, 0x61, 0x20, 0x64, 0x72, 0x61, 0x77, 0x65,
    0x72, 0x20, 0x63, 0x61, 0x6e, 0x20, 0x68, 0x6f, 0x6c, 0x64, 0x20, 0x61, 0x20, 0x70, 0x72, 0x6f,
    0x67, 0x72, 0x61, 0x6d, 0x20, 0x74, 0x68, 0x65, 0x20, 0x77, 0x61, 0x79, 0x20, 0x74, 0x68, 0x65,
    0x20, 0x73, 0x74, 0x61, 0x72, 0x74, 0x20, 0x6d, 0x65, 0x6e, 0x75, 0x0a, 0x23, 0x20, 0x64, 0x6f,
    0x65, 0x73, 0x2e, 0x20, 0x20, 0x54, 0x68, 0x65, 0x20, 0x6e, 0x61, 0x6d, 0x65, 0x20, 0x69, 0x73,
    0x20, 0x6f, 0x6e, 0x65, 0x20, 0x6f, 0x66, 0x20, 0x74, 0x68, 0x65, 0x20, 0x64, 0x65, 0x73, 0x6b,
    0x74, 0x6f, 0x70, 0x27, 0x73, 0x20, 0x6f, 0x77, 0x6e, 0x20, 0x2d, 0x2d, 0x20, 0x66, 0x69, 0x6c,
    0x65, 0x73, 0x2c, 0x20, 0x63, 0x6c, 0x6f, 0x63, 0x6b, 0x2c, 0x20, 0x6d, 0x6f, 0x6e, 0x69, 0x74,
    0x6f, 0x72, 0x2c, 0x0a, 0x23, 0x20, 0x61, 0x62, 0x6f, 0x75, 0x74, 0x2c, 0x20, 0x70, 0x72, 0x65,
    0x66, 0x65, 0x72, 0x65, 0x6e, 0x63, 0x65, 0x73, 0x2c, 0x20, 0x6e, 0x65, 0x6f, 0x74, 0x65, 0x78,
    0x74, 0x20, 0x2d, 0x2d, 0x20, 0x61, 0x6e, 0x64, 0x20, 0x61, 0x20, 0x66, 0x69, 0x6c, 0x65, 0x20,
    0x74, 0x68, 0x61, 0x74, 0x20, 0x6e, 0x61, 0x6d, 0x65, 0x73, 0x20, 0x61, 0x6e, 0x79, 0x74, 0x68,
    0x69, 0x6e, 0x67, 0x20, 0x65, 0x6c, 0x73, 0x65, 0x2c, 0x20, 0x6f, 0x72, 0x0a, 0x23, 0x20, 0x74,
    0x68, 0x61, 0x74, 0x20, 0x73, 0x61, 0x79, 0x73, 0x20, 0x6e, 0x6f, 0x74, 0x68, 0x69, 0x6e, 0x67,
    0x20, 0x61, 0x74, 0x20, 0x61, 0x6c, 0x6c, 0x2c, 0x20, 0x6f, 0x70, 0x65, 0x6e, 0x73, 0x20, 0x69,
    0x6e, 0x20, 0x74, 0x68, 0x65, 0x20, 0x72, 0x65, 0x61, 0x64, 0x65, 0x72, 0x20, 0x61, 0x73, 0x20,
    0x69, 0x74, 0x20, 0x61, 0x6c, 0x77, 0x61, 0x79, 0x73, 0x20, 0x68, 0x61, 0x73, 0x2e, 0x0a, 0x23,
    0x0a, 0x23, 0x20, 0x50, 0x72, 0x65, 0x66, 0x65, 0x72, 0x65, 0x6e, 0x63, 0x65, 0x73, 0x20, 0x69,
    0x73, 0x20, 0x66, 0x69, 0x6c, 0x65, 0x64, 0x20, 0x68, 0x65, 0x72, 0x65, 0x2c, 0x20, 0x69, 0x6e,
    0x20, 0x74, 0x68, 0x65, 0x20, 0x63, 0x6f, 0x6e, 0x66, 0x69, 0x67, 0x75, 0x72, 0x61, 0x74, 0x69,
    0x6f, 0x6e, 0x20, 0x64, 0x69, 0x72, 0x65, 0x63, 0x74, 0x6f, 0x72, 0x79, 0x2c, 0x20, 0x73, 0x6f,
    0x20, 0x74, 0x68, 0x65, 0x20, 0x70, 0x61, 0x6e, 0x65, 0x0a, 0x23, 0x20, 0x74, 0x68, 0x61, 0x74,
    0x20, 0x63, 0x68, 0x61, 0x6e, 0x67, 0x65, 0x73, 0x20, 0x74, 0x68, 0x65, 0x20, 0x64, 0x65, 0x73,
    0x6b, 0x74, 0x6f, 0x70, 0x20, 0x61, 0x74, 0x20, 0x72, 0x75, 0x6e, 0x20, 0x74, 0x69, 0x6d, 0x65,
    0x20, 0x69, 0x73, 0x20, 0x73, 0x74, 0x61, 0x6e, 0x64, 0x69, 0x6e, 0x67, 0x20, 0x77, 0x69, 0x74,
    0x68, 0x20, 0x74, 0x68, 0x65, 0x20, 0x66, 0x69, 0x6c, 0x65, 0x73, 0x20, 0x74, 0x68, 0x61, 0x74,
    0x0a, 0x23, 0x20, 0x73, 0x65, 0x74, 0x20, 0x69, 0x74, 0x20, 0x61, 0x74, 0x20, 0x62, 0x6f, 0x6f,
    0x74, 0x3a, 0x20, 0x43, 0x6f, 0x6e, 0x66, 0x69, 0x67, 0x2f, 0x73, 0x63, 0x72, 0x65, 0x65, 0x6e,
    0x2e, 0x63, 0x66, 0x67, 0x20, 0x73, 0x61, 0x79, 0x73, 0x20, 0x77, 0x68, 0x69, 0x63, 0x68, 0x20,
    0x62, 0x61, 0x63, 0x6b, 0x64, 0x72, 0x6f, 0x70, 0x20, 0x74, 0x68, 0x65, 0x20, 0x6d, 0x61, 0x63,
    0x68, 0x69, 0x6e, 0x65, 0x0a, 0x23, 0x20, 0x63, 0x6f, 0x6d, 0x65, 0x73, 0x20, 0x75, 0x70, 0x20,
    0x77, 0x69, 0x74, 0x68, 0x2c, 0x20, 0x61, 0x6e, 0x64, 0x20, 0x74, 0x68, 0x69, 0x73, 0x20, 0x65,
    0x6e, 0x74, 0x72, 0x79, 0x20, 0x6f, 0x70, 0x65, 0x6e, 0x73, 0x20, 0x74, 0x68, 0x65, 0x20, 0x70,
    0x61, 0x6e, 0x65, 0x20, 0x74, 0x68, 0x61, 0x74, 0x20, 0x63, 0x68, 0x61, 0x6e, 0x67, 0x65, 0x73,
    0x20, 0x69, 0x74, 0x20, 0x6e, 0x6f, 0x77, 0x2e, 0x0a, 0x0a, 0x70, 0x72, 0x6f, 0x67, 0x72, 0x61,
    0x6d, 0x20, 0x3d, 0x20, 0x70, 0x72, 0x65, 0x66, 0x65, 0x72, 0x65, 0x6e, 0x63, 0x65, 0x73, 0x0a,
    0x00,
};

static const unsigned char d5[] = {
    0x23, 0x20, 0x4e, 0x65, 0x6f, 0x42, 0x65, 0x6e, 0x63, 0x68, 0x20, 0x62, 0x6f, 0x6f, 0x74, 0x20,
    0x70, 0x72, 0x65, 0x66, 0x65, 0x72, 0x65, 0x6e, 0x63, 0x65, 0x73, 0x2e, 0x0a, 0x23, 0x0a, 0x23,
    0x20, 0x52, 0x65, 0x61, 0x64, 0x20, 0x66, 0x72, 0x6f, 0x6d, 0x20, 0x43, 0x6f, 0x6e, 0x66, 0x69,
    0x67, 0x2f, 0x62, 0x6f, 0x6f, 0x74, 0x2e, 0x63, 0x66, 0x67, 0x20, 0x69, 0x6e, 0x73, 0x69, 0x64,
    0x65, 0x20, 0x74, 0x68, 0x65, 0x20, 0x52, 0x4f, 0x4d, 0x20, 0x69, 0x6d, 0x61, 0x67, 0x65, 0x20,
    0x62, 0x65, 0x66, 0x6f, 0x72, 0x65, 0x20, 0x74, 0x68, 0x65, 0x20, 0x64, 0x65, 0x73, 0x6b, 0x74,
    0x6f, 0x70, 0x20, 0x69, 0x73, 0x0a, 0x23, 0x20, 0x63, 0x6f, 0x6d, 0x70, 0x6f, 0x73, 0x69, 0x74,
    0x65, 0x64, 0x2e, 0x20, 0x20, 0x54, 0x68, 0x65, 0x73, 0x65, 0x20, 0x61, 0x72, 0x65, 0x20, 0x74,
    0x68, 0x65, 0x20, 0x74, 0x77, 0x6f, 0x20, 0x74, 0x68, 0x69, 0x6e, 0x67, 0x73, 0x20, 0x61, 0x62,
    0x6f, 0x75, 0x74, 0x20, 0x74, 0x68, 0x65, 0x20, 0x62, 0x6f, 0x6f, 0x74, 0x20, 0x74, 0x68, 0x61,
    0x74, 0x20, 0x61, 0x72, 0x65, 0x20, 0x77, 0x6f, 0x72, 0x74, 0x68, 0x0a, 0x23, 0x20, 0x63, 0x68,
    0x61, 0x6e, 0x67, 0x69, 0x6e, 0x67, 0x20, 0x77, 0x69, 0x74, 0x68, 0x6f, 0x75, 0x74, 0x20, 0x72,
    0x65, 0x62, 0x75, 0x69, 0x6c, 0x64, 0x69, 0x6e, 0x67, 0x20, 0x4e, 0x65, 0x6f, 0x42, 0x65, 0x6e,
    0x63, 0x68, 0x3a, 0x20, 0x68, 0x6f, 0x77, 0x20, 0x6c, 0x6f, 0x6e, 0x67, 0x20, 0x74, 0x68, 0x65,
    0x20, 0x6c, 0x6f, 0x67, 0x20, 0x73, 0x74, 0x61, 0x79, 0x73, 0x20, 0x6f, 0x6e, 0x20, 0x74, 0x68,
    0x65, 0x0a, 0x23, 0x20, 0x73, 0x63, 0x72, 0x65, 0x65, 0x6e, 0x20, 0x61, 0x66, 0x74, 0x65, 0x72,
    0x20, 0x74, 0x68, 0x65, 0x20, 0x63, 0x68, 0x69, 0x6d, 0x65, 0x2c, 0x20, 0x61, 0x6e, 0x64, 0x20,
    0x77, 0x68, 0x65, 0x74, 0x68, 0x65, 0x72, 0x20, 0x74, 0x68, 0x65, 0x20, 0x6d, 0x61, 0x63, 0x68,
    0x69, 0x6e, 0x65, 0x20, 0x77, 0x61, 0x6c, 0x6b, 0x73, 0x20, 0x69, 0x74, 0x73, 0x20, 0x68, 0x61,
    0x72, 0x64, 0x77, 0x61, 0x72, 0x65, 0x0a, 0x23, 0x20, 0x62, 0x65, 0x66, 0x6f, 0x72, 0x65, 0x20,
    0x69, 0x74, 0x20, 0x62, 0x69, 0x6e, 0x64, 0x73, 0x20, 0x64, 0x72, 0x69, 0x76, 0x65, 0x72, 0x73,
    0x20, 0x74, 0x6f, 0x20, 0x69, 0x74, 0x2e, 0x0a, 0x23, 0x0a, 0x23, 0x20, 0x68, 0x6f, 0x6c, 0x64,
    0x20, 0x20, 0x20, 0x20, 0x20, 0x73, 0x65, 0x63, 0x6f, 0x6e, 0x64, 0x73, 0x20, 0x74, 0x68, 0x65,
    0x20, 0x62, 0x6f, 0x6f, 0x74, 0x20, 0x6c, 0x6f, 0x67, 0x20, 0x69, 0x73, 0x20, 0x68, 0x65, 0x6c,
    0x64, 0x20, 0x61, 0x66, 0x74, 0x65, 0x72, 0x20, 0x74, 0x68, 0x65, 0x20, 0x63, 0x68, 0x69, 0x6d,
    0x65, 0x2c, 0x20, 0x30, 0x20, 0x2e, 0x2e, 0x20, 0x31, 0x35, 0x0a, 0x23, 0x20, 0x73, 0x63, 0x61,
    0x6e, 0x20, 0x20, 0x20, 0x20, 0x20, 0x70, 0x72, 0x6f, 0x62, 0x65, 0x20, 0x74, 0x68, 0x65, 0x20,
    0x68, 0x61, 0x72, 0x64, 0x77, 0x61, 0x72, 0x65, 0x20, 0x61, 0x74, 0x20, 0x62, 0x6f, 0x6f, 0x74,
    0x20, 0x61, 0x6e, 0x64, 0x20, 0x73, 0x74, 0x61, 0x72, 0x74, 0x20, 0x61, 0x20, 0x64, 0x72, 0x69,
    0x76, 0x65, 0x72, 0x20, 0x66, 0x6f, 0x72, 0x0a, 0x23, 0x20, 0x20, 0x20, 0x20, 0x20, 0x20, 0x20,
    0x20, 0x20, 0x20, 0x65, 0x76, 0x65, 0x72, 0x79, 0x74, 0x68, 0x69, 0x6e, 0x67, 0x20, 0x74, 0x68,
    0x61, 0x74, 0x20, 0x61, 0x6e, 0x73, 0x77, 0x65, 0x72, 0x73, 0x20, 0x28, 0x6f, 0x6e, 0x2f, 0x6f,
    0x66, 0x66, 0x29, 0x0a, 0x23, 0x0a, 0x23, 0x20, 0x4d, 0x61, 0x6c, 0x66, 0x6f, 0x72, 0x6d, 0x65,
    0x64, 0x20, 0x76, 0x61, 0x6c, 0x75, 0x65, 0x73, 0x20, 0x6b, 0x65, 0x65, 0x70, 0x20, 0x74, 0x68,
    0x65, 0x69, 0x72, 0x20, 0x64, 0x65, 0x66, 0x61, 0x75, 0x6c, 0x74, 0x2c, 0x20, 0x73, 0x6f, 0x20,
    0x74, 0x68, 0x69, 0x73, 0x20, 0x66, 0x69, 0x6c, 0x65, 0x20, 0x63, 0x61, 0x6e, 0x20, 0x62, 0x65,
    0x20, 0x65, 0x64, 0x69, 0x74, 0x65, 0x64, 0x0a, 0x23, 0x20, 0x77, 0x69, 0x74, 0x68, 0x6f, 0x75,
    0x74, 0x20, 0x61, 0x20, 0x74, 0x6f, 0x6f, 0x6c, 0x20, 0x61, 0x6e, 0x64, 0x20, 0x63, 0x61, 0x6e,
    0x6e, 0x6f, 0x74, 0x20, 0x73, 0x74, 0x6f, 0x70, 0x20, 0x74, 0x68, 0x65, 0x20, 0x6d, 0x61, 0x63,
    0x68, 0x69, 0x6e, 0x65, 0x20, 0x62, 0x6f, 0x6f, 0x74, 0x69, 0x6e, 0x67, 0x2e, 0x0a, 0x0a, 0x68,
    0x6f, 0x6c, 0x64, 0x20, 0x20, 0x20, 0x20, 0x3d, 0x20, 0x33, 0x0a, 0x73, 0x63, 0x61, 0x6e, 0x20,
    0x20, 0x20, 0x20, 0x3d, 0x20, 0x6f, 0x6e, 0x0a, 0x00,
};

static const unsigned char d6[] = {
    0x23, 0x20, 0x4e, 0x65, 0x6f, 0x42, 0x65, 0x6e, 0x63, 0x68, 0x20, 0x70, 0x6f, 0x69, 0x6e, 0x74,
    0x65, 0x72, 0x20, 0x70, 0x72, 0x65, 0x66, 0x65, 0x72, 0x65, 0x6e, 0x63, 0x65, 0x73, 0x2e, 0x0a,
    0x23, 0x0a, 0x23, 0x20, 0x52, 0x65, 0x61, 0x64, 0x20, 0x66, 0x72, 0x6f, 0x6d, 0x20, 0x43, 0x6f,
    0x6e, 0x66, 0x69, 0x67, 0x2f, 0x70, 0x6f, 0x69, 0x6e, 0x74, 0x65, 0x72, 0x2e, 0x63, 0x66, 0x67,
    0x20, 0x69, 0x6e, 0x73, 0x69, 0x64, 0x65, 0x20, 0x74, 0x68, 0x65, 0x20, 0x52, 0x4f, 0x4d, 0x20,
    0x69, 0x6d, 0x61, 0x67, 0x65, 0x20, 0x65, 0x76, 0x65, 0x72, 0x79, 0x20, 0x74, 0x69, 0x6d, 0x65,
    0x20, 0x4e, 0x65, 0x6f, 0x42, 0x65, 0x6e, 0x63, 0x68, 0x0a, 0x23, 0x20, 0x72, 0x65, 0x61, 0x63,
    0x68, 0x65, 0x73, 0x20, 0x74, 0x68, 0x65, 0x20, 0x64, 0x65, 0x73, 0x6b, 0x74, 0x6f, 0x70, 0x2e,
    0x20, 0x20, 0x4e, 0x6f, 0x74, 0x68, 0x69, 0x6e, 0x67, 0x20, 0x68, 0x65, 0x72, 0x65, 0x20, 0x6e,
    0x65, 0x65, 0x64, 0x73, 0x20, 0x41, 0x6d, 0x69, 0x67, 0x61, 0x4f, 0x53, 0x3a, 0x20, 0x74, 0x68,
    0x65, 0x20, 0x73, 0x74, 0x6f, 0x72, 0x65, 0x20, 0x69, 0x73, 0x20, 0x4e, 0x65, 0x6f, 0x42, 0x65,
    0x6e, 0x63, 0x68, 0x27, 0x73, 0x0a, 0x23, 0x20, 0x6f, 0x77, 0x6e, 0x20, 0x28, 0x74, 0x6f, 0x6f,
    0x6c, 0x73, 0x2f, 0x6d, 0x6b, 0x70, 0x66, 0x73, 0x2e, 0x70, 0x79, 0x20, 0x70, 0x61, 0x63, 0x6b,
    0x73, 0x20, 0x73, 0x79, 0x73, 0x74, 0x65, 0x6d, 0x2f, 0x20, 0x69, 0x6e, 0x74, 0x6f, 0x20, 0x74,
    0x68, 0x65, 0x20, 0x52, 0x4f, 0x4d, 0x29, 0x2e, 0x0a, 0x23, 0x0a, 0x23, 0x20, 0x73, 0x68, 0x61,
    0x70, 0x65, 0x20, 0x20, 0x20, 0x20, 0x61, 0x72, 0x72, 0x6f, 0x77, 0x20, 0x7c, 0x20, 0x63, 0x72,
    0x6f, 0x73, 0x73, 0x20, 0x7c, 0x20, 0x69, 0x62, 0x65, 0x61, 0x6d, 0x20, 0x7c, 0x20, 0x64, 0x6f,
    0x74, 0x0a, 0x23, 0x20, 0x73, 0x63, 0x61, 0x6c, 0x65, 0x20, 0x20, 0x20, 0x20, 0x31, 0x20, 0x3d,
    0x20, 0x6e, 0x61, 0x74, 0x69, 0x76, 0x65, 0x2c, 0x20, 0x32, 0x20, 0x3d, 0x20, 0x64, 0x6f, 0x75,
    0x62, 0x6c, 0x65, 0x20, 0x73, 0x69, 0x7a, 0x65, 0x0a, 0x23, 0x20, 0x73, 0x70, 0x65, 0x65, 0x64,
    0x20, 0x20, 0x20, 0x20, 0x70, 0x6f, 0x69, 0x6e, 0x74, 0x65, 0x72, 0x20, 0x74, 0x72, 0x61, 0x76,
    0x65, 0x6c, 0x20, 0x70, 0x65, 0x72, 0x20, 0x6d, 0x6f, 0x75, 0x73, 0x65, 0x20, 0x63, 0x6f, 0x75,
    0x6e, 0x74, 0x2c, 0x20, 0x31, 0x2e, 0x2e, 0x38, 0x0a, 0x23, 0x20, 0x63, 0x6f, 0x6c, 0x6f, 0x75,
    0x72, 0x20, 0x20, 0x20, 0x66, 0x69, 0x6c, 0x6c, 0x20, 0x63, 0x6f, 0x6c, 0x6f, 0x75, 0x72, 0x2c,
    0x20, 0x23, 0x52, 0x52, 0x47, 0x47, 0x42, 0x42, 0x20, 0x2d, 0x2d, 0x20, 0x70, 0x69, 0x63, 0x6b,
    0x65, 0x64, 0x20, 0x6f, 0x75, 0x74, 0x20, 0x6f, 0x66, 0x20, 0x74, 0x68, 0x65, 0x20, 0x72, 0x75,
    0x6e, 0x6e, 0x69, 0x6e, 0x67, 0x20, 0x70, 0x61, 0x6c, 0x65, 0x74, 0x74, 0x65, 0x0a, 0x23, 0x20,
    0x73, 0x68, 0x61, 0x64, 0x6f, 0x77, 0x20, 0x20, 0x20, 0x64, 0x61, 0x72, 0x6b, 0x20, 0x64, 0x72,
    0x6f, 0x70, 0x20, 0x73, 0x68, 0x61, 0x64, 0x6f, 0x77, 0x20, 0x62, 0x65, 0x68, 0x69, 0x6e, 0x64,
    0x20, 0x74, 0x68, 0x65, 0x20, 0x61, 0x72, 0x72, 0x6f, 0x77, 0x20, 0x28, 0x6f, 0x6e, 0x2f, 0x6f,
    0x66, 0x66, 0x29, 0x0a, 0x23, 0x20, 0x76, 0x69, 0x73, 0x69, 0x62, 0x6c, 0x65, 0x20, 0x20, 0x73,
    0x68, 0x6f, 0x77, 0x20, 0x74, 0x68, 0x65, 0x20, 0x70, 0x6f, 0x69, 0x6e, 0x74, 0x65, 0x72, 0x20,
    0x61, 0x74, 0x20, 0x61, 0x6c, 0x6c, 0x20, 0x28, 0x6f, 0x6e, 0x2f, 0x6f, 0x66, 0x66, 0x29, 0x0a,
    0x23, 0x20, 0x73, 0x74, 0x61, 0x72, 0x74, 0x20, 0x20, 0x20, 0x20, 0x77, 0x68, 0x65, 0x72, 0x65,
    0x20, 0x69, 0x74, 0x20, 0x70, 0x61, 0x72, 0x6b, 0x73, 0x20, 0x75, 0x6e, 0x74, 0x69, 0x6c, 0x20,
    0x74, 0x68, 0x65, 0x20, 0x6d, 0x6f, 0x75, 0x73, 0x65, 0x20, 0x6d, 0x6f, 0x76, 0x65, 0x73, 0x2c,
    0x20, 0x78, 0x2c, 0x79, 0x20, 0x69, 0x6e, 0x20, 0x73, 0x63, 0x72, 0x65, 0x65, 0x6e, 0x20, 0x70,
    0x69, 0x78, 0x65, 0x6c, 0x73, 0x0a, 0x0a, 0x73, 0x68, 0x61, 0x70, 0x65, 0x20, 0x20, 0x20, 0x3d,
    0x20, 0x61, 0x72, 0x72, 0x6f, 0x77, 0x0a, 0x73, 0x63, 0x61, 0x6c, 0x65, 0x20, 0x20, 0x20, 0x3d,
    0x20, 0x31, 0x0a, 0x73, 0x70, 0x65, 0x65, 0x64, 0x20, 0x20, 0x20, 0x3d, 0x20, 0x32, 0x0a, 0x63,
    0x6f, 0x6c, 0x6f, 0x75, 0x72, 0x20, 0x20, 0x3d, 0x20, 0x23, 0x46, 0x34, 0x46, 0x41, 0x46, 0x46,
    0x0a, 0x73, 0x68, 0x61, 0x64, 0x6f, 0x77, 0x20, 0x20, 0x3d, 0x20, 0x6f, 0x6e, 0x0a, 0x76, 0x69,
    0x73, 0x69, 0x62, 0x6c, 0x65, 0x20, 0x3d, 0x20, 0x6f, 0x6e, 0x0a, 0x73, 0x74, 0x61, 0x72, 0x74,
    0x20, 0x20, 0x20, 0x3d, 0x20, 0x33, 0x32, 0x30, 0x2c, 0x32, 0x35, 0x36, 0x0a, 0x00,
};

static const unsigned char d7[] = {
    0x23, 0x20, 0x4e, 0x65, 0x6f, 0x42, 0x65, 0x6e, 0x63, 0x68, 0x20, 0x73, 0x63, 0x72, 0x65, 0x65,
    0x6e, 0x20, 0x70, 0x72, 0x65, 0x66, 0x65, 0x72, 0x65, 0x6e, 0x63, 0x65, 0x73, 0x2e, 0x0a, 0x23,
    0x0a, 0x23, 0x20, 0x52, 0x65, 0x61, 0x64, 0x20, 0x66, 0x72, 0x6f, 0x6d, 0x20, 0x43, 0x6f, 0x6e,
    0x66, 0x69, 0x67, 0x2f, 0x73, 0x63, 0x72, 0x65, 0x65, 0x6e, 0x2e, 0x63, 0x66, 0x67, 0x20, 0x69,
    0x6e, 0x73, 0x69, 0x64, 0x65, 0x20, 0x74, 0x68, 0x65, 0x20, 0x52, 0x4f, 0x4d, 0x20, 0x69, 0x6d,
    0x61, 0x67, 0x65, 0x20, 0x62, 0x65, 0x66, 0x6f, 0x72, 0x65, 0x20, 0x74, 0x68, 0x65, 0x20, 0x64,
    0x65, 0x73, 0x6b, 0x74, 0x6f, 0x70, 0x20, 0x69, 0x73, 0x0a, 0x23, 0x20, 0x63, 0x6f, 0x6d, 0x70,
    0x6f, 0x73, 0x69, 0x74, 0x65, 0x64, 0x2e, 0x20, 0x20, 0x54, 0x68, 0x65, 0x20, 0x72, 0x61, 0x73,
    0x74, 0x65, 0x72, 0x20, 0x6d, 0x6f, 0x64, 0x65, 0x20, 0x69, 0x74, 0x73, 0x65, 0x6c, 0x66, 0x20,
    0x69, 0x73, 0x20, 0x66, 0x69, 0x78, 0x65, 0x64, 0x20, 0x62, 0x79, 0x20, 0x74, 0x68, 0x65, 0x20,
    0x52, 0x4f, 0x4d, 0x20, 0x28, 0x41, 0x47, 0x41, 0x20, 0x68, 0x69, 0x72, 0x65, 0x73, 0x2c, 0x0a,
    0x23, 0x20, 0x36, 0x34, 0x30, 0x78, 0x35, 0x31, 0x32, 0x20, 0x69, 0x6e, 0x74, 0x65, 0x72, 0x6c,
    0x61, 0x63, 0x65, 0x64, 0x2c, 0x20, 0x65, 0x69, 0x67, 0x68, 0x74, 0x20, 0x62, 0x69, 0x74, 0x70,
    0x6c, 0x61, 0x6e, 0x65, 0x73, 0x29, 0x20, 0x2d, 0x2d, 0x20, 0x74, 0x68, 0x65, 0x73, 0x65, 0x20,
    0x61, 0x72, 0x65, 0x20, 0x74, 0x68, 0x65, 0x20, 0x70, 0x61, 0x72, 0x74, 0x73, 0x20, 0x6f, 0x66,
    0x20, 0x74, 0x68, 0x65, 0x0a, 0x23, 0x20, 0x64, 0x65, 0x73, 0x6b, 0x74, 0x6f, 0x70, 0x20, 0x74,
    0x68, 0x61, 0x74, 0x20, 0x61, 0x72, 0x65, 0x20, 0x6d, 0x65, 0x61, 0x6e, 0x74, 0x20, 0x74, 0x6f,
    0x20, 0x62, 0x65, 0x20, 0x65, 0x64, 0x69, 0x74, 0x65, 0x64, 0x20, 0x77, 0x69, 0x74, 0x68, 0x6f,
    0x75, 0x74, 0x20, 0x72, 0x65, 0x62, 0x75, 0x69, 0x6c, 0x64, 0x69, 0x6e, 0x67, 0x20, 0x4e, 0x65,
    0x6f, 0x42, 0x65, 0x6e, 0x63, 0x68, 0x2e, 0x0a, 0x23, 0x0a, 0x23, 0x20, 0x6d, 0x6f, 0x64, 0x65,
    0x20, 0x20, 0x20, 0x20, 0x20, 0x68, 0x69, 0x72, 0x65, 0x73, 0x2d, 0x6c, 0x61, 0x63, 0x65, 0x20,
    0x7c, 0x20, 0x68, 0x69, 0x72, 0x65, 0x73, 0x0a, 0x23, 0x20, 0x77, 0x69, 0x64, 0x74, 0x68, 0x20,
    0x20, 0x20, 0x20, 0x72, 0x61, 0x73, 0x74, 0x65, 0x72, 0x20, 0x77, 0x69, 0x64, 0x74, 0x68, 0x20,
    0x69, 0x6e, 0x20, 0x70, 0x69, 0x78, 0x65, 0x6c, 0x73, 0x20, 0x20, 0x20, 0x20, 0x20, 0x20, 0x28,
    0x69, 0x6e, 0x66, 0x6f, 0x72, 0x6d, 0x61, 0x74, 0x69, 0x6f, 0x6e, 0x61, 0x6c, 0x2c, 0x20, 0x6d,
    0x75, 0x73, 0x74, 0x20, 0x62, 0x65, 0x20, 0x36, 0x34, 0x30, 0x29, 0x0a, 0x23, 0x20, 0x68, 0x65,
    0x69, 0x67, 0x68, 0x74, 0x20, 0x20, 0x20, 0x72, 0x61, 0x73, 0x74, 0x65, 0x72, 0x20, 0x68, 0x65,
    0x69, 0x67, 0x68, 0x74, 0x20, 0x69, 0x6e, 0x20, 0x70, 0x69, 0x78, 0x65, 0x6c, 0x73, 0x20, 0x20,
    0x20, 0x20, 0x20, 0x28, 0x69, 0x6e, 0x66, 0x6f, 0x72, 0x6d, 0x61, 0x74, 0x69, 0x6f, 0x6e, 0x61,
    0x6c, 0x2c, 0x20, 0x6d, 0x75, 0x73, 0x74, 0x20, 0x62, 0x65, 0x20, 0x35, 0x31, 0x32, 0x29, 0x0a,
    0x23, 0x20, 0x64, 0x65, 0x70, 0x74, 0x68, 0x20, 0x20, 0x20, 0x20, 0x62, 0x69, 0x74, 0x73, 0x20,
    0x70, 0x65, 0x72, 0x20, 0x70, 0x69, 0x78, 0x65, 0x6c, 0x20, 0x20, 0x20, 0x20, 0x20, 0x20, 0x20,
    0x20, 0x20, 0x20, 0x20, 0x20, 0x20, 0x20, 0x28, 0x69, 0x6e, 0x66, 0x6f, 0x72, 0x6d, 0x61, 0x74,
    0x69, 0x6f, 0x6e, 0x61, 0x6c, 0x2c, 0x20, 0x6d, 0x75, 0x73, 0x74, 0x20, 0x62, 0x65, 0x20, 0x38,
    0x29, 0x0a, 0x23, 0x20, 0x62, 0x67, 0x5f, 0x74, 0x6f, 0x70, 0x20, 0x20, 0x20, 0x77, 0x61, 0x6c,
    0x6c, 0x70, 0x61, 0x70, 0x65, 0x72, 0x20, 0x67, 0x72, 0x61, 0x64, 0x69, 0x65, 0x6e, 0x74, 0x20,
    0x74, 0x6f, 0x70, 0x2c, 0x20, 0x20, 0x20, 0x20, 0x23, 0x52, 0x52, 0x47, 0x47, 0x42, 0x42, 0x0a,
    0x23, 0x20, 0x62, 0x67, 0x5f, 0x62, 0x6f, 0x74, 0x20, 0x20, 0x20, 0x77, 0x61, 0x6c, 0x6c, 0x70,
    0x61, 0x70, 0x65, 0x72, 0x20, 0x67, 0x72, 0x61, 0x64, 0x69, 0x65, 0x6e, 0x74, 0x20, 0x62, 0x6f,
    0x74, 0x74, 0x6f, 0x6d, 0x2c, 0x20, 0x23, 0x52, 0x52, 0x47, 0x47, 0x42, 0x42, 0x0a, 0x23, 0x20,
    0x62, 0x61, 0x63, 0x6b, 0x64, 0x72, 0x6f, 0x70, 0x20, 0x77, 0x68, 0x69, 0x63, 0x68, 0x20, 0x6f,
    0x66, 0x20, 0x74, 0x68, 0x65, 0x20, 0x66, 0x69, 0x76, 0x65, 0x20, 0x62, 0x61, 0x63, 0x6b, 0x64,
    0x72, 0x6f, 0x70, 0x73, 0x20, 0x74, 0x68, 0x65, 0x20, 0x64, 0x65, 0x73, 0x6b, 0x74, 0x6f, 0x70,
    0x20, 0x70, 0x61, 0x69, 0x6e, 0x74, 0x73, 0x3a, 0x0a, 0x23, 0x20, 0x20, 0x20, 0x20, 0x20, 0x20,
    0x20, 0x20, 0x20, 0x20, 0x77, 0x61, 0x73, 0x68, 0x20, 0x20, 0x20, 0x20, 0x28, 0x74, 0x68, 0x65,
    0x20, 0x4e, 0x65, 0x6f, 0x42, 0x65, 0x6e, 0x63, 0x68, 0x20, 0x77, 0x61, 0x73, 0x68, 0x20, 0x2d,
    0x2d, 0x20, 0x74, 0x68, 0x65, 0x20, 0x74, 0x77, 0x6f, 0x20, 0x63, 0x6f, 0x6c, 0x6f, 0x75, 0x72,
    0x73, 0x20, 0x61, 0x62, 0x6f, 0x76, 0x65, 0x29, 0x0a, 0x23, 0x20, 0x20, 0x20, 0x20, 0x20, 0x20,
    0x20, 0x20, 0x20, 0x20, 0x70, 0x61, 0x70, 0x65, 0x72, 0x20, 0x20, 0x20, 0x28, 0x77, 0x61, 0x72,
    0x6d, 0x20, 0x63, 0x72, 0x65, 0x61, 0x6d, 0x29, 0x0a, 0x23, 0x20, 0x20, 0x20, 0x20, 0x20, 0x20,
    0x20, 0x20, 0x20, 0x20, 0x61, 0x7a, 0x75, 0x72, 0x65, 0x20, 0x20, 0x20, 0x28, 0x70, 0x61, 0x6c,
    0x65, 0x20, 0x73, 0x6b, 0x79, 0x29, 0x0a, 0x23, 0x20, 0x20, 0x20, 0x20, 0x20, 0x20, 0x20, 0x20,
    0x20, 0x20, 0x64, 0x75, 0x73, 0x6b, 0x20, 0x20, 0x20, 0x20, 0x28, 0x70, 0x65, 0x61, 0x63, 0x68,
    0x20, 0x66, 0x61, 0x6c, 0x6c, 0x69, 0x6e, 0x67, 0x20, 0x74, 0x6f, 0x20, 0x6c, 0x69, 0x6c, 0x61,
    0x63, 0x29, 0x0a, 0x23, 0x20, 0x20, 0x20, 0x20, 0x20, 0x20, 0x20, 0x20, 0x20, 0x20, 0x73, 0x6c,
    0x61, 0x74, 0x65, 0x20, 0x20, 0x20, 0x28, 0x63, 0x6f, 0x6f, 0x6c, 0x20, 0x67, 0x72, 0x65, 0x79,
    0x2d, 0x62, 0x6c, 0x75, 0x65, 0x29, 0x0a, 0x23, 0x20, 0x67, 0x72, 0x69, 0x64, 0x20, 0x20, 0x20,
    0x20, 0x20, 0x68, 0x61, 0x69, 0x72, 0x6c, 0x69, 0x6e, 0x65, 0x20, 0x67, 0x72, 0x69, 0x64, 0x20,
    0x6f, 0x76, 0x65, 0x72, 0x20, 0x74, 0x68, 0x65, 0x20, 0x77, 0x61, 0x6c, 0x6c, 0x70, 0x61, 0x70,
    0x65, 0x72, 0x20, 0x28, 0x6f, 0x6e, 0x2f, 0x6f, 0x66, 0x66, 0x29, 0x0a, 0x23, 0x20, 0x67, 0x6c,
    0x6f, 0x77, 0x20, 0x20, 0x20, 0x20, 0x20, 0x68, 0x6f, 0x72, 0x69, 0x7a, 0x6f, 0x6e, 0x20, 0x67,
    0x6c, 0x6f, 0x77, 0x73, 0x20, 0x20, 0x20, 0x20, 0x20, 0x20, 0x20, 0x20, 0x20, 0x20, 0x20, 0x20,
    0x20, 0x20, 0x20, 0x28, 0x6f, 0x6e, 0x2f, 0x6f, 0x66, 0x66, 0x29, 0x0a, 0x23, 0x20, 0x74, 0x61,
    0x73, 0x6b, 0x62, 0x61, 0x72, 0x20, 0x20, 0x64, 0x72, 0x61, 0x77, 0x20, 0x74, 0x68, 0x65, 0x20,
    0x74, 0x61, 0x73, 0x6b, 0x62, 0x61, 0x72, 0x20, 0x20, 0x20, 0x20, 0x20, 0x20, 0x20, 0x20, 0x20,
    0x20, 0x20, 0x20, 0x28, 0x6f, 0x6e, 0x2f, 0x6f, 0x66, 0x66, 0x29, 0x0a, 0x23, 0x20, 0x62, 0x61,
    0x72, 0x20, 0x20, 0x20, 0x20, 0x20, 0x20, 0x74, 0x61, 0x73, 0x6b, 0x62, 0x61, 0x72, 0x20, 0x73,
    0x74, 0x79, 0x6c, 0x65, 0x3a, 0x20, 0x61, 0x65, 0x72, 0x6f, 0x20, 0x28, 0x74, 0x68, 0x65, 0x20,
    0x67, 0x6c, 0x61, 0x73, 0x73, 0x20, 0x74, 0x68, 0x65, 0x20, 0x64, 0x65, 0x73, 0x6b, 0x74, 0x6f,
    0x70, 0x20, 0x64, 0x72, 0x61, 0x77, 0x73, 0x20, 0x62, 0x79, 0x0a, 0x23, 0x20, 0x20, 0x20, 0x20,
    0x20, 0x20, 0x20, 0x20, 0x20, 0x20, 0x64, 0x65, 0x66, 0x61, 0x75, 0x6c, 0x74, 0x29, 0x20, 0x7c,
    0x20, 0x63, 0x6c, 0x61, 0x73, 0x73, 0x69, 0x63, 0x20, 0x28, 0x74, 0x68, 0x65, 0x20, 0x66, 0x6c,
    0x61, 0x74, 0x20, 0x57, 0x6f, 0x72, 0x6b, 0x62, 0x65, 0x6e, 0x63, 0x68, 0x20, 0x66, 0x69, 0x65,
    0x6c, 0x64, 0x29, 0x0a, 0x23, 0x20, 0x67, 0x6c, 0x61, 0x73, 0x73, 0x20, 0x20, 0x20, 0x20, 0x68,
    0x6f, 0x77, 0x20, 0x6d, 0x75, 0x63, 0x68, 0x20, 0x6f, 0x66, 0x20, 0x74, 0x68, 0x65, 0x20, 0x62,
    0x61, 0x63, 0x6b, 0x64, 0x72, 0x6f, 0x70, 0x20, 0x74, 0x68, 0x65, 0x20, 0x41, 0x65, 0x72, 0x6f,
    0x20, 0x62, 0x61, 0x72, 0x20, 0x73, 0x68, 0x6f, 0x77, 0x73, 0x20, 0x74, 0x68, 0x72, 0x6f, 0x75,
    0x67, 0x68, 0x2c, 0x0a, 0x23, 0x20, 0x20, 0x20, 0x20, 0x20, 0x20, 0x20, 0x20, 0x20, 0x20, 0x30,
    0x20, 0x2e, 0x2e, 0x20, 0x31, 0x30, 0x30, 0x3b, 0x20, 0x30, 0x20, 0x69, 0x73, 0x20, 0x70, 0x61,
    0x69, 0x6e, 0x74, 0x65, 0x64, 0x20, 0x73, 0x6f, 0x6c, 0x69, 0x64, 0x2c, 0x20, 0x31, 0x30, 0x30,
    0x20, 0x69, 0x73, 0x20, 0x6e, 0x65, 0x61, 0x72, 0x6c, 0x79, 0x20, 0x6e, 0x6f, 0x74, 0x20, 0x74,
    0x68, 0x65, 0x72, 0x65, 0x0a, 0x23, 0x20, 0x66, 0x6f, 0x6e, 0x74, 0x20, 0x20, 0x20, 0x20, 0x20,
    0x74, 0x65, 0x78, 0x74, 0x20, 0x66, 0x61, 0x63, 0x65, 0x3a, 0x20, 0x58, 0x65, 0x6e, 0x20, 0x28,
    0x74, 0x68, 0x65, 0x20, 0x73, 0x74, 0x61, 0x6e, 0x64, 0x61, 0x72, 0x64, 0x2c, 0x20, 0x6e, 0x69,
    0x6e, 0x65, 0x20, 0x70, 0x69, 0x78, 0x65, 0x6c, 0x73, 0x29, 0x20, 0x7c, 0x20, 0x53, 0x79, 0x73,
    0x74, 0x65, 0x6d, 0x20, 0x28, 0x38, 0x78, 0x38, 0x29, 0x0a, 0x23, 0x0a, 0x23, 0x20, 0x54, 0x68,
    0x65, 0x20, 0x62, 0x61, 0x63, 0x6b, 0x64, 0x72, 0x6f, 0x70, 0x20, 0x69, 0x74, 0x73, 0x65, 0x6c,
    0x66, 0x20, 0x69, 0x73, 0x20, 0x4e, 0x65, 0x6f, 0x42, 0x65, 0x6e, 0x63, 0x68, 0x27, 0x73, 0x20,
    0x6f, 0x77, 0x6e, 0x3a, 0x20, 0x77, 0x68, 0x69, 0x74, 0x65, 0x20, 0x66, 0x61, 0x6c, 0x6c, 0x69,
    0x6e, 0x67, 0x20, 0x74, 0x6f, 0x20, 0x6d, 0x69, 0x6e, 0x74, 0x2c, 0x20, 0x77, 0x69, 0x74, 0x68,
    0x0a, 0x23, 0x20, 0x74, 0x68, 0x65, 0x20, 0x74, 0x68, 0x72, 0x65, 0x65, 0x20, 0x68, 0x6f, 0x72,
    0x69, 0x7a, 0x6f, 0x6e, 0x20, 0x67, 0x6c, 0x6f, 0x77, 0x73, 0x2c, 0x20, 0x74, 0x68, 0x65, 0x20,
    0x68, 0x61, 0x69, 0x72, 0x6c, 0x69, 0x6e, 0x65, 0x20, 0x67, 0x72, 0x69, 0x64, 0x2c, 0x20, 0x74,
    0x68, 0x65, 0x20, 0x6d, 0x61, 0x72, 0x6b, 0x20, 0x61, 0x6e, 0x64, 0x20, 0x74, 0x68, 0x65, 0x0a,
    0x23, 0x20, 0x77, 0x6f, 0x72, 0x64, 0x6d, 0x61, 0x72, 0x6b, 0x20, 0x6c, 0x61, 0x69, 0x64, 0x20,
    0x6f, 0x76, 0x65, 0x72, 0x20, 0x69, 0x74, 0x20, 0x69, 0x6e, 0x20, 0x74, 0x68, 0x61, 0x74, 0x20,
    0x6f, 0x72, 0x64, 0x65, 0x72, 0x2e, 0x20, 0x20, 0x54, 0x68, 0x65, 0x20, 0x77, 0x61, 0x73, 0x68,
    0x20, 0x69, 0x73, 0x20, 0x77, 0x68, 0x61, 0x74, 0x20, 0x74, 0x68, 0x65, 0x73, 0x65, 0x20, 0x74,
    0x77, 0x6f, 0x0a, 0x23, 0x20, 0x67, 0x72, 0x61, 0x64, 0x69, 0x65, 0x6e, 0x74, 0x20, 0x63, 0x6f,
    0x6c, 0x6f, 0x75, 0x72, 0x73, 0x20, 0x63, 0x61, 0x72, 0x72, 0x79, 0x3b, 0x20, 0x62, 0x61, 0x63,
    0x6b, 0x64, 0x72, 0x6f, 0x70, 0x20, 0x70, 0x69, 0x63, 0x6b, 0x73, 0x20, 0x77, 0x68, 0x69, 0x63,
    0x68, 0x20, 0x6f, 0x66, 0x20, 0x74, 0x68, 0x65, 0x20, 0x66, 0x69, 0x76, 0x65, 0x20, 0x74, 0x68,
    0x65, 0x20, 0x77, 0x61, 0x73, 0x68, 0x20, 0x69, 0x73, 0x0a, 0x23, 0x20, 0x70, 0x61, 0x69, 0x6e,
    0x74, 0x65, 0x64, 0x20, 0x77, 0x69, 0x74, 0x68, 0x20, 0x28, 0x50, 0x72, 0x65, 0x66, 0x65, 0x72,
    0x65, 0x6e, 0x63, 0x65, 0x73, 0x20, 0x73, 0x68, 0x6f, 0x77, 0x73, 0x20, 0x74, 0x68, 0x65, 0x20,
    0x73, 0x61, 0x6d, 0x65, 0x20, 0x66, 0x69, 0x76, 0x65, 0x20, 0x61, 0x6e, 0x64, 0x20, 0x63, 0x68,
    0x61, 0x6e, 0x67, 0x65, 0x73, 0x20, 0x69, 0x74, 0x20, 0x61, 0x74, 0x20, 0x6f, 0x6e, 0x63, 0x65,
    0x2c, 0x0a, 0x23, 0x20, 0x62, 0x75, 0x74, 0x20, 0x6f, 0x6e, 0x6c, 0x79, 0x20, 0x74, 0x68, 0x69,
    0x73, 0x20, 0x66, 0x69, 0x6c, 0x65, 0x20, 0x64, 0x65, 0x63, 0x69, 0x64, 0x65, 0x73, 0x20, 0x77,
    0x68, 0x61, 0x74, 0x20, 0x74, 0x68, 0x65, 0x20, 0x6d, 0x61, 0x63, 0x68, 0x69, 0x6e, 0x65, 0x20,
    0x63, 0x6f, 0x6d, 0x65, 0x73, 0x20, 0x75, 0x70, 0x20, 0x77, 0x69, 0x74, 0x68, 0x29, 0x3b, 0x20,
    0x67, 0x72, 0x69, 0x64, 0x20, 0x61, 0x6e, 0x64, 0x0a, 0x23, 0x20, 0x67, 0x6c, 0x6f, 0x77, 0x20,
    0x65, 0x61, 0x63, 0x68, 0x20, 0x73, 0x77, 0x69, 0x74, 0x63, 0x68, 0x20, 0x74, 0x68, 0x65, 0x69,
    0x72, 0x20, 0x6f, 0x77, 0x6e, 0x20, 0x6c, 0x61, 0x79, 0x65, 0x72, 0x20, 0x77, 0x69, 0x74, 0x68,
    0x6f, 0x75, 0x74, 0x20, 0x72, 0x65, 0x62, 0x75, 0x69, 0x6c, 0x64, 0x69, 0x6e, 0x67, 0x20, 0x4e,
    0x65, 0x6f, 0x42, 0x65, 0x6e, 0x63, 0x68, 0x2e, 0x0a, 0x23, 0x0a, 0x23, 0x20, 0x58, 0x65, 0x6e,
    0x20, 0x69, 0x73, 0x20, 0x74, 0x68, 0x65, 0x20, 0x66, 0x61, 0x63, 0x65, 0x20, 0x4e, 0x65, 0x6f,
    0x42, 0x65, 0x6e, 0x63, 0x68, 0x20, 0x73, 0x65, 0x74, 0x73, 0x20, 0x74, 0x79, 0x70, 0x65, 0x20,
    0x69, 0x6e, 0x20, 0x65, 0x76, 0x65, 0x72, 0x79, 0x77, 0x68, 0x65, 0x72, 0x65, 0x3a, 0x20, 0x65,
    0x69, 0x67, 0x68, 0x74, 0x20, 0x70, 0x69, 0x78, 0x65, 0x6c, 0x73, 0x20, 0x6f, 0x66, 0x0a, 0x23,
    0x20, 0x61, 0x64, 0x76, 0x61, 0x6e, 0x63, 0x65, 0x2c, 0x20, 0x6e, 0x69, 0x6e, 0x65, 0x20, 0x72,
    0x6f, 0x77, 0x73, 0x2c, 0x20, 0x6f, 0x6e, 0x65, 0x20, 0x70, 0x69, 0x78, 0x65, 0x6c, 0x20, 0x73,
    0x74, 0x72, 0x6f, 0x6b, 0x65, 0x73, 0x2c, 0x20, 0x63, 0x75, 0x74, 0x20, 0x66, 0x72, 0x6f, 0x6d,
    0x20, 0x74, 0x68, 0x65, 0x20, 0x41, 0x6d, 0x69, 0x67, 0x61, 0x20, 0x66, 0x6f, 0x6e, 0x74, 0x20,
    0x6f, 0x66, 0x20, 0x74, 0x68, 0x65, 0x0a, 0x23, 0x20, 0x73, 0x61, 0x6d, 0x65, 0x20, 0x6e, 0x61,
    0x6d, 0x65, 0x20, 0x72, 0x61, 0x74, 0x68, 0x65, 0x72, 0x20, 0x74, 0x68, 0x61, 0x6e, 0x20, 0x64,
    0x72, 0x61, 0x77, 0x6e, 0x20, 0x62, 0x79, 0x20, 0x68, 0x61, 0x6e, 0x64, 0x2e, 0x20, 0x20, 0x53,
    0x79, 0x73, 0x74, 0x65, 0x6d, 0x20, 0x69, 0x73, 0x20, 0x74, 0x68, 0x65, 0x20, 0x6f, 0x6c, 0x64,
    0x65, 0x72, 0x20, 0x65, 0x69, 0x67, 0x68, 0x74, 0x20, 0x70, 0x69, 0x78, 0x65, 0x6c, 0x0a, 0x23,
    0x20, 0x63, 0x6f, 0x6e, 0x73, 0x6f, 0x6c, 0x65, 0x20, 0x66, 0x61, 0x63, 0x65, 0x2c, 0x20, 0x6b,
    0x65, 0x70, 0x74, 0x20, 0x66, 0x6f, 0x72, 0x20, 0x63, 0x6f, 0x6d, 0x70, 0x61, 0x72, 0x69, 0x73,
    0x6f, 0x6e, 0x2e, 0x0a, 0x0a, 0x6d, 0x6f, 0x64, 0x65, 0x20, 0x20, 0x20, 0x20, 0x3d, 0x20, 0x68,
    0x69, 0x72, 0x65, 0x73, 0x2d, 0x6c, 0x61, 0x63, 0x65, 0x0a, 0x77, 0x69, 0x64, 0x74, 0x68, 0x20,
    0x20, 0x20, 0x3d, 0x20, 0x36, 0x34, 0x30, 0x0a, 0x68, 0x65, 0x69, 0x67, 0x68, 0x74, 0x20, 0x20,
    0x3d, 0x20, 0x35, 0x31, 0x32, 0x0a, 0x64, 0x65, 0x70, 0x74, 0x68, 0x20, 0x20, 0x20, 0x3d, 0x20,
    0x38, 0x0a, 0x62, 0x67, 0x5f, 0x74, 0x6f, 0x70, 0x20, 0x20, 0x3d, 0x20, 0x23, 0x46, 0x46, 0x46,
    0x46, 0x46, 0x46, 0x0a, 0x62, 0x67, 0x5f, 0x62, 0x6f, 0x74, 0x20, 0x20, 0x3d, 0x20, 0x23, 0x44,
    0x43, 0x45, 0x46, 0x45, 0x36, 0x0a, 0x62, 0x61, 0x63, 0x6b, 0x64, 0x72, 0x6f, 0x70, 0x20, 0x3d,
    0x20, 0x77, 0x61, 0x73, 0x68, 0x0a, 0x67, 0x72, 0x69, 0x64, 0x20, 0x20, 0x20, 0x20, 0x3d, 0x20,
    0x6f, 0x6e, 0x0a, 0x67, 0x6c, 0x6f, 0x77, 0x20, 0x20, 0x20, 0x20, 0x3d, 0x20, 0x6f, 0x6e, 0x0a,
    0x74, 0x61, 0x73, 0x6b, 0x62, 0x61, 0x72, 0x20, 0x3d, 0x20, 0x6f, 0x6e, 0x0a, 0x62, 0x61, 0x72,
    0x20, 0x20, 0x20, 0x20, 0x20, 0x3d, 0x20, 0x61, 0x65, 0x72, 0x6f, 0x0a, 0x67, 0x6c, 0x61, 0x73,
    0x73, 0x20, 0x20, 0x20, 0x3d, 0x20, 0x32, 0x30, 0x0a, 0x66, 0x6f, 0x6e, 0x74, 0x20, 0x20, 0x20,
    0x20, 0x3d, 0x20, 0x58, 0x65, 0x6e, 0x0a, 0x00,
};

static const unsigned char d8[] = {
    0x23, 0x20, 0x4e, 0x65, 0x6f, 0x42, 0x65, 0x6e, 0x63, 0x68, 0x20, 0x73, 0x6f, 0x75, 0x6e, 0x64,
    0x20, 0x70, 0x72, 0x65, 0x66, 0x65, 0x72, 0x65, 0x6e, 0x63, 0x65, 0x73, 0x0a, 0x23, 0x0a, 0x23,
    0x20, 0x73, 0x74, 0x61, 0x72, 0x74, 0x75, 0x70, 0x20, 0x20, 0x70, 0x6c, 0x61, 0x79, 0x20, 0x74,
    0x68, 0x65, 0x20, 0x73, 0x74, 0x61, 0x72, 0x74, 0x75, 0x70, 0x20, 0x63, 0x68, 0x69, 0x6d, 0x65,
    0x20, 0x77, 0x68, 0x65, 0x6e, 0x20, 0x4e, 0x65, 0x6f, 0x42, 0x65, 0x6e, 0x63, 0x68, 0x20, 0x63,
    0x6f, 0x6d, 0x65, 0x73, 0x20, 0x75, 0x70, 0x0a, 0x23, 0x20, 0x76, 0x6f, 0x6c, 0x75, 0x6d, 0x65,
    0x20, 0x20, 0x20, 0x50, 0x61, 0x75, 0x6c, 0x61, 0x20, 0x6f, 0x75, 0x74, 0x70, 0x75, 0x74, 0x20,
    0x6c, 0x65, 0x76, 0x65, 0x6c, 0x2c, 0x20, 0x30, 0x20, 0x28, 0x73, 0x69, 0x6c, 0x65, 0x6e, 0x74,
    0x29, 0x20, 0x2e, 0x2e, 0x20, 0x36, 0x34, 0x20, 0x28, 0x6c, 0x6f, 0x75, 0x64, 0x65, 0x73, 0x74,
    0x29, 0x0a, 0x23, 0x20, 0x66, 0x69, 0x6c, 0x65, 0x20, 0x20, 0x20, 0x20, 0x20, 0x74, 0x68, 0x65,
    0x20, 0x63, 0x68, 0x69, 0x6d, 0x65, 0x2c, 0x20, 0x61, 0x73, 0x20, 0x61, 0x20, 0x70, 0x61, 0x74,
    0x68, 0x20, 0x69, 0x6e, 0x73, 0x69, 0x64, 0x65, 0x20, 0x4e, 0x65, 0x6f, 0x42, 0x65, 0x6e, 0x63,
    0x68, 0x27, 0x73, 0x20, 0x6f, 0x77, 0x6e, 0x20, 0x66, 0x69, 0x6c, 0x65, 0x20, 0x73, 0x74, 0x6f,
    0x72, 0x65, 0x0a, 0x23, 0x0a, 0x23, 0x20, 0x4d, 0x61, 0x6c, 0x66, 0x6f, 0x72, 0x6d, 0x65, 0x64,
    0x20, 0x76, 0x61, 0x6c, 0x75, 0x65, 0x73, 0x20, 0x6b, 0x65, 0x65, 0x70, 0x20, 0x74, 0x68, 0x65,
    0x69, 0x72, 0x20, 0x64, 0x65, 0x66, 0x61, 0x75, 0x6c, 0x74, 0x2c, 0x20, 0x73, 0x6f, 0x20, 0x74,
    0x68, 0x69, 0x73, 0x20, 0x66, 0x69, 0x6c, 0x65, 0x20, 0x63, 0x61, 0x6e, 0x20, 0x62, 0x65, 0x20,
    0x65, 0x64, 0x69, 0x74, 0x65, 0x64, 0x0a, 0x23, 0x20, 0x77, 0x69, 0x74, 0x68, 0x6f, 0x75, 0x74,
    0x20, 0x61, 0x20, 0x74, 0x6f, 0x6f, 0x6c, 0x20, 0x61, 0x6e, 0x64, 0x20, 0x63, 0x61, 0x6e, 0x6e,
    0x6f, 0x74, 0x20, 0x73, 0x74, 0x6f, 0x70, 0x20, 0x74, 0x68, 0x65, 0x20, 0x6d, 0x61, 0x63, 0x68,
    0x69, 0x6e, 0x65, 0x20, 0x62, 0x6f, 0x6f, 0x74, 0x69, 0x6e, 0x67, 0x2e, 0x0a, 0x0a, 0x73, 0x74,
    0x61, 0x72, 0x74, 0x75, 0x70, 0x20, 0x3d, 0x20, 0x6f, 0x6e, 0x0a, 0x76, 0x6f, 0x6c, 0x75, 0x6d,
    0x65, 0x20, 0x20, 0x3d, 0x20, 0x34, 0x38, 0x0a, 0x66, 0x69, 0x6c, 0x65, 0x20, 0x20, 0x20, 0x20,
    0x3d, 0x20, 0x43, 0x6f, 0x72, 0x65, 0x2f, 0x4d, 0x65, 0x64, 0x69, 0x61, 0x2f, 0x73, 0x74, 0x61,
    0x72, 0x74, 0x75, 0x70, 0x2e, 0x73, 0x6e, 0x64, 0x0a, 0x00,
};

static const unsigned char d11[] = {
    0x4e, 0x65, 0x6f, 0x42, 0x65, 0x6e, 0x63, 0x68, 0x20, 0x62, 0x65, 0x6e, 0x63, 0x68, 0x0a, 0x3d,
    0x3d, 0x3d, 0x3d, 0x3d, 0x3d, 0x3d, 0x3d, 0x3d, 0x3d, 0x3d, 0x3d, 0x3d, 0x3d, 0x0a, 0x0a, 0x41,
    0x20, 0x4e, 0x65, 0x6f, 0x42, 0x65, 0x6e, 0x63, 0x68, 0x2d, 0x73, 0x70, 0x65, 0x63, 0x69, 0x66,
    0x69, 0x63, 0x20, 0x62, 0x65, 0x6e, 0x63, 0x68, 0x6d, 0x61, 0x72, 0x6b, 0x20, 0x68, 0x61, 0x72,
    0x6e, 0x65, 0x73, 0x73, 0x2c, 0x20, 0x6e, 0x6f, 0x74, 0x20, 0x61, 0x20, 0x70, 0x6f, 0x72, 0x74,
    0x20, 0x6f, 0x66, 0x20, 0x61, 0x6e, 0x79, 0x74, 0x68, 0x69, 0x6e, 0x67, 0x20, 0x77, 0x72, 0x69,
    0x74, 0x74, 0x65, 0x6e, 0x0a, 0x66, 0x6f, 0x72, 0x20, 0x41, 0x6d, 0x69, 0x67, 0x61, 0x44, 0x4f,
    0x53, 0x2e, 0x20, 0x20, 0x45, 0x76, 0x65, 0x72, 0x79, 0x74, 0x68, 0x69, 0x6e, 0x67, 0x20, 0x68,
    0x65, 0x72, 0x65, 0x20, 0x6d, 0x65, 0x61, 0x73, 0x75, 0x72, 0x65, 0x73, 0x20, 0x74, 0x68, 0x65,
    0x20, 0x6d, 0x61, 0x63, 0x68, 0x69, 0x6e, 0x65, 0x20, 0x64, 0x69, 0x72, 0x65, 0x63, 0x74, 0x6c,
    0x79, 0x3a, 0x0a, 0x0a, 0x20, 0x20, 0x6d, 0x69, 0x70, 0x73, 0x20, 0x20, 0x20, 0x20, 0x20, 0x20,
    0x20, 0x20, 0x69, 0x6e, 0x74, 0x65, 0x67, 0x65, 0x72, 0x20, 0x6c, 0x6f, 0x6f, 0x70, 0x20, 0x61,
    0x67, 0x61, 0x69, 0x6e, 0x73, 0x74, 0x20, 0x74, 0x68, 0x65, 0x20, 0x36, 0x38, 0x30, 0x36, 0x30,
    0x20, 0x61, 0x74, 0x20, 0x74, 0x68, 0x65, 0x20, 0x64, 0x65, 0x74, 0x65, 0x63, 0x74, 0x65, 0x64,
    0x20, 0x63, 0x6c, 0x6f, 0x63, 0x6b, 0x0a, 0x20, 0x20, 0x66, 0x70, 0x75, 0x20, 0x20, 0x20, 0x20,
    0x20, 0x20, 0x20, 0x20, 0x20, 0x64, 0x6f, 0x75, 0x62, 0x6c, 0x65, 0x20, 0x70, 0x72, 0x65, 0x63,
    0x69, 0x73, 0x69, 0x6f, 0x6e, 0x20, 0x61, 0x64, 0x64, 0x2f, 0x6d, 0x75, 0x6c, 0x2f, 0x64, 0x69,
    0x76, 0x20, 0x74, 0x68, 0x72, 0x6f, 0x75, 0x67, 0x68, 0x20, 0x74, 0x68, 0x65, 0x20, 0x46, 0x50,
    0x55, 0x20, 0x70, 0x72, 0x6f, 0x62, 0x65, 0x20, 0x70, 0x61, 0x74, 0x68, 0x0a, 0x20, 0x20, 0x6d,
    0x65, 0x6d, 0x20, 0x20, 0x20, 0x20, 0x20, 0x20, 0x20, 0x20, 0x20, 0x73, 0x65, 0x71, 0x75, 0x65,
    0x6e, 0x74, 0x69, 0x61, 0x6c, 0x20, 0x61, 0x6e, 0x64, 0x20, 0x72, 0x61, 0x6e, 0x64, 0x6f, 0x6d,
    0x20, 0x61, 0x63, 0x63, 0x65, 0x73, 0x73, 0x20, 0x61, 0x63, 0x72, 0x6f, 0x73, 0x73, 0x20, 0x66,
    0x61, 0x73, 0x74, 0x20, 0x52, 0x41, 0x4d, 0x0a, 0x20, 0x20, 0x63, 0x68, 0x69, 0x70, 0x20, 0x20,
    0x20, 0x20, 0x20, 0x20, 0x20, 0x20, 0x63, 0x68, 0x69, 0x70, 0x20, 0x52, 0x41, 0x4d, 0x20, 0x62,
    0x61, 0x6e, 0x64, 0x77, 0x69, 0x64, 0x74, 0x68, 0x20, 0x75, 0x6e, 0x64, 0x65, 0x72, 0x20, 0x65,
    0x69, 0x67, 0x68, 0x74, 0x2d, 0x70, 0x6c, 0x61, 0x6e, 0x65, 0x20, 0x66, 0x65, 0x74, 0x63, 0x68,
    0x0a, 0x20, 0x20, 0x62, 0x6c, 0x69, 0x74, 0x20, 0x20, 0x20, 0x20, 0x20, 0x20, 0x20, 0x20, 0x63,
    0x68, 0x69, 0x70, 0x73, 0x65, 0x74, 0x20, 0x62, 0x6c, 0x69, 0x74, 0x74, 0x65, 0x72, 0x20, 0x66,
    0x69, 0x6c, 0x6c, 0x20, 0x61, 0x6e, 0x64, 0x20, 0x63, 0x6f, 0x70, 0x79, 0x2c, 0x20, 0x33, 0x32,
    0x2d, 0x62, 0x69, 0x74, 0x20, 0x66, 0x65, 0x74, 0x63, 0x68, 0x0a, 0x20, 0x20, 0x67, 0x66, 0x78,
    0x20, 0x20, 0x20, 0x20, 0x20, 0x20, 0x20, 0x20, 0x20, 0x62, 0x61, 0x63, 0x6b, 0x2d, 0x62, 0x75,
    0x66, 0x66, 0x65, 0x72, 0x20, 0x63, 0x6f, 0x6d, 0x70, 0x6f, 0x73, 0x69, 0x74, 0x65, 0x20, 0x61,
    0x6e, 0x64, 0x20, 0x6d, 0x65, 0x64, 0x69, 0x61, 0x6e, 0x2d, 0x63, 0x75, 0x74, 0x20, 0x70, 0x72,
    0x65, 0x73, 0x65, 0x6e, 0x74, 0x2c, 0x20, 0x74, 0x68, 0x65, 0x20, 0x63, 0x6f, 0x73, 0x74, 0x0a,
    0x20, 0x20, 0x20, 0x20, 0x20, 0x20, 0x20, 0x20, 0x20, 0x20, 0x20, 0x20, 0x20, 0x20, 0x74, 0x68,
    0x65, 0x20, 0x64, 0x65, 0x73, 0x6b, 0x74, 0x6f, 0x70, 0x20, 0x70, 0x61, 0x79, 0x73, 0x20, 0x6f,
    0x6e, 0x20, 0x65, 0x76, 0x65, 0x72, 0x79, 0x20, 0x72, 0x65, 0x70, 0x61, 0x69, 0x6e, 0x74, 0x0a,
    0x0a, 0x52, 0x65, 0x73, 0x75, 0x6c, 0x74, 0x73, 0x20, 0x61, 0x72, 0x65, 0x20, 0x72, 0x65, 0x70,
    0x6f, 0x72, 0x74, 0x65, 0x64, 0x20, 0x69, 0x6e, 0x20, 0x74, 0x68, 0x65, 0x20, 0x62, 0x6f, 0x6f,
    0x74, 0x20, 0x6c, 0x6f, 0x67, 0x20, 0x73, 0x74, 0x79, 0x6c, 0x65, 0x3a, 0x20, 0x5b, 0x20, 0x20,
    0x4f, 0x4b, 0x20, 0x20, 0x5d, 0x20, 0x61, 0x67, 0x61, 0x69, 0x6e, 0x73, 0x74, 0x20, 0x74, 0x68,
    0x65, 0x0a, 0x72, 0x65, 0x66, 0x65, 0x72, 0x65, 0x6e, 0x63, 0x65, 0x20, 0x6d, 0x61, 0x63, 0x68,
    0x69, 0x6e, 0x65, 0x2c, 0x20, 0x5b, 0x20, 0x57, 0x41, 0x52, 0x4e, 0x20, 0x5d, 0x20, 0x77, 0x68,
    0x65, 0x6e, 0x20, 0x74, 0x68, 0x65, 0x20, 0x62, 0x6f, 0x61, 0x72, 0x64, 0x20, 0x69, 0x73, 0x20,
    0x73, 0x6c, 0x6f, 0x77, 0x2c, 0x20, 0x5b, 0x20, 0x46, 0x41, 0x49, 0x4c, 0x45, 0x44, 0x20, 0x5d,
    0x20, 0x77, 0x68, 0x65, 0x6e, 0x0a, 0x74, 0x68, 0x65, 0x20, 0x6d, 0x65, 0x61, 0x73, 0x75, 0x72,
    0x65, 0x6d, 0x65, 0x6e, 0x74, 0x20, 0x63, 0x6f, 0x75, 0x6c, 0x64, 0x20, 0x6e, 0x6f, 0x74, 0x20,
    0x62, 0x65, 0x20, 0x74, 0x61, 0x6b, 0x65, 0x6e, 0x20, 0x61, 0x74, 0x20, 0x61, 0x6c, 0x6c, 0x2e,
    0x0a, 0x0a, 0x00,
};

static const unsigned char d13[] = {
    0x23, 0x20, 0x4e, 0x65, 0x6f, 0x42, 0x65, 0x6e, 0x63, 0x68, 0x20, 0x70, 0x72, 0x6f, 0x67, 0x72,
    0x61, 0x6d, 0x20, 0x65, 0x6e, 0x74, 0x72, 0x79, 0x20, 0x2d, 0x2d, 0x20, 0x73, 0x65, 0x65, 0x20,
    0x54, 0x6f, 0x6f, 0x6c, 0x73, 0x2f, 0x43, 0x6c, 0x6f, 0x63, 0x6b, 0x20, 0x66, 0x6f, 0x72, 0x20,
    0x77, 0x68, 0x61, 0x74, 0x20, 0x74, 0x68, 0x65, 0x20, 0x22, 0x70, 0x72, 0x6f, 0x67, 0x72, 0x61,
    0x6d, 0x20, 0x3d, 0x22, 0x0a, 0x23, 0x20, 0x6c, 0x69, 0x6e, 0x65, 0x20, 0x64, 0x6f, 0x65, 0x73,
    0x20, 0x61, 0x6e, 0x64, 0x20, 0x54, 0x6f, 0x6f, 0x6c, 0x73, 0x2f, 0x4e, 0x65, 0x6f, 0x54, 0x65,
    0x78, 0x74, 0x20, 0x66, 0x6f, 0x72, 0x20, 0x77, 0x68, 0x65, 0x72, 0x65, 0x20, 0x74, 0x68, 0x65,
    0x20, 0x63, 0x6f, 0x6e, 0x76, 0x65, 0x6e, 0x74, 0x69, 0x6f, 0x6e, 0x20, 0x73, 0x74, 0x61, 0x72,
    0x74, 0x65, 0x64, 0x2e, 0x0a, 0x23, 0x0a, 0x23, 0x20, 0x41, 0x62, 0x6f, 0x75, 0x74, 0x20, 0x62,
    0x65, 0x6c, 0x6f, 0x6e, 0x67, 0x73, 0x20, 0x77, 0x69, 0x74, 0x68, 0x20, 0x74, 0x68, 0x65, 0x20,
    0x64, 0x6f, 0x63, 0x75, 0x6d, 0x65, 0x6e, 0x74, 0x61, 0x74, 0x69, 0x6f, 0x6e, 0x20, 0x72, 0x61,
    0x74, 0x68, 0x65, 0x72, 0x20, 0x74, 0x68, 0x61, 0x6e, 0x20, 0x77, 0x69, 0x74, 0x68, 0x20, 0x74,
    0x68, 0x65, 0x20, 0x74, 0x6f, 0x6f, 0x6c, 0x73, 0x3a, 0x20, 0x69, 0x74, 0x0a, 0x23, 0x20, 0x73,
    0x61, 0x79, 0x73, 0x20, 0x77, 0x68, 0x61, 0x74, 0x20, 0x74, 0x68, 0x69, 0x73, 0x20, 0x69, 0x73,
    0x20, 0x61, 0x6e, 0x64, 0x20, 0x77, 0x68, 0x61, 0x74, 0x20, 0x76, 0x65, 0x72, 0x73, 0x69, 0x6f,
    0x6e, 0x20, 0x69, 0x74, 0x20, 0x69, 0x73, 0x2c, 0x20, 0x77, 0x68, 0x69, 0x63, 0x68, 0x20, 0x69,
    0x73, 0x20, 0x74, 0x68, 0x65, 0x20, 0x66, 0x69, 0x72, 0x73, 0x74, 0x20, 0x74, 0x68, 0x69, 0x6e,
    0x67, 0x0a, 0x23, 0x20, 0x61, 0x6e, 0x79, 0x6f, 0x6e, 0x65, 0x20, 0x72, 0x65, 0x61, 0x64, 0x69,
    0x6e, 0x67, 0x20, 0x43, 0x6f, 0x72, 0x65, 0x2f, 0x44, 0x6f, 0x63, 0x73, 0x20, 0x77, 0x61, 0x6e,
    0x74, 0x73, 0x20, 0x74, 0x6f, 0x20, 0x62, 0x65, 0x20, 0x74, 0x6f, 0x6c, 0x64, 0x2c, 0x20, 0x61,
    0x6e, 0x64, 0x20, 0x74, 0x68, 0x65, 0x20, 0x64, 0x72, 0x61, 0x77, 0x65, 0x72, 0x20, 0x69, 0x73,
    0x20, 0x77, 0x68, 0x65, 0x72, 0x65, 0x0a, 0x23, 0x20, 0x74, 0x68, 0x65, 0x79, 0x20, 0x61, 0x72,
    0x65, 0x20, 0x73, 0x74, 0x61, 0x6e, 0x64, 0x69, 0x6e, 0x67, 0x20, 0x77, 0x68, 0x65, 0x6e, 0x20,
    0x74, 0x68, 0x65, 0x79, 0x20, 0x77, 0x61, 0x6e, 0x74, 0x20, 0x69, 0x74, 0x2e, 0x20, 0x20, 0x46,
    0x69, 0x6c, 0x65, 0x64, 0x20, 0x68, 0x65, 0x72, 0x65, 0x20, 0x69, 0x74, 0x20, 0x6f, 0x70, 0x65,
    0x6e, 0x73, 0x20, 0x62, 0x65, 0x73, 0x69, 0x64, 0x65, 0x20, 0x74, 0x68, 0x65, 0x0a, 0x23, 0x20,
    0x67, 0x75, 0x69, 0x64, 0x65, 0x20, 0x61, 0x6e, 0x64, 0x20, 0x74, 0x68, 0x65, 0x20, 0x72, 0x65,
    0x61, 0x64, 0x6d, 0x65, 0x2c, 0x20, 0x77, 0x68, 0x69, 0x63, 0x68, 0x20, 0x69, 0x73, 0x20, 0x77,
    0x68, 0x65, 0x72, 0x65, 0x20, 0x74, 0x68, 0x65, 0x20, 0x61, 0x6e, 0x73, 0x77, 0x65, 0x72, 0x20,
    0x74, 0x6f, 0x20, 0x22, 0x77, 0x68, 0x61, 0x74, 0x20, 0x69, 0x73, 0x20, 0x74, 0x68, 0x69, 0x73,
    0x3f, 0x22, 0x0a, 0x23, 0x20, 0x6f, 0x75, 0x67, 0x68, 0x74, 0x20, 0x74, 0x6f, 0x20, 0x6c, 0x69,
    0x76, 0x65, 0x2e, 0x0a, 0x23, 0x0a, 0x23, 0x20, 0x49, 0x74, 0x20, 0x69, 0x73, 0x20, 0x73, 0x74,
    0x69, 0x6c, 0x6c, 0x20, 0x6f, 0x6e, 0x20, 0x74, 0x68, 0x65, 0x20, 0x73, 0x74, 0x61, 0x72, 0x74,
    0x20, 0x6d, 0x65, 0x6e, 0x75, 0x20, 0x61, 0x73, 0x20, 0x77, 0x65, 0x6c, 0x6c, 0x20, 0x2d, 0x2d,
    0x20, 0x74, 0x68, 0x69, 0x73, 0x20, 0x69, 0x73, 0x20, 0x6f, 0x6e, 0x65, 0x20, 0x6d, 0x6f, 0x72,
    0x65, 0x20, 0x77, 0x61, 0x79, 0x20, 0x74, 0x6f, 0x20, 0x69, 0x74, 0x2c, 0x0a, 0x23, 0x20, 0x6e,
    0x6f, 0x74, 0x20, 0x74, 0x68, 0x65, 0x20, 0x6f, 0x6e, 0x6c, 0x79, 0x20, 0x6f, 0x6e, 0x65, 0x2e,
    0x0a, 0x0a, 0x70, 0x72, 0x6f, 0x67, 0x72, 0x61, 0x6d, 0x20, 0x3d, 0x20, 0x61, 0x62, 0x6f, 0x75,
    0x74, 0x0a, 0x00,
};

static const unsigned char d14[] = {
    0x4e, 0x65, 0x6f, 0x42, 0x65, 0x6e, 0x63, 0x68, 0x20, 0x63, 0x68, 0x61, 0x6e, 0x67, 0x65, 0x6c,
    0x6f, 0x67, 0x0a, 0x3d, 0x3d, 0x3d, 0x3d, 0x3d, 0x3d, 0x3d, 0x3d, 0x3d, 0x3d, 0x3d, 0x3d, 0x3d,
    0x3d, 0x3d, 0x3d, 0x3d, 0x3d, 0x0a, 0x0a, 0x30, 0x2e, 0x31, 0x2e, 0x37, 0x0a, 0x20, 0x20, 0x54,
    0x68, 0x65, 0x72, 0x65, 0x20, 0x69, 0x73, 0x20, 0x61, 0x6e, 0x20, 0x69, 0x6e, 0x73, 0x74, 0x61,
    0x6c, 0x6c, 0x20, 0x64, 0x69, 0x73, 0x63, 0x20, 0x6e, 0x6f, 0x77, 0x2c, 0x20, 0x61, 0x6e, 0x64,
    0x20, 0x22, 0x6d, 0x61, 0x6b, 0x65, 0x20, 0x69, 0x73, 0x6f, 0x22, 0x20, 0x70, 0x72, 0x65, 0x73,
    0x73, 0x65, 0x73, 0x20, 0x69, 0x74, 0x3a, 0x20, 0x66, 0x69, 0x76, 0x65, 0x20, 0x6d, 0x65, 0x67,
    0x73, 0x20, 0x6f, 0x66, 0x0a, 0x20, 0x20, 0x20, 0x20, 0x70, 0x6c, 0x61, 0x69, 0x6e, 0x20, 0x49,
    0x53, 0x4f, 0x20, 0x39, 0x36, 0x36, 0x30, 0x20, 0x2d, 0x2d, 0x20, 0x4e, 0x42, 0x46, 0x53, 0x2e,
    0x49, 0x4d, 0x47, 0x20, 0x61, 0x73, 0x20, 0x74, 0x68, 0x65, 0x20, 0x70, 0x61, 0x79, 0x6c, 0x6f,
    0x61, 0x64, 0x2c, 0x20, 0x74, 0x68, 0x65, 0x20, 0x68, 0x75, 0x6e, 0x6b, 0x20, 0x65, 0x78, 0x65,
    0x63, 0x75, 0x74, 0x61, 0x62, 0x6c, 0x65, 0x2c, 0x20, 0x74, 0x68, 0x65, 0x0a, 0x20, 0x20, 0x20,
    0x20, 0x52, 0x4f, 0x4d, 0x20, 0x61, 0x6e, 0x64, 0x20, 0x74, 0x68, 0x65, 0x20, 0x74, 0x68, 0x72,
    0x65, 0x65, 0x20, 0x74, 0x65, 0x78, 0x74, 0x20, 0x66, 0x69, 0x6c, 0x65, 0x73, 0x20, 0x2d, 0x2d,
    0x20, 0x77, 0x69, 0x74, 0x68, 0x20, 0x4e, 0x65, 0x6f, 0x42, 0x65, 0x6e, 0x63, 0x68, 0x27, 0x73,
    0x20, 0x4e, 0x42, 0x49, 0x53, 0x4f, 0x20, 0x69, 0x6e, 0x73, 0x74, 0x61, 0x6c, 0x6c, 0x65, 0x72,
    0x0a, 0x20, 0x20, 0x20, 0x20, 0x62, 0x6c, 0x6f, 0x63, 0x6b, 0x20, 0x69, 0x6e, 0x20, 0x73, 0x65,
    0x63, 0x74, 0x6f, 0x72, 0x20, 0x30, 0x2c, 0x20, 0x77, 0x68, 0x65, 0x72, 0x65, 0x20, 0x61, 0x20,
    0x62, 0x6f, 0x6f, 0x74, 0x20, 0x66, 0x6c, 0x6f, 0x70, 0x70, 0x79, 0x20, 0x6b, 0x65, 0x65, 0x70,
    0x73, 0x20, 0x69, 0x74, 0x73, 0x20, 0x62, 0x6f, 0x6f, 0x74, 0x20, 0x62, 0x6c, 0x6f, 0x63, 0x6b,
    0x2e, 0x20, 0x20, 0x54, 0x68, 0x65, 0x0a, 0x20, 0x20, 0x20, 0x20, 0x64, 0x69, 0x73, 0x63, 0x20,
    0x64, 0x6f, 0x65, 0x73, 0x20, 0x6e, 0x6f, 0x74, 0x20, 0x63, 0x6c, 0x61, 0x69, 0x6d, 0x20, 0x74,
    0x6f, 0x20, 0x62, 0x6f, 0x6f, 0x74, 0x20, 0x74, 0x68, 0x65, 0x20, 0x6d, 0x61, 0x63, 0x68, 0x69,
    0x6e, 0x65, 0x2c, 0x20, 0x62, 0x65, 0x63, 0x61, 0x75, 0x73, 0x65, 0x20, 0x61, 0x20, 0x64, 0x65,
    0x73, 0x6b, 0x74, 0x6f, 0x70, 0x20, 0x41, 0x6d, 0x69, 0x67, 0x61, 0x0a, 0x20, 0x20, 0x20, 0x20,
    0x63, 0x61, 0x6e, 0x6e, 0x6f, 0x74, 0x20, 0x62, 0x65, 0x20, 0x74, 0x61, 0x6c, 0x6b, 0x65, 0x64,
    0x20, 0x69, 0x6e, 0x74, 0x6f, 0x20, 0x69, 0x74, 0x3a, 0x20, 0x45, 0x61, 0x72, 0x6c, 0x79, 0x20,
    0x53, 0x74, 0x61, 0x72, 0x74, 0x75, 0x70, 0x20, 0x43, 0x6f, 0x6e, 0x74, 0x72, 0x6f, 0x6c, 0x20,
    0x6c, 0x69, 0x73, 0x74, 0x73, 0x20, 0x68, 0x61, 0x72, 0x64, 0x20, 0x64, 0x69, 0x73, 0x6b, 0x0a,
    0x20, 0x20, 0x20, 0x20, 0x70, 0x61, 0x72, 0x74, 0x69, 0x74, 0x69, 0x6f, 0x6e, 0x73, 0x20, 0x61,
    0x6e, 0x64, 0x20, 0x66, 0x6c, 0x6f, 0x70, 0x70, 0x69, 0x65, 0x73, 0x20, 0x6f, 0x6e, 0x6c, 0x79,
    0x2c, 0x20, 0x61, 0x6e, 0x64, 0x20, 0x43, 0x44, 0x20, 0x62, 0x6f, 0x6f, 0x74, 0x20, 0x6c, 0x69,
    0x76, 0x65, 0x73, 0x20, 0x62, 0x65, 0x68, 0x69, 0x6e, 0x64, 0x20, 0x74, 0x68, 0x65, 0x20, 0x43,
    0x44, 0x54, 0x56, 0x20, 0x61, 0x6e, 0x64, 0x0a, 0x20, 0x20, 0x20, 0x20, 0x43, 0x44, 0x33, 0x32,
    0x20, 0x52, 0x4f, 0x4d, 0x73, 0x2e, 0x20, 0x20, 0x57, 0x68, 0x61, 0x74, 0x20, 0x68, 0x61, 0x70,
    0x70, 0x65, 0x6e, 0x73, 0x20, 0x69, 0x6e, 0x73, 0x74, 0x65, 0x61, 0x64, 0x20, 0x69, 0x73, 0x20,
    0x77, 0x72, 0x69, 0x74, 0x74, 0x65, 0x6e, 0x20, 0x69, 0x6e, 0x20, 0x49, 0x4e, 0x53, 0x54, 0x41,
    0x4c, 0x4c, 0x2e, 0x54, 0x58, 0x54, 0x20, 0x2d, 0x2d, 0x20, 0x74, 0x68, 0x65, 0x0a, 0x20, 0x20,
    0x20, 0x20, 0x52, 0x4f, 0x4d, 0x20, 0x62, 0x6f, 0x6f, 0x74, 0x73, 0x2c, 0x20, 0x74, 0x68, 0x65,
    0x20, 0x41, 0x54, 0x41, 0x50, 0x49, 0x20, 0x64, 0x72, 0x69, 0x76, 0x65, 0x72, 0x20, 0x72, 0x65,
    0x61, 0x64, 0x73, 0x20, 0x73, 0x65, 0x63, 0x74, 0x6f, 0x72, 0x20, 0x30, 0x2c, 0x20, 0x66, 0x69,
    0x6e, 0x64, 0x73, 0x20, 0x4e, 0x42, 0x49, 0x53, 0x4f, 0x2c, 0x20, 0x6d, 0x6f, 0x75, 0x6e, 0x74,
    0x73, 0x20, 0x74, 0x68, 0x65, 0x0a, 0x20, 0x20, 0x20, 0x20, 0x76, 0x6f, 0x6c, 0x75, 0x6d, 0x65,
    0x20, 0x77, 0x69, 0x74, 0x68, 0x20, 0x4e, 0x65, 0x6f, 0x42, 0x65, 0x6e, 0x63, 0x68, 0x27, 0x73,
    0x20, 0x6f, 0x77, 0x6e, 0x20, 0x49, 0x53, 0x4f, 0x20, 0x39, 0x36, 0x36, 0x30, 0x20, 0x72, 0x65,
    0x61, 0x64, 0x65, 0x72, 0x20, 0x61, 0x6e, 0x64, 0x20, 0x72, 0x75, 0x6e, 0x73, 0x20, 0x74, 0x68,
    0x65, 0x0a, 0x20, 0x20, 0x20, 0x20, 0x69, 0x6e, 0x73, 0x74, 0x61, 0x6c, 0x6c, 0x61, 0x74, 0x69,
    0x6f, 0x6e, 0x20, 0x66, 0x72, 0x6f, 0x6d, 0x20, 0x77, 0x68, 0x61, 0x74, 0x20, 0x74, 0x68, 0x65,
    0x20, 0x64, 0x69, 0x73, 0x63, 0x20, 0x63, 0x61, 0x72, 0x72, 0x69, 0x65, 0x73, 0x2e, 0x0a, 0x20,
    0x20, 0x54, 0x68, 0x65, 0x20, 0x69, 0x6e, 0x73, 0x74, 0x61, 0x6c, 0x6c, 0x61, 0x74, 0x69, 0x6f,
    0x6e, 0x20, 0x77, 0x72, 0x69, 0x74, 0x65, 0x73, 0x20, 0x6f, 0x6e, 0x6c, 0x79, 0x20, 0x61, 0x20,
    0x62, 0x6c, 0x61, 0x6e, 0x6b, 0x20, 0x64, 0x69, 0x73, 0x6b, 0x2e, 0x20, 0x20, 0x41, 0x20, 0x66,
    0x69, 0x72, 0x73, 0x74, 0x20, 0x73, 0x65, 0x63, 0x74, 0x6f, 0x72, 0x20, 0x6f, 0x66, 0x20, 0x61,
    0x6c, 0x6c, 0x0a, 0x20, 0x20, 0x20, 0x20, 0x7a, 0x65, 0x72, 0x6f, 0x65, 0x73, 0x20, 0x69, 0x73,
    0x20, 0x74, 0x68, 0x65, 0x20, 0x6f, 0x6e, 0x6c, 0x79, 0x20, 0x69, 0x6e, 0x76, 0x69, 0x74, 0x61,
    0x74, 0x69, 0x6f, 0x6e, 0x3a, 0x20, 0x4e, 0x42, 0x46, 0x53, 0x2e, 0x49, 0x4d, 0x47, 0x20, 0x69,
    0x73, 0x20, 0x73, 0x74, 0x72, 0x65, 0x61, 0x6d, 0x65, 0x64, 0x20, 0x66, 0x72, 0x6f, 0x6d, 0x20,
    0x64, 0x69, 0x73, 0x63, 0x0a, 0x20, 0x20, 0x20, 0x20, 0x73, 0x65, 0x63, 0x74, 0x6f, 0x72, 0x20,
    0x6f, 0x6e, 0x74, 0x6f, 0x20, 0x66, 0x6f, 0x75, 0x72, 0x20, 0x64, 0x69, 0x73, 0x6b, 0x20, 0x73,
    0x65, 0x63, 0x74, 0x6f, 0x72, 0x73, 0x20, 0x77, 0x69, 0x74, 0x68, 0x20, 0x74, 0x68, 0x65, 0x20,
    0x74, 0x61, 0x69, 0x6c, 0x20, 0x7a, 0x65, 0x72, 0x6f, 0x2d, 0x70, 0x61, 0x64, 0x64, 0x65, 0x64,
    0x2c, 0x20, 0x74, 0x68, 0x72, 0x65, 0x65, 0x0a, 0x20, 0x20, 0x20, 0x20, 0x61, 0x74, 0x74, 0x65,
    0x6d, 0x70, 0x74, 0x73, 0x20, 0x74, 0x6f, 0x20, 0x61, 0x20, 0x63, 0x68, 0x75, 0x6e, 0x6b, 0x2c,
    0x20, 0x65, 0x76, 0x65, 0x72, 0x79, 0x20, 0x63, 0x68, 0x75, 0x6e, 0x6b, 0x20, 0x72, 0x65, 0x61,
    0x64, 0x20, 0x62, 0x61, 0x63, 0x6b, 0x20, 0x61, 0x6e, 0x64, 0x20, 0x63, 0x6f, 0x6d, 0x70, 0x61,
    0x72, 0x65, 0x64, 0x20, 0x61, 0x6e, 0x64, 0x20, 0x74, 0x68, 0x65, 0x6e, 0x0a, 0x20, 0x20, 0x20,
    0x20, 0x72, 0x65, 0x61, 0x64, 0x20, 0x61, 0x20, 0x73, 0x65, 0x63, 0x6f, 0x6e, 0x64, 0x20, 0x74,
    0x69, 0x6d, 0x65, 0x20, 0x61, 0x6e, 0x64, 0x20, 0x63, 0x6f, 0x6d, 0x70, 0x61, 0x72, 0x65, 0x64,
    0x20, 0x61, 0x67, 0x61, 0x69, 0x6e, 0x2e, 0x20, 0x20, 0x4f, 0x75, 0x72, 0x20, 0x62, 0x6f, 0x6f,
    0x74, 0x20, 0x62, 0x6c, 0x6f, 0x63, 0x6b, 0x20, 0x77, 0x69, 0x74, 0x68, 0x20, 0x61, 0x0a, 0x20,
    0x20, 0x20, 0x20, 0x72, 0x65, 0x61, 0x64, 0x61, 0x62, 0x6c, 0x65, 0x20, 0x73, 0x75, 0x70, 0x65,
    0x72, 0x62, 0x6c, 0x6f, 0x63, 0x6b, 0x20, 0x6e, 0x61, 0x6d, 0x65, 0x73, 0x20, 0x74, 0x68, 0x65,
    0x20, 0x76, 0x6f, 0x6c, 0x75, 0x6d, 0x65, 0x20, 0x61, 0x6e, 0x64, 0x20, 0x69, 0x73, 0x20, 0x6c,
    0x65, 0x66, 0x74, 0x20, 0x61, 0x6c, 0x6f, 0x6e, 0x65, 0x2c, 0x20, 0x6f, 0x75, 0x72, 0x20, 0x62,
    0x6f, 0x6f, 0x74, 0x0a, 0x20, 0x20, 0x20, 0x20, 0x62, 0x6c, 0x6f, 0x63, 0x6b, 0x20, 0x77, 0x69,
    0x74, 0x68, 0x6f, 0x75, 0x74, 0x20, 0x6f, 0x6e, 0x65, 0x20, 0x72, 0x65, 0x70, 0x6f, 0x72, 0x74,
    0x73, 0x20, 0x61, 0x20, 0x64, 0x61, 0x6d, 0x61, 0x67, 0x65, 0x64, 0x20, 0x76, 0x6f, 0x6c, 0x75,
    0x6d, 0x65, 0x20, 0x61, 0x6e, 0x64, 0x20, 0x69, 0x73, 0x20, 0x6c, 0x65, 0x66, 0x74, 0x20, 0x61,
    0x6c, 0x6f, 0x6e, 0x65, 0x2c, 0x20, 0x61, 0x6e, 0x64, 0x0a, 0x20, 0x20, 0x20, 0x20, 0x61, 0x6e,
    0x79, 0x74, 0x68, 0x69, 0x6e, 0x67, 0x20, 0x65, 0x6c, 0x73, 0x65, 0x20, 0x72, 0x65, 0x70, 0x6f,
    0x72, 0x74, 0x73, 0x20, 0x61, 0x20, 0x72, 0x65, 0x66, 0x75, 0x73, 0x61, 0x6c, 0x20, 0x61, 0x6e,
    0x64, 0x20, 0x69, 0x73, 0x20, 0x6c, 0x65, 0x66, 0x74, 0x20, 0x61, 0x6c, 0x6f, 0x6e, 0x65, 0x2e,
    0x20, 0x20, 0x4e, 0x6f, 0x74, 0x68, 0x69, 0x6e, 0x67, 0x0a, 0x20, 0x20, 0x20, 0x20, 0x66, 0x6f,
    0x72, 0x6d, 0x61, 0x74, 0x73, 0x3a, 0x20, 0x6f, 0x6e, 0x6c, 0x79, 0x20, 0x74, 0x68, 0x65, 0x20,
    0x73, 0x65, 0x63, 0x74, 0x6f, 0x72, 0x73, 0x20, 0x6f, 0x66, 0x20, 0x74, 0x68, 0x65, 0x20, 0x69,
    0x6d, 0x61, 0x67, 0x65, 0x20, 0x61, 0x72, 0x65, 0x20, 0x74, 0x6f, 0x75, 0x63, 0x68, 0x65, 0x64,
    0x2e, 0x20, 0x20, 0x45, 0x76, 0x65, 0x72, 0x79, 0x20, 0x76, 0x65, 0x72, 0x64, 0x69, 0x63, 0x74,
    0x0a, 0x20, 0x20, 0x20, 0x20, 0x61, 0x70, 0x70, 0x65, 0x61, 0x72, 0x73, 0x20, 0x6f, 0x6e, 0x20,
    0x74, 0x68, 0x65, 0x20, 0x73, 0x65, 0x72, 0x69, 0x61, 0x6c, 0x20, 0x6c, 0x69, 0x6e, 0x65, 0x20,
    0x61, 0x73, 0x20, 0x22, 0x3e, 0x69, 0x6e, 0x73, 0x74, 0x61, 0x6c, 0x6c, 0x20, 0x73, 0x74, 0x61,
    0x74, 0x65, 0x3d, 0x2e, 0x2e, 0x2e, 0x22, 0x2e, 0x0a, 0x20, 0x20, 0x54, 0x68, 0x65, 0x20, 0x41,
    0x54, 0x41, 0x50, 0x49, 0x20, 0x64, 0x72, 0x69, 0x76, 0x65, 0x72, 0x20, 0x61, 0x73, 0x6b, 0x73,
    0x20, 0x66, 0x6f, 0x72, 0x20, 0x61, 0x20, 0x77, 0x68, 0x6f, 0x6c, 0x65, 0x20, 0x73, 0x65, 0x63,
    0x74, 0x6f, 0x72, 0x2e, 0x20, 0x20, 0x24, 0x46, 0x46, 0x46, 0x46, 0x20, 0x67, 0x6f, 0x65, 0x73,
    0x20, 0x69, 0x6e, 0x74, 0x6f, 0x20, 0x74, 0x68, 0x65, 0x0a, 0x20, 0x20, 0x20, 0x20, 0x63, 0x79,
    0x6c, 0x69, 0x6e, 0x64, 0x65, 0x72, 0x20, 0x72, 0x65, 0x67, 0x69, 0x73, 0x74, 0x65, 0x72, 0x73,
    0x20, 0x69, 0x6d, 0x6d, 0x65, 0x64, 0x69, 0x61, 0x74, 0x65, 0x6c, 0x79, 0x20, 0x62, 0x65, 0x66,
    0x6f, 0x72, 0x65, 0x20, 0x65, 0x76, 0x65, 0x72, 0x79, 0x20, 0x50, 0x41, 0x43, 0x4b, 0x45, 0x54,
    0x20, 0x2d, 0x2d, 0x20, 0x68, 0x6f, 0x77, 0x20, 0x61, 0x20, 0x68, 0x6f, 0x73, 0x74, 0x0a, 0x20,
    0x20, 0x20, 0x20, 0x72, 0x65, 0x71, 0x75, 0x65, 0x73, 0x74, 0x73, 0x20, 0x74, 0x68, 0x65, 0x20,
    0x64, 0x61, 0x74, 0x61, 0x20, 0x69, 0x6e, 0x20, 0x6f, 0x6e, 0x65, 0x20, 0x70, 0x69, 0x65, 0x63,
    0x65, 0x20, 0x2d, 0x2d, 0x20, 0x61, 0x6e, 0x64, 0x20, 0x74, 0x68, 0x65, 0x20, 0x63, 0x6f, 0x6d,
    0x6d, 0x61, 0x6e, 0x64, 0x20, 0x70, 0x61, 0x63, 0x6b, 0x65, 0x74, 0x20, 0x69, 0x73, 0x20, 0x73,
    0x65, 0x6e, 0x74, 0x0a, 0x20, 0x20, 0x20, 0x20, 0x61, 0x73, 0x20, 0x74, 0x68, 0x65, 0x20, 0x74,
    0x77, 0x65, 0x6c, 0x76, 0x65, 0x20, 0x62, 0x79, 0x74, 0x65, 0x73, 0x20, 0x69, 0x74, 0x20, 0x69,
    0x73, 0x2c, 0x20, 0x73, 0x6f, 0x20, 0x6e, 0x6f, 0x20, 0x73, 0x74, 0x72, 0x61, 0x79, 0x20, 0x77,
    0x6f, 0x72, 0x64, 0x20, 0x63, 0x61, 0x6e, 0x20, 0x61, 0x72, 0x72, 0x69, 0x76, 0x65, 0x20, 0x69,
    0x6e, 0x20, 0x74, 0x68, 0x65, 0x20, 0x64, 0x61, 0x74, 0x61, 0x0a, 0x20, 0x20, 0x20, 0x20, 0x70,
    0x68, 0x61, 0x73, 0x65, 0x20, 0x62, 0x65, 0x68, 0x69, 0x6e, 0x64, 0x20, 0x69, 0x74, 0x2e, 0x20,
    0x20, 0x41, 0x20, 0x43, 0x44, 0x20, 0x73, 0x65, 0x63, 0x74, 0x6f, 0x72, 0x20, 0x74, 0x68, 0x65,
    0x6e, 0x20, 0x61, 0x72, 0x72, 0x69, 0x76, 0x65, 0x73, 0x20, 0x61, 0x73, 0x20, 0x6f, 0x6e, 0x65,
    0x20, 0x74, 0x72, 0x61, 0x6e, 0x73, 0x66, 0x65, 0x72, 0x20, 0x72, 0x61, 0x74, 0x68, 0x65, 0x72,
    0x0a, 0x20, 0x20, 0x20, 0x20, 0x74, 0x68, 0x61, 0x6e, 0x20, 0x69, 0x6e, 0x20, 0x70, 0x69, 0x65,
    0x63, 0x65, 0x73, 0x20, 0x77, 0x69, 0x74, 0x68, 0x20, 0x62, 0x75, 0x73, 0x79, 0x20, 0x74, 0x69,
    0x6d, 0x65, 0x20, 0x62, 0x65, 0x74, 0x77, 0x65, 0x65, 0x6e, 0x20, 0x74, 0x68, 0x65, 0x6d, 0x2e,
    0x0a, 0x20, 0x20, 0x57, 0x69, 0x6e, 0x64, 0x6f, 0x77, 0x73, 0x20, 0x63, 0x61, 0x6e, 0x20, 0x62,
    0x65, 0x20, 0x70, 0x69, 0x63, 0x6b, 0x65, 0x64, 0x20, 0x75, 0x70, 0x20, 0x61, 0x6e, 0x64, 0x20,
    0x63, 0x61, 0x72, 0x72, 0x69, 0x65, 0x64, 0x3a, 0x20, 0x70, 0x72, 0x65, 0x73, 0x73, 0x20, 0x74,
    0x68, 0x65, 0x20, 0x63, 0x61, 0x70, 0x74, 0x69, 0x6f, 0x6e, 0x2c, 0x20, 0x61, 0x6e, 0x79, 0x77,
    0x68, 0x65, 0x72, 0x65, 0x20, 0x69, 0x6e, 0x20, 0x74, 0x68, 0x65, 0x0a, 0x20, 0x20, 0x20, 0x20,
    0x73, 0x74, 0x72, 0x69, 0x70, 0x20, 0x74, 0x68, 0x61, 0x74, 0x20, 0x69, 0x73, 0x20, 0x6e, 0x6f,
    0x74, 0x20, 0x6f, 0x6e, 0x65, 0x20, 0x6f, 0x66, 0x20, 0x69, 0x74, 0x73, 0x20, 0x74, 0x68, 0x72,
    0x65, 0x65, 0x20, 0x62, 0x75, 0x74, 0x74, 0x6f, 0x6e, 0x73, 0x2c, 0x20, 0x61, 0x6e, 0x64, 0x20,
    0x74, 0x68, 0x65, 0x20, 0x77, 0x69, 0x6e, 0x64, 0x6f, 0x77, 0x20, 0x67, 0x6f, 0x65, 0x73, 0x20,
    0x77, 0x68, 0x65, 0x72, 0x65, 0x0a, 0x20, 0x20, 0x20, 0x20, 0x74, 0x68, 0x65, 0x20, 0x70, 0x6f,
    0x69, 0x6e, 0x74, 0x65, 0x72, 0x20, 0x67, 0x6f, 0x65, 0x73, 0x20, 0x75, 0x6e, 0x74, 0x69, 0x6c,
    0x20, 0x74, 0x68, 0x65, 0x20, 0x62, 0x75, 0x74, 0x74, 0x6f, 0x6e, 0x20, 0x63, 0x6f, 0x6d, 0x65,
    0x73, 0x20, 0x62, 0x61, 0x63, 0x6b, 0x20, 0x75, 0x70, 0x2c, 0x20, 0x74, 0x61, 0x6b, 0x69, 0x6e,
    0x67, 0x20, 0x74, 0x68, 0x65, 0x20, 0x6b, 0x65, 0x79, 0x62, 0x6f, 0x61, 0x72, 0x64, 0x0a, 0x20,
    0x20, 0x20, 0x20, 0x77, 0x69, 0x74, 0x68, 0x20, 0x69, 0x74, 0x20, 0x6f, 0x6e, 0x20, 0x74, 0x68,
    0x65, 0x20, 0x77, 0x61, 0x79, 0x2e, 0x20, 0x20, 0x54, 0x68, 0x65, 0x20, 0x63, 0x6c, 0x61, 0x6d,
    0x70, 0x20, 0x69, 0x73, 0x20, 0x6f, 0x6e, 0x20, 0x74, 0x68, 0x65, 0x20, 0x63, 0x61, 0x70, 0x74,
    0x69, 0x6f, 0x6e, 0x20, 0x72, 0x61, 0x74, 0x68, 0x65, 0x72, 0x20, 0x74, 0x68, 0x61, 0x6e, 0x20,
    0x74, 0x68, 0x65, 0x0a, 0x20, 0x20, 0x20, 0x20, 0x66, 0x72, 0x61, 0x6d, 0x65, 0x2c, 0x20, 0x73,
    0x6f, 0x20, 0x61, 0x20, 0x77, 0x69, 0x6e, 0x64, 0x6f, 0x77, 0x20, 0x6d, 0x61, 0x79, 0x20, 0x73,
    0x74, 0x61, 0x6e, 0x64, 0x20, 0x68, 0x61, 0x6c, 0x66, 0x20, 0x6f, 0x66, 0x66, 0x20, 0x61, 0x6e,
    0x20, 0x65, 0x64, 0x67, 0x65, 0x2c, 0x20, 0x61, 0x73, 0x20, 0x77, 0x69, 0x6e, 0x64, 0x6f, 0x77,
    0x73, 0x20, 0x64, 0x6f, 0x20, 0x6f, 0x6e, 0x20, 0x61, 0x6e, 0x79, 0x0a, 0x20, 0x20, 0x20, 0x20,
    0x64, 0x65, 0x73, 0x6b, 0x74, 0x6f, 0x70, 0x2c, 0x20, 0x62, 0x75, 0x74, 0x20, 0x65, 0x6e, 0x6f,
    0x75, 0x67, 0x68, 0x20, 0x6f, 0x66, 0x20, 0x74, 0x68, 0x65, 0x20, 0x73, 0x74, 0x72, 0x69, 0x70,
    0x20, 0x73, 0x74, 0x61, 0x79, 0x73, 0x20, 0x6f, 0x6e, 0x20, 0x74, 0x68, 0x65, 0x20, 0x73, 0x63,
    0x72, 0x65, 0x65, 0x6e, 0x20, 0x74, 0x6f, 0x20, 0x62, 0x65, 0x20, 0x70, 0x69, 0x63, 0x6b, 0x65,
    0x64, 0x20, 0x75, 0x70, 0x0a, 0x20, 0x20, 0x20, 0x20, 0x62, 0x79, 0x20, 0x61, 0x67, 0x61, 0x69,
    0x6e, 0x2e, 0x20, 0x20, 0x41, 0x6c, 0x6c, 0x20, 0x73, 0x69, 0x78, 0x20, 0x6d, 0x6f, 0x76, 0x65,
    0x3a, 0x20, 0x74, 0x68, 0x65, 0x20, 0x66, 0x6f, 0x75, 0x72, 0x20, 0x70, 0x72, 0x6f, 0x67, 0x72,
    0x61, 0x6d, 0x20, 0x77, 0x69, 0x6e, 0x64, 0x6f, 0x77, 0x73, 0x20, 0x62, 0x79, 0x20, 0x74, 0x68,
    0x65, 0x69, 0x72, 0x20, 0x63, 0x61, 0x70, 0x74, 0x69, 0x6f, 0x6e, 0x73, 0x2c, 0x0a, 0x20, 0x20,
    0x20, 0x20, 0x74, 0x68, 0x65, 0x20, 0x64, 0x69, 0x61, 0x6c, 0x20, 0x61, 0x6e, 0x64, 0x20, 0x74,
    0x68, 0x65, 0x20, 0x6d, 0x6f, 0x6e, 0x69, 0x74, 0x6f, 0x72, 0x20, 0x62, 0x79, 0x20, 0x74, 0x68,
    0x65, 0x69, 0x72, 0x20, 0x6f, 0x77, 0x6e, 0x20, 0x62, 0x6f, 0x64, 0x69, 0x65, 0x73, 0x2e, 0x0a,
    0x20, 0x20, 0x54, 0x68, 0x65, 0x20, 0x77, 0x69, 0x6e, 0x64, 0x6f, 0x77, 0x73, 0x20, 0x61, 0x72,
    0x65, 0x20, 0x64, 0x72, 0x61, 0x77, 0x6e, 0x20, 0x69, 0x6e, 0x20, 0x41, 0x65, 0x72, 0x6f, 0x2c,
    0x20, 0x77, 0x68, 0x69, 0x63, 0x68, 0x20, 0x69, 0x73, 0x20, 0x77, 0x68, 0x61, 0x74, 0x20, 0x74,
    0x68, 0x65, 0x20, 0x62, 0x61, 0x72, 0x20, 0x61, 0x6e, 0x64, 0x20, 0x74, 0x68, 0x65, 0x20, 0x73,
    0x74, 0x61, 0x72, 0x74, 0x20, 0x6d, 0x65, 0x6e, 0x75, 0x0a, 0x20, 0x20, 0x20, 0x20, 0x77, 0x65,
    0x72, 0x65, 0x20, 0x61, 0x6c, 0x72, 0x65, 0x61, 0x64, 0x79, 0x20, 0x64, 0x72, 0x61, 0x77, 0x6e,
    0x20, 0x69, 0x6e, 0x3a, 0x20, 0x61, 0x20, 0x70, 0x61, 0x6e, 0x65, 0x20, 0x6f, 0x66, 0x20, 0x67,
    0x6c, 0x61, 0x73, 0x73, 0x20, 0x61, 0x63, 0x72, 0x6f, 0x73, 0x73, 0x20, 0x74, 0x68, 0x65, 0x20,
    0x63, 0x61, 0x70, 0x74, 0x69, 0x6f, 0x6e, 0x20, 0x77, 0x69, 0x74, 0x68, 0x20, 0x74, 0x68, 0x65,
    0x0a, 0x20, 0x20, 0x20, 0x20, 0x62, 0x61, 0x63, 0x6b, 0x64, 0x72, 0x6f, 0x70, 0x20, 0x73, 0x74,
    0x69, 0x6c, 0x6c, 0x20, 0x72, 0x65, 0x61, 0x64, 0x69, 0x6e, 0x67, 0x20, 0x74, 0x68, 0x72, 0x6f,
    0x75, 0x67, 0x68, 0x20, 0x69, 0x74, 0x2c, 0x20, 0x61, 0x20, 0x6c, 0x69, 0x67, 0x68, 0x74, 0x20,
    0x73, 0x74, 0x65, 0x65, 0x6c, 0x20, 0x72, 0x69, 0x6d, 0x2c, 0x20, 0x61, 0x20, 0x73, 0x68, 0x61,
    0x64, 0x6f, 0x77, 0x20, 0x74, 0x68, 0x72, 0x6f, 0x77, 0x6e, 0x0a, 0x20, 0x20, 0x20, 0x20, 0x62,
    0x65, 0x6c, 0x6f, 0x77, 0x20, 0x61, 0x6e, 0x64, 0x20, 0x74, 0x6f, 0x20, 0x74, 0x68, 0x65, 0x20,
    0x72, 0x69, 0x67, 0x68, 0x74, 0x2c, 0x20, 0x61, 0x6e, 0x64, 0x20, 0x57, 0x6f, 0x72, 0x6b, 0x62,
    0x65, 0x6e, 0x63, 0x68, 0x27, 0x73, 0x20, 0x67, 0x72, 0x65, 0x79, 0x20, 0x62, 0x6f, 0x64, 0x79,
    0x20, 0x61, 0x6e, 0x64, 0x20, 0x77, 0x68, 0x69, 0x74, 0x65, 0x20, 0x66, 0x69, 0x65, 0x6c, 0x64,
    0x0a, 0x20, 0x20, 0x20, 0x20, 0x69, 0x6e, 0x73, 0x69, 0x64, 0x65, 0x2e, 0x20, 0x20, 0x54, 0x68,
    0x65, 0x20, 0x6d, 0x6f, 0x6e, 0x69, 0x74, 0x6f, 0x72, 0x27, 0x73, 0x20, 0x63, 0x61, 0x70, 0x74,
    0x69, 0x6f, 0x6e, 0x20, 0x66, 0x6f, 0x6c, 0x6c, 0x6f, 0x77, 0x73, 0x20, 0x74, 0x68, 0x65, 0x20,
    0x73, 0x61, 0x6d, 0x65, 0x20, 0x74, 0x65, 0x72, 0x6d, 0x73, 0x2c, 0x20, 0x73, 0x6f, 0x20, 0x6f,
    0x6e, 0x65, 0x20, 0x63, 0x6f, 0x72, 0x6e, 0x65, 0x72, 0x0a, 0x20, 0x20, 0x20, 0x20, 0x6f, 0x66,
    0x20, 0x74, 0x68, 0x65, 0x20, 0x73, 0x63, 0x72, 0x65, 0x65, 0x6e, 0x20, 0x64, 0x6f, 0x65, 0x73,
    0x20, 0x6e, 0x6f, 0x74, 0x20, 0x63, 0x61, 0x72, 0x72, 0x79, 0x20, 0x74, 0x77, 0x6f, 0x20, 0x64,
    0x65, 0x73, 0x6b, 0x74, 0x6f, 0x70, 0x73, 0x20, 0x61, 0x74, 0x20, 0x6f, 0x6e, 0x63, 0x65, 0x2e,
    0x0a, 0x20, 0x20, 0x4e, 0x65, 0x6f, 0x54, 0x65, 0x78, 0x74, 0x2c, 0x20, 0x74, 0x68, 0x65, 0x20,
    0x72, 0x65, 0x61, 0x64, 0x65, 0x72, 0x3a, 0x20, 0x65, 0x76, 0x65, 0x72, 0x79, 0x20, 0x66, 0x69,
    0x6c, 0x65, 0x20, 0x69, 0x6e, 0x20, 0x74, 0x68, 0x65, 0x20, 0x73, 0x74, 0x6f, 0x72, 0x65, 0x20,
    0x6f, 0x70, 0x65, 0x6e, 0x73, 0x20, 0x69, 0x6e, 0x20, 0x69, 0x74, 0x2e, 0x20, 0x20, 0x50, 0x6c,
    0x61, 0x69, 0x6e, 0x20, 0x74, 0x65, 0x78, 0x74, 0x20, 0x69, 0x73, 0x0a, 0x20, 0x20, 0x20, 0x20,
    0x73, 0x68, 0x6f, 0x77, 0x6e, 0x20, 0x61, 0x73, 0x20, 0x69, 0x74, 0x20, 0x69, 0x73, 0x20, 0x77,
    0x72, 0x69, 0x74, 0x74, 0x65, 0x6e, 0x2c, 0x20, 0x61, 0x20, 0x50, 0x44, 0x46, 0x20, 0x68, 0x61,
    0x73, 0x20, 0x69, 0x74, 0x73, 0x20, 0x74, 0x65, 0x78, 0x74, 0x20, 0x6c, 0x69, 0x66, 0x74, 0x65,
    0x64, 0x20, 0x6f, 0x75, 0x74, 0x20, 0x6f, 0x66, 0x20, 0x74, 0x68, 0x65, 0x20, 0x70, 0x61, 0x67,
    0x65, 0x20, 0x61, 0x6e, 0x64, 0x0a, 0x20, 0x20, 0x20, 0x20, 0x73, 0x68, 0x6f, 0x77, 0x6e, 0x20,
    0x74, 0x68, 0x65, 0x20, 0x73, 0x61, 0x6d, 0x65, 0x20, 0x77, 0x61, 0x79, 0x2c, 0x20, 0x61, 0x6e,
    0x64, 0x20, 0x61, 0x6e, 0x79, 0x74, 0x68, 0x69, 0x6e, 0x67, 0x20, 0x65, 0x6c, 0x73, 0x65, 0x20,
    0x2d, 0x2d, 0x20, 0x61, 0x20, 0x70, 0x72, 0x6f, 0x67, 0x72, 0x61, 0x6d, 0x2c, 0x20, 0x61, 0x20,
    0x73, 0x6f, 0x75, 0x6e, 0x64, 0x2c, 0x20, 0x61, 0x6e, 0x0a, 0x20, 0x20, 0x20, 0x20, 0x61, 0x72,
    0x63, 0x68, 0x69, 0x76, 0x65, 0x20, 0x2d, 0x2d, 0x20, 0x69, 0x73, 0x20, 0x73, 0x68, 0x6f, 0x77,
    0x6e, 0x20, 0x61, 0x73, 0x20, 0x74, 0x68, 0x65, 0x20, 0x62, 0x79, 0x74, 0x65, 0x73, 0x20, 0x69,
    0x74, 0x20, 0x69, 0x73, 0x2c, 0x20, 0x65, 0x69, 0x67, 0x68, 0x74, 0x20, 0x74, 0x6f, 0x20, 0x61,
    0x20, 0x6c, 0x69, 0x6e, 0x65, 0x2e, 0x20, 0x20, 0x43, 0x68, 0x6f, 0x6f, 0x73, 0x69, 0x6e, 0x67,
    0x20, 0x61, 0x0a, 0x20, 0x20, 0x20, 0x20, 0x64, 0x6f, 0x63, 0x75, 0x6d, 0x65, 0x6e, 0x74, 0x20,
    0x69, 0x6e, 0x20, 0x46, 0x69, 0x6c, 0x65, 0x73, 0x20, 0x6f, 0x70, 0x65, 0x6e, 0x73, 0x20, 0x69,
    0x74, 0x20, 0x68, 0x65, 0x72, 0x65, 0x3b, 0x20, 0x63, 0x68, 0x6f, 0x6f, 0x73, 0x69, 0x6e, 0x67,
    0x20, 0x61, 0x20, 0x70, 0x72, 0x6f, 0x67, 0x72, 0x61, 0x6d, 0x20, 0x65, 0x6e, 0x74, 0x72, 0x79,
    0x20, 0x73, 0x74, 0x61, 0x72, 0x74, 0x73, 0x20, 0x74, 0x68, 0x65, 0x0a, 0x20, 0x20, 0x20, 0x20,
    0x70, 0x72, 0x6f, 0x67, 0x72, 0x61, 0x6d, 0x20, 0x69, 0x6e, 0x73, 0x74, 0x65, 0x61, 0x64, 0x2e,
    0x0a, 0x20, 0x20, 0x52, 0x65, 0x61, 0x64, 0x69, 0x6e, 0x67, 0x20, 0x61, 0x20, 0x50, 0x44, 0x46,
    0x20, 0x69, 0x73, 0x20, 0x64, 0x6f, 0x6e, 0x65, 0x20, 0x68, 0x65, 0x72, 0x65, 0x20, 0x72, 0x61,
    0x74, 0x68, 0x65, 0x72, 0x20, 0x74, 0x68, 0x61, 0x6e, 0x20, 0x62, 0x6f, 0x72, 0x72, 0x6f, 0x77,
    0x65, 0x64, 0x3a, 0x20, 0x74, 0x68, 0x65, 0x20, 0x70, 0x61, 0x67, 0x65, 0x20, 0x73, 0x74, 0x72,
    0x65, 0x61, 0x6d, 0x73, 0x20, 0x61, 0x72, 0x65, 0x0a, 0x20, 0x20, 0x20, 0x20, 0x69, 0x6e, 0x66,
    0x6c, 0x61, 0x74, 0x65, 0x64, 0x20, 0x62, 0x79, 0x20, 0x61, 0x20, 0x44, 0x45, 0x46, 0x4c, 0x41,
    0x54, 0x45, 0x20, 0x64, 0x65, 0x63, 0x6f, 0x64, 0x65, 0x72, 0x20, 0x77, 0x72, 0x69, 0x74, 0x74,
    0x65, 0x6e, 0x20, 0x66, 0x6f, 0x72, 0x20, 0x74, 0x68, 0x65, 0x20, 0x70, 0x75, 0x72, 0x70, 0x6f,
    0x73, 0x65, 0x20, 0x61, 0x6e, 0x64, 0x20, 0x74, 0x68, 0x65, 0x20, 0x74, 0x65, 0x78, 0x74, 0x0a,
    0x20, 0x20, 0x20, 0x20, 0x6f, 0x70, 0x65, 0x72, 0x61, 0x74, 0x6f, 0x72, 0x73, 0x20, 0x61, 0x72,
    0x65, 0x20, 0x77, 0x61, 0x6c, 0x6b, 0x65, 0x64, 0x2c, 0x20, 0x73, 0x6f, 0x20, 0x74, 0x68, 0x65,
    0x20, 0x6c, 0x69, 0x6e, 0x65, 0x73, 0x20, 0x6f, 0x66, 0x20, 0x74, 0x68, 0x65, 0x20, 0x70, 0x61,
    0x67, 0x65, 0x20, 0x63, 0x6f, 0x6d, 0x65, 0x20, 0x6f, 0x75, 0x74, 0x20, 0x61, 0x73, 0x20, 0x74,
    0x68, 0x65, 0x20, 0x6c, 0x69, 0x6e, 0x65, 0x73, 0x0a, 0x20, 0x20, 0x20, 0x20, 0x6f, 0x66, 0x20,
    0x74, 0x68, 0x65, 0x20, 0x72, 0x65, 0x61, 0x64, 0x65, 0x72, 0x2c, 0x20, 0x61, 0x20, 0x73, 0x70,
    0x61, 0x63, 0x65, 0x20, 0x6b, 0x65, 0x72, 0x6e, 0x65, 0x64, 0x20, 0x62, 0x65, 0x74, 0x77, 0x65,
    0x65, 0x6e, 0x20, 0x74, 0x77, 0x6f, 0x20, 0x77, 0x6f, 0x72, 0x64, 0x73, 0x20, 0x63, 0x6f, 0x6d,
    0x65, 0x73, 0x20, 0x62, 0x61, 0x63, 0x6b, 0x20, 0x61, 0x73, 0x20, 0x61, 0x0a, 0x20, 0x20, 0x20,
    0x20, 0x73, 0x70, 0x61, 0x63, 0x65, 0x2c, 0x20, 0x61, 0x6e, 0x64, 0x20, 0x70, 0x69, 0x63, 0x74,
    0x75, 0x72, 0x65, 0x73, 0x20, 0x61, 0x6e, 0x64, 0x20, 0x65, 0x6d, 0x62, 0x65, 0x64, 0x64, 0x65,
    0x64, 0x20, 0x66, 0x6f, 0x6e, 0x74, 0x73, 0x20, 0x61, 0x72, 0x65, 0x20, 0x73, 0x6b, 0x69, 0x70,
    0x70, 0x65, 0x64, 0x20, 0x72, 0x61, 0x74, 0x68, 0x65, 0x72, 0x20, 0x74, 0x68, 0x61, 0x6e, 0x0a,
    0x20, 0x20, 0x20, 0x20, 0x67, 0x75, 0x65, 0x73, 0x73, 0x65, 0x64, 0x20, 0x61, 0x74, 0x2e, 0x20,
    0x20, 0x41, 0x20, 0x64, 0x6f, 0x63, 0x75, 0x6d, 0x65, 0x6e, 0x74, 0x20, 0x73, 0x65, 0x74, 0x20,
    0x74, 0x68, 0x72, 0x6f, 0x75, 0x67, 0x68, 0x20, 0x61, 0x20, 0x66, 0x6f, 0x6e, 0x74, 0x20, 0x4e,
    0x65, 0x6f, 0x42, 0x65, 0x6e, 0x63, 0x68, 0x20, 0x63, 0x61, 0x6e, 0x6e, 0x6f, 0x74, 0x20, 0x72,
    0x65, 0x61, 0x64, 0x20, 0x69, 0x73, 0x0a, 0x20, 0x20, 0x20, 0x20, 0x73, 0x68, 0x6f, 0x77, 0x6e,
    0x20, 0x61, 0x73, 0x20, 0x69, 0x74, 0x73, 0x20, 0x62, 0x79, 0x74, 0x65, 0x73, 0x20, 0x69, 0x6e,
    0x73, 0x74, 0x65, 0x61, 0x64, 0x20, 0x6f, 0x66, 0x20, 0x61, 0x73, 0x20, 0x6e, 0x6f, 0x6e, 0x73,
    0x65, 0x6e, 0x73, 0x65, 0x2e, 0x0a, 0x20, 0x20, 0x43, 0x6f, 0x72, 0x65, 0x2f, 0x44, 0x6f, 0x63,
    0x73, 0x2f, 0x67, 0x75, 0x69, 0x64, 0x65, 0x2e, 0x70, 0x64, 0x66, 0x20, 0x69, 0x73, 0x20, 0x61,
    0x20, 0x72, 0x65, 0x61, 0x6c, 0x20, 0x64, 0x6f, 0x63, 0x75, 0x6d, 0x65, 0x6e, 0x74, 0x20, 0x74,
    0x6f, 0x20, 0x6f, 0x70, 0x65, 0x6e, 0x2c, 0x20, 0x77, 0x72, 0x69, 0x74, 0x74, 0x65, 0x6e, 0x20,
    0x66, 0x6f, 0x72, 0x20, 0x74, 0x68, 0x65, 0x0a, 0x20, 0x20, 0x20, 0x20, 0x72, 0x65, 0x61, 0x64,
    0x65, 0x72, 0x3a, 0x20, 0x74, 0x77, 0x6f, 0x20, 0x70, 0x61, 0x67, 0x65, 0x73, 0x2c, 0x20, 0x63,
    0x6f, 0x6d, 0x70, 0x72, 0x65, 0x73, 0x73, 0x65, 0x64, 0x2c, 0x20, 0x77, 0x69, 0x74, 0x68, 0x20,
    0x61, 0x20, 0x63, 0x72, 0x6f, 0x73, 0x73, 0x2d, 0x72, 0x65, 0x66, 0x65, 0x72, 0x65, 0x6e, 0x63,
    0x65, 0x20, 0x74, 0x61, 0x62, 0x6c, 0x65, 0x2e, 0x0a, 0x20, 0x20, 0x50, 0x72, 0x65, 0x66, 0x65,
    0x72, 0x65, 0x6e, 0x63, 0x65, 0x73, 0x20, 0x69, 0x73, 0x20, 0x66, 0x69, 0x6c, 0x65, 0x64, 0x20,
    0x69, 0x6e, 0x20, 0x43, 0x6f, 0x6e, 0x66, 0x69, 0x67, 0x2f, 0x3a, 0x20, 0x43, 0x6f, 0x6e, 0x66,
    0x69, 0x67, 0x2f, 0x50, 0x72, 0x65, 0x66, 0x65, 0x72, 0x65, 0x6e, 0x63, 0x65, 0x73, 0x20, 0x69,
    0x73, 0x20, 0x61, 0x20, 0x70, 0x72, 0x6f, 0x67, 0x72, 0x61, 0x6d, 0x20, 0x65, 0x6e, 0x74, 0x72,
    0x79, 0x0a, 0x20, 0x20, 0x20, 0x20, 0x72, 0x61, 0x74, 0x68, 0x65, 0x72, 0x20, 0x74, 0x68, 0x61,
    0x6e, 0x20, 0x61, 0x20, 0x64, 0x6f, 0x63, 0x75, 0x6d, 0x65, 0x6e, 0x74, 0x20, 0x2d, 0x2d, 0x20,
    0x69, 0x74, 0x73, 0x20, 0x66, 0x69, 0x72, 0x73, 0x74, 0x20, 0x6c, 0x69, 0x6e, 0x65, 0x20, 0x72,
    0x65, 0x61, 0x64, 0x73, 0x20, 0x22, 0x70, 0x72, 0x6f, 0x67, 0x72, 0x61, 0x6d, 0x20, 0x3d, 0x0a,
    0x20, 0x20, 0x20, 0x20, 0x70, 0x72, 0x65, 0x66, 0x65, 0x72, 0x65, 0x6e, 0x63, 0x65, 0x73, 0x22,
    0x20, 0x2d, 0x2d, 0x20, 0x73, 0x6f, 0x20, 0x46, 0x69, 0x6c, 0x65, 0x73, 0x20, 0x6c, 0x69, 0x73,
    0x74, 0x73, 0x20, 0x69, 0x74, 0x20, 0x62, 0x65, 0x73, 0x69, 0x64, 0x65, 0x20, 0x74, 0x68, 0x65,
    0x20, 0x66, 0x6f, 0x75, 0x72, 0x20, 0x66, 0x69, 0x6c, 0x65, 0x73, 0x20, 0x74, 0x68, 0x65, 0x20,
    0x62, 0x6f, 0x6f, 0x74, 0x0a, 0x20, 0x20, 0x20, 0x20, 0x72, 0x65, 0x61, 0x64, 0x73, 0x2c, 0x20,
    0x77, 0x65, 0x61, 0x72, 0x69, 0x6e, 0x67, 0x20, 0x74, 0x68, 0x65, 0x20, 0x72, 0x6f, 0x73, 0x65,
    0x20, 0x74, 0x69, 0x6c, 0x65, 0x20, 0x69, 0x74, 0x20, 0x68, 0x61, 0x73, 0x20, 0x69, 0x6e, 0x20,
    0x74, 0x68, 0x65, 0x20, 0x73, 0x74, 0x61, 0x72, 0x74, 0x20, 0x6d, 0x65, 0x6e, 0x75, 0x20, 0x77,
    0x69, 0x74, 0x68, 0x20, 0x22, 0x72, 0x75, 0x6e, 0x22, 0x0a, 0x20, 0x20, 0x20, 0x20, 0x77, 0x68,
    0x65, 0x72, 0x65, 0x20, 0x61, 0x20, 0x64, 0x6f, 0x63, 0x75, 0x6d, 0x65, 0x6e, 0x74, 0x20, 0x77,
    0x6f, 0x75, 0x6c, 0x64, 0x20, 0x73, 0x68, 0x6f, 0x77, 0x20, 0x69, 0x74, 0x73, 0x20, 0x73, 0x69,
    0x7a, 0x65, 0x2c, 0x20, 0x61, 0x6e, 0x64, 0x20, 0x63, 0x68, 0x6f, 0x6f, 0x73, 0x69, 0x6e, 0x67,
    0x20, 0x69, 0x74, 0x20, 0x73, 0x74, 0x61, 0x72, 0x74, 0x73, 0x20, 0x74, 0x68, 0x65, 0x0a, 0x20,
    0x20, 0x20, 0x20, 0x70, 0x61, 0x6e, 0x65, 0x20, 0x69, 0x6e, 0x73, 0x74, 0x65, 0x61, 0x64, 0x20,
    0x6f, 0x66, 0x20, 0x74, 0x68, 0x65, 0x20, 0x72, 0x65, 0x61, 0x64, 0x65, 0x72, 0x2e, 0x20, 0x20,
    0x41, 0x6e, 0x79, 0x20, 0x64, 0x69, 0x72, 0x65, 0x63, 0x74, 0x6f, 0x72, 0x79, 0x20, 0x63, 0x61,
    0x6e, 0x20, 0x63, 0x61, 0x72, 0x72, 0x79, 0x20, 0x61, 0x6e, 0x20, 0x65, 0x6e, 0x74, 0x72, 0x79,
    0x2c, 0x20, 0x61, 0x6e, 0x64, 0x20, 0x61, 0x0a, 0x20, 0x20, 0x20, 0x20, 0x66, 0x69, 0x6c, 0x65,
    0x20, 0x74, 0x68, 0x61, 0x74, 0x20, 0x73, 0x61, 0x79, 0x73, 0x20, 0x6e, 0x6f, 0x74, 0x68, 0x69,
    0x6e, 0x67, 0x20, 0x6f, 0x66, 0x20, 0x74, 0x68, 0x65, 0x20, 0x6b, 0x69, 0x6e, 0x64, 0x20, 0x73,
    0x74, 0x69, 0x6c, 0x6c, 0x20, 0x6f, 0x70, 0x65, 0x6e, 0x73, 0x20, 0x69, 0x6e, 0x20, 0x4e, 0x65,
    0x6f, 0x54, 0x65, 0x78, 0x74, 0x2e, 0x0a, 0x20, 0x20, 0x50, 0x72, 0x65, 0x66, 0x65, 0x72, 0x65,
    0x6e, 0x63, 0x65, 0x73, 0x20, 0x68, 0x61, 0x73, 0x20, 0x63, 0x6f, 0x6d, 0x65, 0x20, 0x6f, 0x66,
    0x66, 0x20, 0x74, 0x68, 0x65, 0x20, 0x73, 0x74, 0x61, 0x72, 0x74, 0x20, 0x6d, 0x65, 0x6e, 0x75,
    0x20, 0x66, 0x6f, 0x72, 0x20, 0x69, 0x74, 0x3a, 0x20, 0x74, 0x68, 0x65, 0x20, 0x6d, 0x65, 0x6e,
    0x75, 0x20, 0x6c, 0x69, 0x73, 0x74, 0x73, 0x20, 0x74, 0x68, 0x65, 0x0a, 0x20, 0x20, 0x20, 0x20,
    0x6f, 0x74, 0x68, 0x65, 0x72, 0x20, 0x66, 0x69, 0x76, 0x65, 0x20, 0x70, 0x72, 0x6f, 0x67, 0x72,
    0x61, 0x6d, 0x73, 0x20, 0x61, 0x6e, 0x64, 0x20, 0x74, 0x68, 0x65, 0x20, 0x70, 0x61, 0x6e, 0x65,
    0x6c, 0x20, 0x65, 0x6e, 0x64, 0x73, 0x20, 0x77, 0x69, 0x74, 0x68, 0x20, 0x74, 0x68, 0x65, 0x6d,
    0x2c, 0x20, 0x77, 0x68, 0x69, 0x6c, 0x65, 0x20, 0x74, 0x68, 0x65, 0x20, 0x70, 0x61, 0x6e, 0x65,
    0x0a, 0x20, 0x20, 0x20, 0x20, 0x6b, 0x65, 0x65, 0x70, 0x73, 0x20, 0x69, 0x74, 0x73, 0x20, 0x62,
    0x75, 0x74, 0x74, 0x6f, 0x6e, 0x20, 0x6f, 0x6e, 0x20, 0x74, 0x68, 0x65, 0x20, 0x74, 0x61, 0x73,
    0x6b, 0x20, 0x72, 0x6f, 0x77, 0x20, 0x61, 0x6e, 0x64, 0x20, 0x73, 0x74, 0x69, 0x6c, 0x6c, 0x20,
    0x61, 0x6e, 0x73, 0x77, 0x65, 0x72, 0x73, 0x20, 0x74, 0x6f, 0x20, 0x45, 0x73, 0x63, 0x61, 0x70,
    0x65, 0x20, 0x6c, 0x69, 0x6b, 0x65, 0x0a, 0x20, 0x20, 0x20, 0x20, 0x61, 0x6e, 0x79, 0x20, 0x6f,
    0x74, 0x68, 0x65, 0x72, 0x20, 0x70, 0x72, 0x6f, 0x67, 0x72, 0x61, 0x6d, 0x2e, 0x0a, 0x20, 0x20,
    0x54, 0x6f, 0x6f, 0x6c, 0x73, 0x20, 0x69, 0x73, 0x20, 0x74, 0x68, 0x65, 0x20, 0x64, 0x72, 0x61,
    0x77, 0x65, 0x72, 0x20, 0x6f, 0x66, 0x20, 0x66, 0x69, 0x6c, 0x65, 0x64, 0x20, 0x70, 0x72, 0x6f,
    0x67, 0x72, 0x61, 0x6d, 0x73, 0x2c, 0x20, 0x61, 0x6e, 0x64, 0x20, 0x4e, 0x65, 0x6f, 0x54, 0x65,
    0x78, 0x74, 0x20, 0x69, 0x73, 0x20, 0x74, 0x68, 0x65, 0x20, 0x66, 0x69, 0x72, 0x73, 0x74, 0x20,
    0x6f, 0x6e, 0x65, 0x0a, 0x20, 0x20, 0x20, 0x20, 0x69, 0x6e, 0x20, 0x69, 0x74, 0x3a, 0x20, 0x54,
    0x6f, 0x6f, 0x6c, 0x73, 0x2f, 0x4e, 0x65, 0x6f, 0x54, 0x65, 0x78, 0x74, 0x20, 0x69, 0x73, 0x20,
    0x61, 0x6e, 0x20, 0x65, 0x6e, 0x74, 0x72, 0x79, 0x20, 0x74, 0x68, 0x61, 0x74, 0x20, 0x72, 0x65,
    0x61, 0x64, 0x73, 0x20, 0x22, 0x70, 0x72, 0x6f, 0x67, 0x72, 0x61, 0x6d, 0x20, 0x3d, 0x20, 0x6e,
    0x65, 0x6f, 0x74, 0x65, 0x78, 0x74, 0x22, 0x20, 0x6f, 0x6e, 0x0a, 0x20, 0x20, 0x20, 0x20, 0x69,
    0x74, 0x73, 0x20, 0x66, 0x69, 0x72, 0x73, 0x74, 0x20, 0x6c, 0x69, 0x6e, 0x65, 0x2c, 0x20, 0x74,
    0x68, 0x65, 0x20, 0x73, 0x61, 0x6d, 0x65, 0x20, 0x77, 0x61, 0x79, 0x20, 0x43, 0x6f, 0x6e, 0x66,
    0x69, 0x67, 0x2f, 0x50, 0x72, 0x65, 0x66, 0x65, 0x72, 0x65, 0x6e, 0x63, 0x65, 0x73, 0x20, 0x72,
    0x65, 0x61, 0x64, 0x73, 0x20, 0x69, 0x74, 0x73, 0x20, 0x6f, 0x77, 0x6e, 0x2c, 0x20, 0x73, 0x6f,
    0x0a, 0x20, 0x20, 0x20, 0x20, 0x74, 0x68, 0x65, 0x20, 0x72, 0x65, 0x61, 0x64, 0x65, 0x72, 0x20,
    0x63, 0x61, 0x6e, 0x20, 0x62, 0x65, 0x20, 0x73, 0x74, 0x61, 0x72, 0x74, 0x65, 0x64, 0x20, 0x66,
    0x72, 0x6f, 0x6d, 0x20, 0x61, 0x20, 0x74, 0x6f, 0x6f, 0x6c, 0x73, 0x20, 0x64, 0x72, 0x61, 0x77,
    0x65, 0x72, 0x20, 0x61, 0x73, 0x20, 0x77, 0x65, 0x6c, 0x6c, 0x20, 0x61, 0x73, 0x20, 0x66, 0x72,
    0x6f, 0x6d, 0x20, 0x74, 0x68, 0x65, 0x0a, 0x20, 0x20, 0x20, 0x20, 0x73, 0x74, 0x61, 0x72, 0x74,
    0x20, 0x6d, 0x65, 0x6e, 0x75, 0x20, 0x6f, 0x72, 0x20, 0x66, 0x72, 0x6f, 0x6d, 0x20, 0x74, 0x68,
    0x65, 0x20, 0x64, 0x6f, 0x63, 0x75, 0x6d, 0x65, 0x6e, 0x74, 0x20, 0x74, 0x68, 0x61, 0x74, 0x20,
    0x6e, 0x65, 0x65, 0x64, 0x73, 0x20, 0x69, 0x74, 0x2e, 0x20, 0x20, 0x54, 0x68, 0x65, 0x20, 0x63,
    0x6c, 0x6f, 0x63, 0x6b, 0x20, 0x61, 0x6e, 0x64, 0x20, 0x74, 0x68, 0x65, 0x0a, 0x20, 0x20, 0x20,
    0x20, 0x6d, 0x6f, 0x6e, 0x69, 0x74, 0x6f, 0x72, 0x20, 0x61, 0x72, 0x65, 0x20, 0x66, 0x69, 0x6c,
    0x65, 0x64, 0x20, 0x62, 0x65, 0x73, 0x69, 0x64, 0x65, 0x20, 0x69, 0x74, 0x20, 0x74, 0x68, 0x65,
    0x20, 0x73, 0x61, 0x6d, 0x65, 0x20, 0x77, 0x61, 0x79, 0x20, 0x2d, 0x2d, 0x20, 0x74, 0x68, 0x65,
    0x79, 0x20, 0x72, 0x65, 0x61, 0x64, 0x20, 0x74, 0x68, 0x65, 0x20, 0x6d, 0x61, 0x63, 0x68, 0x69,
    0x6e, 0x65, 0x0a, 0x20, 0x20, 0x20, 0x20, 0x72, 0x61, 0x74, 0x68, 0x65, 0x72, 0x20, 0x74, 0x68,
    0x61, 0x6e, 0x20, 0x61, 0x20, 0x64, 0x6f, 0x63, 0x75, 0x6d, 0x65, 0x6e, 0x74, 0x2c, 0x20, 0x77,
    0x68, 0x69, 0x63, 0x68, 0x20, 0x69, 0x73, 0x20, 0x77, 0x68, 0x61, 0x74, 0x20, 0x61, 0x20, 0x74,
    0x6f, 0x6f, 0x6c, 0x62, 0x6f, 0x78, 0x20, 0x69, 0x73, 0x20, 0x66, 0x6f, 0x72, 0x20, 0x2d, 0x2d,
    0x20, 0x61, 0x6e, 0x64, 0x0a, 0x20, 0x20, 0x20, 0x20, 0x41, 0x62, 0x6f, 0x75, 0x74, 0x20, 0x69,
    0x73, 0x20, 0x69, 0x6e, 0x20, 0x43, 0x6f, 0x72, 0x65, 0x2f, 0x44, 0x6f, 0x63, 0x73, 0x2c, 0x20,
    0x77, 0x68, 0x65, 0x72, 0x65, 0x20, 0x74, 0x68, 0x65, 0x20, 0x64, 0x6f, 0x63, 0x75, 0x6d, 0x65,
    0x6e, 0x74, 0x61, 0x74, 0x69, 0x6f, 0x6e, 0x20, 0x69, 0x74, 0x20, 0x73, 0x75, 0x6d, 0x6d, 0x61,
    0x72, 0x69, 0x73, 0x65, 0x73, 0x0a, 0x20, 0x20, 0x20, 0x20, 0x6c, 0x69, 0x76, 0x65, 0x73, 0x2e,
    0x20, 0x20, 0x54, 0x68, 0x65, 0x20, 0x64, 0x72, 0x61, 0x77, 0x65, 0x72, 0x20, 0x63, 0x61, 0x72,
    0x72, 0x69, 0x65, 0x73, 0x20, 0x74, 0x6f, 0x6f, 0x6c, 0x73, 0x2e, 0x74, 0x78, 0x74, 0x2c, 0x20,
    0x69, 0x74, 0x73, 0x20, 0x6f, 0x77, 0x6e, 0x20, 0x6e, 0x6f, 0x74, 0x65, 0x20, 0x73, 0x61, 0x79,
    0x69, 0x6e, 0x67, 0x20, 0x77, 0x68, 0x61, 0x74, 0x20, 0x69, 0x73, 0x0a, 0x20, 0x20, 0x20, 0x20,
    0x66, 0x69, 0x6c, 0x65, 0x64, 0x20, 0x69, 0x6e, 0x20, 0x69, 0x74, 0x3b, 0x20, 0x4e, 0x65, 0x6f,
    0x53, 0x68, 0x65, 0x6c, 0x6c, 0x20, 0x61, 0x6e, 0x64, 0x20, 0x74, 0x68, 0x65, 0x20, 0x63, 0x61,
    0x6c, 0x63, 0x75, 0x6c, 0x61, 0x74, 0x6f, 0x72, 0x20, 0x61, 0x72, 0x65, 0x20, 0x74, 0x68, 0x65,
    0x20, 0x6e, 0x65, 0x78, 0x74, 0x20, 0x74, 0x77, 0x6f, 0x20, 0x6e, 0x61, 0x6d, 0x65, 0x73, 0x0a,
    0x20, 0x20, 0x20, 0x20, 0x66, 0x6f, 0x72, 0x20, 0x69, 0x74, 0x2e, 0x0a, 0x20, 0x20, 0x46, 0x69,
    0x6c, 0x65, 0x73, 0x20, 0x73, 0x68, 0x6f, 0x77, 0x73, 0x20, 0x73, 0x65, 0x76, 0x65, 0x6e, 0x20,
    0x72, 0x6f, 0x77, 0x73, 0x20, 0x77, 0x68, 0x65, 0x72, 0x65, 0x20, 0x69, 0x74, 0x20, 0x73, 0x68,
    0x6f, 0x77, 0x65, 0x64, 0x20, 0x73, 0x69, 0x78, 0x3a, 0x20, 0x74, 0x68, 0x65, 0x20, 0x72, 0x6f,
    0x6f, 0x74, 0x20, 0x63, 0x61, 0x72, 0x72, 0x69, 0x65, 0x73, 0x20, 0x73, 0x69, 0x78, 0x0a, 0x20,
    0x20, 0x20, 0x20, 0x64, 0x72, 0x61, 0x77, 0x65, 0x72, 0x73, 0x20, 0x6e, 0x6f, 0x77, 0x20, 0x2d,
    0x2d, 0x20, 0x41, 0x70, 0x70, 0x73, 0x2c, 0x20, 0x43, 0x6f, 0x6e, 0x66, 0x69, 0x67, 0x2c, 0x20,
    0x43, 0x6f, 0x72, 0x65, 0x2c, 0x20, 0x48, 0x6f, 0x6d, 0x65, 0x2c, 0x20, 0x54, 0x65, 0x6d, 0x70,
    0x20, 0x61, 0x6e, 0x64, 0x20, 0x54, 0x6f, 0x6f, 0x6c, 0x73, 0x20, 0x2d, 0x2d, 0x20, 0x73, 0x6f,
    0x20, 0x74, 0x68, 0x65, 0x0a, 0x20, 0x20, 0x20, 0x20, 0x6c, 0x69, 0x73, 0x74, 0x2c, 0x20, 0x69,
    0x74, 0x73, 0x20, 0x6f, 0x62, 0x6a, 0x65, 0x63, 0x74, 0x20, 0x63, 0x6f, 0x75, 0x6e, 0x74, 0x20,
    0x61, 0x6e, 0x64, 0x20, 0x74, 0x68, 0x65, 0x20, 0x77, 0x69, 0x6e, 0x64, 0x6f, 0x77, 0x27, 0x73,
    0x20, 0x68, 0x65, 0x69, 0x67, 0x68, 0x74, 0x20, 0x61, 0x6c, 0x6c, 0x20, 0x67, 0x72, 0x65, 0x77,
    0x20, 0x62, 0x79, 0x20, 0x6f, 0x6e, 0x65, 0x0a, 0x20, 0x20, 0x20, 0x20, 0x72, 0x6f, 0x77, 0x2e,
    0x0a, 0x20, 0x20, 0x54, 0x68, 0x65, 0x20, 0x73, 0x74, 0x61, 0x72, 0x74, 0x20, 0x6d, 0x65, 0x6e,
    0x75, 0x20, 0x6c, 0x65, 0x61, 0x64, 0x73, 0x20, 0x77, 0x69, 0x74, 0x68, 0x20, 0x74, 0x68, 0x65,
    0x20, 0x64, 0x72, 0x61, 0x77, 0x65, 0x72, 0x73, 0x2c, 0x20, 0x61, 0x6e, 0x64, 0x20, 0x74, 0x68,
    0x65, 0x20, 0x72, 0x65, 0x73, 0x74, 0x20, 0x6f, 0x66, 0x20, 0x74, 0x68, 0x65, 0x20, 0x70, 0x72,
    0x6f, 0x67, 0x72, 0x61, 0x6d, 0x73, 0x0a, 0x20, 0x20, 0x20, 0x20, 0x61, 0x72, 0x65, 0x20, 0x66,
    0x69, 0x6c, 0x65, 0x64, 0x20, 0x77, 0x68, 0x65, 0x72, 0x65, 0x20, 0x74, 0x68, 0x65, 0x79, 0x20,
    0x62, 0x65, 0x6c, 0x6f, 0x6e, 0x67, 0x2e, 0x20, 0x20, 0x46, 0x69, 0x6c, 0x65, 0x73, 0x20, 0x6d,
    0x6f, 0x76, 0x65, 0x73, 0x20, 0x75, 0x70, 0x20, 0x6f, 0x75, 0x74, 0x20, 0x6f, 0x66, 0x20, 0x74,
    0x68, 0x65, 0x20, 0x70, 0x72, 0x6f, 0x67, 0x72, 0x61, 0x6d, 0x0a, 0x20, 0x20, 0x20, 0x20, 0x6c,
    0x69, 0x73, 0x74, 0x20, 0x61, 0x6e, 0x64, 0x20, 0x62, 0x65, 0x63, 0x6f, 0x6d, 0x65, 0x73, 0x20,
    0x74, 0x68, 0x65, 0x20, 0x66, 0x69, 0x72, 0x73, 0x74, 0x20, 0x64, 0x72, 0x61, 0x77, 0x65, 0x72,
    0x2c, 0x20, 0x6f, 0x70, 0x65, 0x6e, 0x69, 0x6e, 0x67, 0x20, 0x74, 0x68, 0x65, 0x20, 0x62, 0x72,
    0x6f, 0x77, 0x73, 0x65, 0x72, 0x20, 0x6f, 0x6e, 0x20, 0x74, 0x68, 0x65, 0x20, 0x72, 0x6f, 0x6f,
    0x74, 0x0a, 0x20, 0x20, 0x20, 0x20, 0x6f, 0x66, 0x20, 0x74, 0x68, 0x65, 0x20, 0x73, 0x74, 0x6f,
    0x72, 0x65, 0x20, 0x2d, 0x2d, 0x20, 0x74, 0x68, 0x65, 0x20, 0x6f, 0x6e, 0x65, 0x20, 0x70, 0x6c,
    0x61, 0x63, 0x65, 0x20, 0x6e, 0x6f, 0x6e, 0x65, 0x20, 0x6f, 0x66, 0x20, 0x74, 0x68, 0x65, 0x20,
    0x6f, 0x74, 0x68, 0x65, 0x72, 0x20, 0x66, 0x69, 0x76, 0x65, 0x20, 0x6e, 0x61, 0x6d, 0x65, 0x64,
    0x20, 0x2d, 0x2d, 0x20, 0x61, 0x6e, 0x64, 0x0a, 0x20, 0x20, 0x20, 0x20, 0x77, 0x65, 0x61, 0x72,
    0x69, 0x6e, 0x67, 0x20, 0x61, 0x20, 0x74, 0x77, 0x6f, 0x2d, 0x64, 0x72, 0x61, 0x77, 0x65, 0x72,
    0x20, 0x63, 0x61, 0x62, 0x69, 0x6e, 0x65, 0x74, 0x20, 0x6d, 0x61, 0x72, 0x6b, 0x20, 0x6f, 0x66,
    0x20, 0x69, 0x74, 0x73, 0x20, 0x6f, 0x77, 0x6e, 0x20, 0x69, 0x6e, 0x73, 0x74, 0x65, 0x61, 0x64,
    0x20, 0x6f, 0x66, 0x20, 0x74, 0x68, 0x65, 0x20, 0x66, 0x6f, 0x6c, 0x64, 0x65, 0x72, 0x0a, 0x20,
    0x20, 0x20, 0x20, 0x44, 0x6f, 0x63, 0x73, 0x20, 0x63, 0x61, 0x72, 0x72, 0x69, 0x65, 0x73, 0x2e,
    0x20, 0x20, 0x42, 0x65, 0x69, 0x6e, 0x67, 0x20, 0x61, 0x20, 0x70, 0x6c, 0x61, 0x63, 0x65, 0x20,
    0x72, 0x61, 0x74, 0x68, 0x65, 0x72, 0x20, 0x74, 0x68, 0x61, 0x6e, 0x20, 0x61, 0x20, 0x70, 0x72,
    0x6f, 0x67, 0x72, 0x61, 0x6d, 0x20, 0x69, 0x74, 0x20, 0x6f, 0x70, 0x65, 0x6e, 0x73, 0x20, 0x72,
    0x61, 0x74, 0x68, 0x65, 0x72, 0x0a, 0x20, 0x20, 0x20, 0x20, 0x74, 0x68, 0x61, 0x6e, 0x20, 0x74,
    0x6f, 0x67, 0x67, 0x6c, 0x65, 0x73, 0x2c, 0x20, 0x61, 0x6e, 0x64, 0x20, 0x74, 0x68, 0x65, 0x20,
    0x63, 0x72, 0x6f, 0x73, 0x73, 0x20, 0x69, 0x73, 0x20, 0x77, 0x68, 0x61, 0x74, 0x20, 0x70, 0x75,
    0x74, 0x73, 0x20, 0x69, 0x74, 0x20, 0x61, 0x77, 0x61, 0x79, 0x2e, 0x20, 0x20, 0x54, 0x68, 0x65,
    0x20, 0x63, 0x6c, 0x6f, 0x63, 0x6b, 0x2c, 0x20, 0x74, 0x68, 0x65, 0x0a, 0x20, 0x20, 0x20, 0x20,
    0x6d, 0x6f, 0x6e, 0x69, 0x74, 0x6f, 0x72, 0x20, 0x61, 0x6e, 0x64, 0x20, 0x74, 0x68, 0x65, 0x20,
    0x72, 0x65, 0x61, 0x64, 0x65, 0x72, 0x20, 0x61, 0x72, 0x65, 0x20, 0x73, 0x74, 0x61, 0x72, 0x74,
    0x65, 0x64, 0x20, 0x66, 0x72, 0x6f, 0x6d, 0x20, 0x54, 0x6f, 0x6f, 0x6c, 0x73, 0x2f, 0x20, 0x72,
    0x61, 0x74, 0x68, 0x65, 0x72, 0x20, 0x74, 0x68, 0x61, 0x6e, 0x20, 0x66, 0x72, 0x6f, 0x6d, 0x0a,
    0x20, 0x20, 0x20, 0x20, 0x74, 0x68, 0x65, 0x20, 0x6d, 0x65, 0x6e, 0x75, 0x2c, 0x20, 0x77, 0x68,
    0x69, 0x63, 0x68, 0x20, 0x6b, 0x65, 0x65, 0x70, 0x73, 0x20, 0x41, 0x62, 0x6f, 0x75, 0x74, 0x20,
    0x61, 0x6c, 0x6f, 0x6e, 0x65, 0x20, 0x75, 0x6e, 0x64, 0x65, 0x72, 0x20, 0x74, 0x68, 0x65, 0x20,
    0x72, 0x75, 0x6c, 0x65, 0x20, 0x61, 0x6e, 0x64, 0x20, 0x69, 0x73, 0x20, 0x61, 0x20, 0x74, 0x68,
    0x69, 0x72, 0x64, 0x0a, 0x20, 0x20, 0x20, 0x20, 0x73, 0x68, 0x6f, 0x72, 0x74, 0x65, 0x72, 0x20,
    0x66, 0x6f, 0x72, 0x20, 0x69, 0x74, 0x3b, 0x20, 0x41, 0x70, 0x70, 0x73, 0x2f, 0x20, 0x61, 0x6e,
    0x64, 0x20, 0x54, 0x6f, 0x6f, 0x6c, 0x73, 0x2f, 0x20, 0x62, 0x6f, 0x74, 0x68, 0x20, 0x73, 0x61,
    0x79, 0x20, 0x77, 0x68, 0x65, 0x72, 0x65, 0x20, 0x74, 0x68, 0x65, 0x20, 0x74, 0x68, 0x72, 0x65,
    0x65, 0x20, 0x77, 0x65, 0x6e, 0x74, 0x2e, 0x0a, 0x20, 0x20, 0x50, 0x72, 0x65, 0x66, 0x65, 0x72,
    0x65, 0x6e, 0x63, 0x65, 0x73, 0x2c, 0x20, 0x61, 0x20, 0x70, 0x61, 0x6e, 0x65, 0x20, 0x6f, 0x66,
    0x20, 0x69, 0x74, 0x73, 0x20, 0x6f, 0x77, 0x6e, 0x3a, 0x20, 0x66, 0x69, 0x76, 0x65, 0x20, 0x62,
    0x61, 0x63, 0x6b, 0x64, 0x72, 0x6f, 0x70, 0x73, 0x20, 0x2d, 0x2d, 0x20, 0x77, 0x61, 0x73, 0x68,
    0x2c, 0x20, 0x70, 0x61, 0x70, 0x65, 0x72, 0x2c, 0x20, 0x61, 0x7a, 0x75, 0x72, 0x65, 0x2c, 0x0a,
    0x20, 0x20, 0x20, 0x20, 0x64, 0x75, 0x73, 0x6b, 0x20, 0x61, 0x6e, 0x64, 0x20, 0x73, 0x6c, 0x61,
    0x74, 0x65, 0x20, 0x2d, 0x2d, 0x20, 0x63, 0x68, 0x6f, 0x73, 0x65, 0x6e, 0x20, 0x77, 0x69, 0x74,
    0x68, 0x20, 0x6f, 0x6e, 0x65, 0x20, 0x70, 0x72, 0x65, 0x73, 0x73, 0x20, 0x61, 0x6e, 0x64, 0x20,
    0x70, 0x61, 0x69, 0x6e, 0x74, 0x65, 0x64, 0x20, 0x61, 0x74, 0x20, 0x6f, 0x6e, 0x63, 0x65, 0x2c,
    0x20, 0x77, 0x69, 0x74, 0x68, 0x0a, 0x20, 0x20, 0x20, 0x20, 0x74, 0x68, 0x65, 0x20, 0x68, 0x61,
    0x69, 0x72, 0x6c, 0x69, 0x6e, 0x65, 0x20, 0x67, 0x72, 0x69, 0x64, 0x20, 0x61, 0x6e, 0x64, 0x20,
    0x74, 0x68, 0x65, 0x20, 0x68, 0x6f, 0x72, 0x69, 0x7a, 0x6f, 0x6e, 0x20, 0x67, 0x6c, 0x6f, 0x77,
    0x73, 0x20, 0x61, 0x73, 0x20, 0x63, 0x68, 0x65, 0x63, 0x6b, 0x20, 0x62, 0x6f, 0x78, 0x65, 0x73,
    0x20, 0x62, 0x65, 0x73, 0x69, 0x64, 0x65, 0x20, 0x74, 0x68, 0x65, 0x6d, 0x2e, 0x0a, 0x20, 0x20,
    0x20, 0x20, 0x41, 0x6c, 0x6c, 0x20, 0x66, 0x69, 0x76, 0x65, 0x20, 0x61, 0x72, 0x65, 0x20, 0x74,
    0x68, 0x65, 0x20, 0x73, 0x61, 0x6d, 0x65, 0x20, 0x6c, 0x69, 0x67, 0x68, 0x74, 0x20, 0x66, 0x69,
    0x65, 0x6c, 0x64, 0x20, 0x69, 0x6e, 0x20, 0x66, 0x69, 0x76, 0x65, 0x20, 0x68, 0x75, 0x65, 0x73,
    0x2c, 0x20, 0x73, 0x6f, 0x20, 0x74, 0x68, 0x65, 0x20, 0x6d, 0x61, 0x72, 0x6b, 0x2c, 0x20, 0x74,
    0x68, 0x65, 0x0a, 0x20, 0x20, 0x20, 0x20, 0x77, 0x6f, 0x72, 0x64, 0x6d, 0x61, 0x72, 0x6b, 0x20,
    0x61, 0x6e, 0x64, 0x20, 0x74, 0x68, 0x65, 0x20, 0x57, 0x6f, 0x72, 0x6b, 0x62, 0x65, 0x6e, 0x63,
    0x68, 0x20, 0x63, 0x68, 0x72, 0x6f, 0x6d, 0x65, 0x20, 0x6f, 0x76, 0x65, 0x72, 0x20, 0x74, 0x68,
    0x65, 0x6d, 0x20, 0x72, 0x65, 0x61, 0x64, 0x20, 0x61, 0x6c, 0x69, 0x6b, 0x65, 0x20, 0x6f, 0x6e,
    0x20, 0x65, 0x76, 0x65, 0x72, 0x79, 0x0a, 0x20, 0x20, 0x20, 0x20, 0x6f, 0x6e, 0x65, 0x2e, 0x20,
    0x20, 0x43, 0x6f, 0x6e, 0x66, 0x69, 0x67, 0x2f, 0x73, 0x63, 0x72, 0x65, 0x65, 0x6e, 0x2e, 0x63,
    0x66, 0x67, 0x20, 0x74, 0x61, 0x6b, 0x65, 0x73, 0x20, 0x22, 0x62, 0x61, 0x63, 0x6b, 0x64, 0x72,
    0x6f, 0x70, 0x20, 0x3d, 0x20, 0x2e, 0x2e, 0x2e, 0x22, 0x20, 0x61, 0x6e, 0x64, 0x20, 0x73, 0x61,
    0x79, 0x73, 0x20, 0x77, 0x68, 0x69, 0x63, 0x68, 0x20, 0x74, 0x68, 0x65, 0x0a, 0x20, 0x20, 0x20,
    0x20, 0x6d, 0x61, 0x63, 0x68, 0x69, 0x6e, 0x65, 0x20, 0x63, 0x6f, 0x6d, 0x65, 0x73, 0x20, 0x75,
    0x70, 0x20, 0x77, 0x69, 0x74, 0x68, 0x3b, 0x20, 0x74, 0x68, 0x65, 0x20, 0x70, 0x61, 0x6e, 0x65,
    0x20, 0x73, 0x61, 0x79, 0x73, 0x20, 0x77, 0x68, 0x69, 0x63, 0x68, 0x20, 0x74, 0x68, 0x69, 0x73,
    0x20, 0x73, 0x65, 0x73, 0x73, 0x69, 0x6f, 0x6e, 0x20, 0x68, 0x61, 0x73, 0x2e, 0x0a, 0x20, 0x20,
    0x45, 0x73, 0x63, 0x61, 0x70, 0x65, 0x20, 0x70, 0x75, 0x74, 0x73, 0x20, 0x64, 0x6f, 0x77, 0x6e,
    0x20, 0x77, 0x68, 0x69, 0x63, 0x68, 0x65, 0x76, 0x65, 0x72, 0x20, 0x70, 0x72, 0x6f, 0x67, 0x72,
    0x61, 0x6d, 0x20, 0x68, 0x61, 0x73, 0x20, 0x74, 0x68, 0x65, 0x20, 0x6b, 0x65, 0x79, 0x62, 0x6f,
    0x61, 0x72, 0x64, 0x2c, 0x20, 0x74, 0x68, 0x65, 0x20, 0x77, 0x61, 0x79, 0x20, 0x74, 0x68, 0x65,
    0x0a, 0x20, 0x20, 0x20, 0x20, 0x63, 0x72, 0x6f, 0x73, 0x73, 0x20, 0x64, 0x6f, 0x65, 0x73, 0x20,
    0x69, 0x74, 0x20, 0x66, 0x6f, 0x72, 0x20, 0x74, 0x68, 0x65, 0x20, 0x70, 0x6f, 0x69, 0x6e, 0x74,
    0x65, 0x72, 0x2e, 0x0a, 0x20, 0x20, 0x57, 0x68, 0x61, 0x74, 0x20, 0x74, 0x68, 0x65, 0x20, 0x72,
    0x65, 0x61, 0x64, 0x65, 0x72, 0x20, 0x73, 0x68, 0x6f, 0x77, 0x73, 0x20, 0x6f, 0x66, 0x20, 0x61,
    0x20, 0x66, 0x69, 0x6c, 0x65, 0x20, 0x69, 0x74, 0x20, 0x63, 0x61, 0x6e, 0x6e, 0x6f, 0x74, 0x20,
    0x77, 0x72, 0x69, 0x74, 0x65, 0x20, 0x62, 0x61, 0x63, 0x6b, 0x20, 0x69, 0x73, 0x20, 0x73, 0x61,
    0x69, 0x64, 0x20, 0x6f, 0x6e, 0x20, 0x69, 0x74, 0x73, 0x0a, 0x20, 0x20, 0x20, 0x20, 0x73, 0x74,
    0x61, 0x74, 0x75, 0x73, 0x20, 0x6c, 0x69, 0x6e, 0x65, 0x3a, 0x20, 0x61, 0x20, 0x74, 0x65, 0x78,
    0x74, 0x20, 0x66, 0x69, 0x6c, 0x65, 0x20, 0x63, 0x61, 0x6e, 0x20, 0x62, 0x65, 0x20, 0x74, 0x79,
    0x70, 0x65, 0x64, 0x20, 0x69, 0x6e, 0x74, 0x6f, 0x2c, 0x20, 0x61, 0x6e, 0x64, 0x20, 0x69, 0x73,
    0x20, 0x6c, 0x61, 0x62, 0x65, 0x6c, 0x6c, 0x65, 0x64, 0x20, 0x65, 0x64, 0x69, 0x74, 0x65, 0x64,
    0x0a, 0x20, 0x20, 0x20, 0x20, 0x62, 0x75, 0x74, 0x20, 0x6e, 0x6f, 0x74, 0x20, 0x73, 0x61, 0x76,
    0x65, 0x64, 0x2c, 0x20, 0x62, 0x65, 0x63, 0x61, 0x75, 0x73, 0x65, 0x20, 0x74, 0x68, 0x65, 0x20,
    0x73, 0x74, 0x6f, 0x72, 0x65, 0x20, 0x68, 0x61, 0x73, 0x20, 0x6e, 0x6f, 0x20, 0x77, 0x72, 0x69,
    0x74, 0x65, 0x20, 0x70, 0x61, 0x74, 0x68, 0x20, 0x79, 0x65, 0x74, 0x2e, 0x0a, 0x20, 0x20, 0x58,
    0x65, 0x6e, 0x20, 0x69, 0x73, 0x20, 0x63, 0x75, 0x74, 0x20, 0x66, 0x72, 0x6f, 0x6d, 0x20, 0x74,
    0x68, 0x65, 0x20, 0x41, 0x6d, 0x69, 0x67, 0x61, 0x20, 0x66, 0x6f, 0x6e, 0x74, 0x20, 0x6f, 0x66,
    0x20, 0x74, 0x68, 0x61, 0x74, 0x20, 0x6e, 0x61, 0x6d, 0x65, 0x20, 0x6e, 0x6f, 0x77, 0x20, 0x72,
    0x61, 0x74, 0x68, 0x65, 0x72, 0x20, 0x74, 0x68, 0x61, 0x6e, 0x20, 0x64, 0x72, 0x61, 0x77, 0x6e,
    0x20, 0x62, 0x79, 0x0a, 0x20, 0x20, 0x20, 0x20, 0x68, 0x61, 0x6e, 0x64, 0x2e, 0x20, 0x20, 0x54,
    0x68, 0x65, 0x20, 0x41, 0x6d, 0x69, 0x67, 0x61, 0x20, 0x64, 0x69, 0x73, 0x6b, 0x20, 0x66, 0x6f,
    0x6e, 0x74, 0x20, 0x75, 0x6e, 0x64, 0x65, 0x72, 0x20, 0x62, 0x6f, 0x6f, 0x74, 0x2f, 0x72, 0x6f,
    0x6d, 0x2f, 0x66, 0x6f, 0x6e, 0x74, 0x73, 0x20, 0x69, 0x73, 0x20, 0x61, 0x20, 0x68, 0x75, 0x6e,
    0x6b, 0x20, 0x66, 0x69, 0x6c, 0x65, 0x3a, 0x20, 0x6f, 0x6e, 0x65, 0x0a, 0x20, 0x20, 0x20, 0x20,
    0x63, 0x6f, 0x64, 0x65, 0x20, 0x68, 0x75, 0x6e, 0x6b, 0x20, 0x63, 0x61, 0x72, 0x72, 0x79, 0x69,
    0x6e, 0x67, 0x20, 0x61, 0x20, 0x67, 0x6c, 0x79, 0x70, 0x68, 0x20, 0x73, 0x74, 0x72, 0x69, 0x70,
    0x2c, 0x20, 0x65, 0x76, 0x65, 0x72, 0x79, 0x20, 0x63, 0x68, 0x61, 0x72, 0x61, 0x63, 0x74, 0x65,
    0x72, 0x20, 0x6f, 0x66, 0x20, 0x74, 0x68, 0x65, 0x20, 0x66, 0x61, 0x63, 0x65, 0x20, 0x6c, 0x61,
    0x69, 0x64, 0x0a, 0x20, 0x20, 0x20, 0x20, 0x73, 0x69, 0x64, 0x65, 0x20, 0x62, 0x79, 0x20, 0x73,
    0x69, 0x64, 0x65, 0x20, 0x77, 0x69, 0x74, 0x68, 0x20, 0x6f, 0x6e, 0x65, 0x20, 0x62, 0x69, 0x74,
    0x20, 0x74, 0x6f, 0x20, 0x74, 0x68, 0x65, 0x20, 0x62, 0x79, 0x74, 0x65, 0x2c, 0x20, 0x61, 0x6e,
    0x64, 0x20, 0x61, 0x20, 0x74, 0x61, 0x62, 0x6c, 0x65, 0x20, 0x61, 0x66, 0x74, 0x65, 0x72, 0x20,
    0x69, 0x74, 0x20, 0x67, 0x69, 0x76, 0x69, 0x6e, 0x67, 0x0a, 0x20, 0x20, 0x20, 0x20, 0x65, 0x61,
    0x63, 0x68, 0x20, 0x63, 0x68, 0x61, 0x72, 0x61, 0x63, 0x74, 0x65, 0x72, 0x27, 0x73, 0x20, 0x70,
    0x6f, 0x73, 0x69, 0x74, 0x69, 0x6f, 0x6e, 0x20, 0x61, 0x6e, 0x64, 0x20, 0x61, 0x64, 0x76, 0x61,
    0x6e, 0x63, 0x65, 0x2e, 0x20, 0x20, 0x54, 0x68, 0x65, 0x20, 0x67, 0x65, 0x6e, 0x65, 0x72, 0x61,
    0x74, 0x6f, 0x72, 0x20, 0x77, 0x61, 0x6c, 0x6b, 0x73, 0x20, 0x62, 0x6f, 0x74, 0x68, 0x0a, 0x20,
    0x20, 0x20, 0x20, 0x61, 0x6e, 0x64, 0x20, 0x72, 0x65, 0x2d, 0x63, 0x75, 0x74, 0x73, 0x20, 0x74,
    0x68, 0x65, 0x20, 0x66, 0x61, 0x63, 0x65, 0x20, 0x69, 0x6e, 0x74, 0x6f, 0x20, 0x4e, 0x65, 0x6f,
    0x42, 0x65, 0x6e, 0x63, 0x68, 0x27, 0x73, 0x20, 0x6f, 0x77, 0x6e, 0x20, 0x67, 0x72, 0x69, 0x64,
    0x20, 0x2d, 0x2d, 0x20, 0x6e, 0x69, 0x6e, 0x65, 0x20, 0x72, 0x6f, 0x77, 0x73, 0x2c, 0x20, 0x65,
    0x69, 0x67, 0x68, 0x74, 0x0a, 0x20, 0x20, 0x20, 0x20, 0x70, 0x69, 0x78, 0x65, 0x6c, 0x73, 0x20,
    0x6f, 0x66, 0x20, 0x61, 0x64, 0x76, 0x61, 0x6e, 0x63, 0x65, 0x2c, 0x20, 0x65, 0x61, 0x63, 0x68,
    0x20, 0x67, 0x6c, 0x79, 0x70, 0x68, 0x20, 0x63, 0x65, 0x6e, 0x74, 0x72, 0x65, 0x64, 0x20, 0x69,
    0x6e, 0x20, 0x69, 0x74, 0x73, 0x20, 0x63, 0x65, 0x6c, 0x6c, 0x20, 0x73, 0x6f, 0x20, 0x63, 0x6f,
    0x6c, 0x75, 0x6d, 0x6e, 0x20, 0x37, 0x20, 0x73, 0x74, 0x61, 0x79, 0x73, 0x0a, 0x20, 0x20, 0x20,
    0x20, 0x63, 0x6c, 0x65, 0x61, 0x72, 0x20, 0x61, 0x6e, 0x64, 0x20, 0x6e, 0x6f, 0x20, 0x74, 0x77,
    0x6f, 0x20, 0x63, 0x68, 0x61, 0x72, 0x61, 0x63, 0x74, 0x65, 0x72, 0x73, 0x20, 0x63, 0x61, 0x6e,
    0x20, 0x74, 0x6f, 0x75, 0x63, 0x68, 0x2e, 0x20, 0x20, 0x4e, 0x6f, 0x74, 0x68, 0x69, 0x6e, 0x67,
    0x20, 0x74, 0x68, 0x65, 0x20, 0x6c, 0x61, 0x79, 0x6f, 0x75, 0x74, 0x20, 0x6c, 0x65, 0x61, 0x6e,
    0x73, 0x20, 0x6f, 0x6e, 0x0a, 0x20, 0x20, 0x20, 0x20, 0x6d, 0x6f, 0x76, 0x65, 0x64, 0x3a, 0x20,
    0x63, 0x61, 0x70, 0x69, 0x74, 0x61, 0x6c, 0x73, 0x20, 0x73, 0x74, 0x69, 0x6c, 0x6c, 0x20, 0x73,
    0x69, 0x74, 0x20, 0x69, 0x6e, 0x20, 0x72, 0x6f, 0x77, 0x73, 0x20, 0x30, 0x20, 0x74, 0x6f, 0x20,
    0x36, 0x2c, 0x20, 0x74, 0x68, 0x65, 0x20, 0x78, 0x2d, 0x68, 0x65, 0x69, 0x67, 0x68, 0x74, 0x20,
    0x69, 0x6e, 0x20, 0x32, 0x20, 0x74, 0x6f, 0x20, 0x36, 0x20, 0x61, 0x6e, 0x64, 0x0a, 0x20, 0x20,
    0x20, 0x20, 0x74, 0x68, 0x65, 0x20, 0x64, 0x65, 0x73, 0x63, 0x65, 0x6e, 0x64, 0x65, 0x72, 0x73,
    0x20, 0x69, 0x6e, 0x20, 0x37, 0x20, 0x61, 0x6e, 0x64, 0x20, 0x38, 0x2c, 0x20, 0x73, 0x6f, 0x20,
    0x74, 0x68, 0x65, 0x20, 0x74, 0x79, 0x70, 0x65, 0x20, 0x73, 0x69, 0x74, 0x73, 0x20, 0x77, 0x68,
    0x65, 0x72, 0x65, 0x20, 0x69, 0x74, 0x20, 0x64, 0x69, 0x64, 0x2c, 0x20, 0x6f, 0x6e, 0x6c, 0x79,
    0x20, 0x64, 0x72, 0x61, 0x77, 0x6e, 0x0a, 0x20, 0x20, 0x20, 0x20, 0x61, 0x73, 0x20, 0x58, 0x65,
    0x6e, 0x20, 0x72, 0x65, 0x61, 0x6c, 0x6c, 0x79, 0x20, 0x69, 0x73, 0x2e, 0x0a, 0x0a, 0x30, 0x2e,
    0x31, 0x2e, 0x36, 0x0a, 0x20, 0x20, 0x4e, 0x65, 0x6f, 0x42, 0x65, 0x6e, 0x63, 0x68, 0x27, 0x73,
    0x20, 0x6f, 0x77, 0x6e, 0x20, 0x64, 0x69, 0x72, 0x65, 0x63, 0x74, 0x6f, 0x72, 0x79, 0x20, 0x73,
    0x74, 0x72, 0x75, 0x63, 0x74, 0x75, 0x72, 0x65, 0x2c, 0x20, 0x6e, 0x6f, 0x74, 0x20, 0x6f, 0x6e,
    0x65, 0x20, 0x62, 0x6f, 0x72, 0x72, 0x6f, 0x77, 0x65, 0x64, 0x20, 0x66, 0x72, 0x6f, 0x6d, 0x20,
    0x61, 0x6e, 0x79, 0x77, 0x68, 0x65, 0x72, 0x65, 0x3a, 0x0a, 0x20, 0x20, 0x20, 0x20, 0x41, 0x70,
    0x70, 0x73, 0x2f, 0x20, 0x66, 0x6f, 0x72, 0x20, 0x70, 0x72, 0x6f, 0x67, 0x72, 0x61, 0x6d, 0x73,
    0x2c, 0x20, 0x43, 0x6f, 0x6e, 0x66, 0x69, 0x67, 0x2f, 0x20, 0x66, 0x6f, 0x72, 0x20, 0x73, 0x65,
    0x74, 0x74, 0x69, 0x6e, 0x67, 0x73, 0x2c, 0x20, 0x43, 0x6f, 0x72, 0x65, 0x2f, 0x20, 0x66, 0x6f,
    0x72, 0x20, 0x42, 0x65, 0x6e, 0x63, 0x68, 0x2c, 0x20, 0x44, 0x6f, 0x63, 0x73, 0x20, 0x61, 0x6e,
    0x64, 0x0a, 0x20, 0x20, 0x20, 0x20, 0x4d, 0x65, 0x64, 0x69, 0x61, 0x2c, 0x20, 0x48, 0x6f, 0x6d,
    0x65, 0x2f, 0x20, 0x66, 0x6f, 0x72, 0x20, 0x79, 0x6f, 0x75, 0x72, 0x20, 0x6f, 0x77, 0x6e, 0x20,
    0x63, 0x6f, 0x6e, 0x74, 0x65, 0x6e, 0x74, 0x20, 0x61, 0x6e, 0x64, 0x20, 0x54, 0x65, 0x6d, 0x70,
    0x2f, 0x20, 0x77, 0x68, 0x65, 0x72, 0x65, 0x20, 0x64, 0x6f, 0x77, 0x6e, 0x6c, 0x6f, 0x61, 0x64,
    0x73, 0x20, 0x6c, 0x61, 0x6e, 0x64, 0x20, 0x2d, 0x2d, 0x0a, 0x20, 0x20, 0x20, 0x20, 0x61, 0x6e,
    0x64, 0x20, 0x6e, 0x6f, 0x74, 0x68, 0x69, 0x6e, 0x67, 0x20, 0x69, 0x73, 0x20, 0x6b, 0x65, 0x70,
    0x74, 0x20, 0x6f, 0x6e, 0x20, 0x61, 0x20, 0x52, 0x41, 0x4d, 0x20, 0x64, 0x69, 0x73, 0x6b, 0x2c,
    0x20, 0x62, 0x65, 0x63, 0x61, 0x75, 0x73, 0x65, 0x20, 0x74, 0x68, 0x65, 0x72, 0x65, 0x20, 0x69,
    0x73, 0x20, 0x6e, 0x6f, 0x6e, 0x65, 0x20, 0x74, 0x6f, 0x20, 0x6b, 0x65, 0x65, 0x70, 0x20, 0x69,
    0x74, 0x0a, 0x20, 0x20, 0x20, 0x20, 0x6f, 0x6e, 0x2e, 0x20, 0x20, 0x54, 0x68, 0x65, 0x20, 0x66,
    0x6f, 0x75, 0x72, 0x20, 0x63, 0x6f, 0x6e, 0x66, 0x69, 0x67, 0x75, 0x72, 0x61, 0x74, 0x69, 0x6f,
    0x6e, 0x20, 0x66, 0x69, 0x6c, 0x65, 0x73, 0x20, 0x61, 0x72, 0x65, 0x20, 0x43, 0x6f, 0x6e, 0x66,
    0x69, 0x67, 0x2f, 0x62, 0x6f, 0x6f, 0x74, 0x2e, 0x63, 0x66, 0x67, 0x2c, 0x0a, 0x20, 0x20, 0x20,
    0x20, 0x43, 0x6f, 0x6e, 0x66, 0x69, 0x67, 0x2f, 0x70, 0x6f, 0x69, 0x6e, 0x74, 0x65, 0x72, 0x2e,
    0x63, 0x66, 0x67, 0x2c, 0x20, 0x43, 0x6f, 0x6e, 0x66, 0x69, 0x67, 0x2f, 0x73, 0x63, 0x72, 0x65,
    0x65, 0x6e, 0x2e, 0x63, 0x66, 0x67, 0x20, 0x61, 0x6e, 0x64, 0x20, 0x43, 0x6f, 0x6e, 0x66, 0x69,
    0x67, 0x2f, 0x73, 0x6f, 0x75, 0x6e, 0x64, 0x2e, 0x63, 0x66, 0x67, 0x2c, 0x20, 0x61, 0x6c, 0x6c,
    0x0a, 0x20, 0x20, 0x20, 0x20, 0x72, 0x65, 0x61, 0x64, 0x20, 0x73, 0x74, 0x72, 0x61, 0x69, 0x67,
    0x68, 0x74, 0x20, 0x6f, 0x75, 0x74, 0x20, 0x6f, 0x66, 0x20, 0x74, 0x68, 0x65, 0x20, 0x52, 0x4f,
    0x4d, 0x20, 0x69, 0x6d, 0x61, 0x67, 0x65, 0x20, 0x61, 0x74, 0x20, 0x62, 0x6f, 0x6f, 0x74, 0x2e,
    0x0a, 0x20, 0x20, 0x48, 0x61, 0x72, 0x64, 0x77, 0x61, 0x72, 0x65, 0x20, 0x64, 0x65, 0x74, 0x65,
    0x63, 0x74, 0x69, 0x6f, 0x6e, 0x20, 0x61, 0x74, 0x20, 0x62, 0x6f, 0x6f, 0x74, 0x3a, 0x20, 0x65,
    0x76, 0x65, 0x72, 0x79, 0x20, 0x62, 0x75, 0x73, 0x20, 0x69, 0x73, 0x20, 0x77, 0x61, 0x6c, 0x6b,
    0x65, 0x64, 0x20, 0x61, 0x6e, 0x64, 0x20, 0x61, 0x20, 0x64, 0x72, 0x69, 0x76, 0x65, 0x72, 0x20,
    0x69, 0x73, 0x0a, 0x20, 0x20, 0x20, 0x20, 0x73, 0x74, 0x61, 0x72, 0x74, 0x65, 0x64, 0x20, 0x66,
    0x6f, 0x72, 0x20, 0x65, 0x61, 0x63, 0x68, 0x20, 0x64, 0x65, 0x76, 0x69, 0x63, 0x65, 0x20, 0x74,
    0x68, 0x61, 0x74, 0x20, 0x61, 0x6e, 0x73, 0x77, 0x65, 0x72, 0x73, 0x2e, 0x20, 0x20, 0x47, 0x61,
    0x79, 0x6c, 0x65, 0x20, 0x49, 0x44, 0x45, 0x20, 0x63, 0x61, 0x72, 0x72, 0x69, 0x65, 0x73, 0x20,
    0x74, 0x68, 0x65, 0x20, 0x66, 0x69, 0x78, 0x65, 0x64, 0x0a, 0x20, 0x20, 0x20, 0x20, 0x64, 0x69,
    0x73, 0x6b, 0x73, 0x20, 0x61, 0x6e, 0x64, 0x20, 0x74, 0x68, 0x65, 0x20, 0x43, 0x44, 0x2d, 0x52,
    0x4f, 0x4d, 0x2c, 0x20, 0x61, 0x6e, 0x64, 0x20, 0x61, 0x6e, 0x20, 0x49, 0x44, 0x45, 0x4e, 0x54,
    0x49, 0x46, 0x59, 0x20, 0x77, 0x6f, 0x72, 0x64, 0x20, 0x74, 0x68, 0x61, 0x74, 0x20, 0x73, 0x61,
    0x79, 0x73, 0x20, 0x74, 0x68, 0x65, 0x20, 0x75, 0x6e, 0x69, 0x74, 0x20, 0x69, 0x73, 0x0a, 0x20,
    0x20, 0x20, 0x20, 0x72, 0x65, 0x6d, 0x6f, 0x76, 0x61, 0x62, 0x6c, 0x65, 0x20, 0x69, 0x73, 0x20,
    0x77, 0x68, 0x61, 0x74, 0x20, 0x74, 0x75, 0x72, 0x6e, 0x73, 0x20, 0x61, 0x20, 0x63, 0x6f, 0x6d,
    0x70, 0x61, 0x63, 0x74, 0x20, 0x66, 0x6c, 0x61, 0x73, 0x68, 0x20, 0x6f, 0x72, 0x20, 0x53, 0x44,
    0x20, 0x61, 0x64, 0x61, 0x70, 0x74, 0x65, 0x72, 0x20, 0x69, 0x6e, 0x74, 0x6f, 0x20, 0x61, 0x20,
    0x63, 0x61, 0x72, 0x64, 0x0a, 0x20, 0x20, 0x20, 0x20, 0x72, 0x65, 0x61, 0x64, 0x65, 0x72, 0x20,
    0x72, 0x61, 0x74, 0x68, 0x65, 0x72, 0x20, 0x74, 0x68, 0x61, 0x6e, 0x20, 0x61, 0x20, 0x68, 0x61,
    0x72, 0x64, 0x20, 0x64, 0x69, 0x73, 0x6b, 0x2e, 0x20, 0x20, 0x54, 0x68, 0x65, 0x20, 0x62, 0x75,
    0x73, 0x65, 0x73, 0x20, 0x61, 0x6e, 0x20, 0x41, 0x31, 0x32, 0x30, 0x30, 0x20, 0x6f, 0x72, 0x20,
    0x41, 0x34, 0x30, 0x30, 0x30, 0x54, 0x0a, 0x20, 0x20, 0x20, 0x20, 0x63, 0x61, 0x6e, 0x6e, 0x6f,
    0x74, 0x20, 0x63, 0x61, 0x72, 0x72, 0x79, 0x20, 0x2d, 0x2d, 0x20, 0x53, 0x43, 0x53, 0x49, 0x2c,
    0x20, 0x55, 0x53, 0x42, 0x2c, 0x20, 0x53, 0x41, 0x54, 0x41, 0x20, 0x61, 0x6e, 0x64, 0x20, 0x6e,
    0x65, 0x74, 0x77, 0x6f, 0x72, 0x6b, 0x69, 0x6e, 0x67, 0x20, 0x2d, 0x2d, 0x20, 0x72, 0x65, 0x70,
    0x6f, 0x72, 0x74, 0x20, 0x74, 0x68, 0x65, 0x0a, 0x20, 0x20, 0x20, 0x20, 0x6d, 0x61, 0x63, 0x68,
    0x69, 0x6e, 0x65, 0x27, 0x73, 0x20, 0x6f, 0x77, 0x6e, 0x20, 0x61, 0x6e, 0x73, 0x77, 0x65, 0x72,
    0x20, 0x69, 0x6e, 0x73, 0x74, 0x65, 0x61, 0x64, 0x20, 0x6f, 0x66, 0x20, 0x61, 0x20, 0x73, 0x63,
    0x61, 0x6e, 0x20, 0x74, 0x68, 0x61, 0x74, 0x20, 0x63, 0x6f, 0x75, 0x6c, 0x64, 0x20, 0x6e, 0x6f,
    0x74, 0x20, 0x62, 0x65, 0x20, 0x74, 0x6f, 0x6c, 0x64, 0x20, 0x66, 0x72, 0x6f, 0x6d, 0x0a, 0x20,
    0x20, 0x20, 0x20, 0x61, 0x20, 0x72, 0x75, 0x6d, 0x6f, 0x75, 0x72, 0x2e, 0x20, 0x20, 0x22, 0x73,
    0x63, 0x61, 0x6e, 0x22, 0x20, 0x69, 0x6e, 0x20, 0x62, 0x6f, 0x6f, 0x74, 0x2e, 0x63, 0x66, 0x67,
    0x20, 0x73, 0x77, 0x69, 0x74, 0x63, 0x68, 0x65, 0x73, 0x20, 0x74, 0x68, 0x65, 0x20, 0x77, 0x61,
    0x6c, 0x6b, 0x20, 0x6f, 0x66, 0x66, 0x2e, 0x0a, 0x20, 0x20, 0x54, 0x68, 0x65, 0x20, 0x73, 0x74,
    0x61, 0x72, 0x74, 0x75, 0x70, 0x20, 0x63, 0x68, 0x69, 0x6d, 0x65, 0x20, 0x73, 0x6f, 0x75, 0x6e,
    0x64, 0x73, 0x20, 0x65, 0x78, 0x61, 0x63, 0x74, 0x6c, 0x79, 0x20, 0x6f, 0x6e, 0x63, 0x65, 0x2c,
    0x20, 0x74, 0x68, 0x65, 0x6e, 0x20, 0x74, 0x68, 0x65, 0x20, 0x62, 0x6f, 0x6f, 0x74, 0x20, 0x6c,
    0x6f, 0x67, 0x20, 0x69, 0x73, 0x20, 0x68, 0x65, 0x6c, 0x64, 0x20, 0x66, 0x6f, 0x72, 0x0a, 0x20,
    0x20, 0x20, 0x20, 0x74, 0x68, 0x72, 0x65, 0x65, 0x20, 0x73, 0x65, 0x63, 0x6f, 0x6e, 0x64, 0x73,
    0x20, 0x28, 0x22, 0x68, 0x6f, 0x6c, 0x64, 0x22, 0x20, 0x69, 0x6e, 0x20, 0x62, 0x6f, 0x6f, 0x74,
    0x2e, 0x63, 0x66, 0x67, 0x29, 0x2c, 0x20, 0x61, 0x6e, 0x64, 0x20, 0x6f, 0x6e, 0x6c, 0x79, 0x20,
    0x74, 0x68, 0x65, 0x6e, 0x20, 0x64, 0x6f, 0x65, 0x73, 0x20, 0x74, 0x68, 0x65, 0x20, 0x64, 0x65,
    0x73, 0x6b, 0x74, 0x6f, 0x70, 0x0a, 0x20, 0x20, 0x20, 0x20, 0x74, 0x61, 0x6b, 0x65, 0x20, 0x74,
    0x68, 0x65, 0x20, 0x73, 0x63, 0x72, 0x65, 0x65, 0x6e, 0x2e, 0x0a, 0x20, 0x20, 0x54, 0x68, 0x65,
    0x20, 0x62, 0x61, 0x72, 0x20, 0x61, 0x6c, 0x6f, 0x6e, 0x67, 0x20, 0x74, 0x68, 0x65, 0x20, 0x62,
    0x6f, 0x74, 0x74, 0x6f, 0x6d, 0x20, 0x69, 0x73, 0x20, 0x63, 0x75, 0x74, 0x20, 0x74, 0x68, 0x65,
    0x20, 0x77, 0x61, 0x79, 0x20, 0x41, 0x65, 0x72, 0x6f, 0x20, 0x63, 0x75, 0x74, 0x73, 0x20, 0x74,
    0x68, 0x65, 0x20, 0x57, 0x69, 0x6e, 0x64, 0x6f, 0x77, 0x73, 0x20, 0x37, 0x0a, 0x20, 0x20, 0x20,
    0x20, 0x74, 0x61, 0x73, 0x6b, 0x62, 0x61, 0x72, 0x3a, 0x20, 0x61, 0x20, 0x70, 0x61, 0x6e, 0x65,
    0x20, 0x6f, 0x66, 0x20, 0x74, 0x69, 0x6e, 0x74, 0x65, 0x64, 0x20, 0x67, 0x6c, 0x61, 0x73, 0x73,
    0x20, 0x6c, 0x61, 0x69, 0x64, 0x20, 0x6f, 0x76, 0x65, 0x72, 0x20, 0x74, 0x68, 0x65, 0x20, 0x62,
    0x61, 0x63, 0x6b, 0x64, 0x72, 0x6f, 0x70, 0x20, 0x77, 0x69, 0x74, 0x68, 0x20, 0x61, 0x20, 0x6c,
    0x69, 0x74, 0x0a, 0x20, 0x20, 0x20, 0x20, 0x65, 0x64, 0x67, 0x65, 0x20, 0x61, 0x6c, 0x6f, 0x6e,
    0x67, 0x20, 0x74, 0x68, 0x65, 0x20, 0x74, 0x6f, 0x70, 0x20, 0x6f, 0x66, 0x20, 0x69, 0x74, 0x2c,
    0x20, 0x72, 0x6f, 0x75, 0x6e, 0x64, 0x65, 0x64, 0x20, 0x62, 0x75, 0x74, 0x74, 0x6f, 0x6e, 0x73,
    0x20, 0x69, 0x6e, 0x73, 0x74, 0x65, 0x61, 0x64, 0x20, 0x6f, 0x66, 0x20, 0x62, 0x65, 0x76, 0x65,
    0x6c, 0x6c, 0x65, 0x64, 0x0a, 0x20, 0x20, 0x20, 0x20, 0x67, 0x61, 0x64, 0x67, 0x65, 0x74, 0x73,
    0x2c, 0x20, 0x61, 0x20, 0x63, 0x6c, 0x6f, 0x63, 0x6b, 0x20, 0x73, 0x65, 0x74, 0x20, 0x69, 0x6e,
    0x20, 0x74, 0x77, 0x6f, 0x20, 0x6c, 0x69, 0x6e, 0x65, 0x73, 0x2c, 0x20, 0x61, 0x6e, 0x64, 0x20,
    0x61, 0x20, 0x73, 0x6c, 0x69, 0x76, 0x65, 0x72, 0x20, 0x6f, 0x6e, 0x20, 0x74, 0x68, 0x65, 0x20,
    0x76, 0x65, 0x72, 0x79, 0x20, 0x65, 0x64, 0x67, 0x65, 0x0a, 0x20, 0x20, 0x20, 0x20, 0x74, 0x68,
    0x61, 0x74, 0x20, 0x74, 0x61, 0x6b, 0x65, 0x73, 0x20, 0x74, 0x68, 0x65, 0x20, 0x64, 0x65, 0x73,
    0x6b, 0x74, 0x6f, 0x70, 0x20, 0x61, 0x77, 0x61, 0x79, 0x2e, 0x20, 0x20, 0x22, 0x62, 0x61, 0x72,
    0x22, 0x20, 0x69, 0x6e, 0x20, 0x73, 0x63, 0x72, 0x65, 0x65, 0x6e, 0x2e, 0x63, 0x66, 0x67, 0x20,
    0x63, 0x75, 0x74, 0x73, 0x20, 0x74, 0x68, 0x65, 0x20, 0x73, 0x61, 0x6d, 0x65, 0x0a, 0x20, 0x20,
    0x20, 0x20, 0x66, 0x75, 0x72, 0x6e, 0x69, 0x74, 0x75, 0x72, 0x65, 0x20, 0x74, 0x68, 0x65, 0x20,
    0x66, 0x6c, 0x61, 0x74, 0x20, 0x57, 0x6f, 0x72, 0x6b, 0x62, 0x65, 0x6e, 0x63, 0x68, 0x20, 0x77,
    0x61, 0x79, 0x20, 0x69, 0x6e, 0x73, 0x74, 0x65, 0x61, 0x64, 0x2c, 0x20, 0x61, 0x6e, 0x64, 0x20,
    0x22, 0x67, 0x6c, 0x61, 0x73, 0x73, 0x22, 0x20, 0x73, 0x61, 0x79, 0x73, 0x20, 0x68, 0x6f, 0x77,
    0x0a, 0x20, 0x20, 0x20, 0x20, 0x6d, 0x75, 0x63, 0x68, 0x20, 0x6f, 0x66, 0x20, 0x74, 0x68, 0x65,
    0x20, 0x62, 0x61, 0x63, 0x6b, 0x64, 0x72, 0x6f, 0x70, 0x20, 0x74, 0x68, 0x65, 0x20, 0x70, 0x61,
    0x6e, 0x65, 0x20, 0x73, 0x68, 0x6f, 0x77, 0x73, 0x20, 0x74, 0x68, 0x72, 0x6f, 0x75, 0x67, 0x68,
    0x2e, 0x0a, 0x20, 0x20, 0x57, 0x69, 0x6e, 0x64, 0x6f, 0x77, 0x73, 0x20, 0x61, 0x6e, 0x64, 0x20,
    0x74, 0x68, 0x65, 0x20, 0x73, 0x74, 0x61, 0x72, 0x74, 0x20, 0x6d, 0x65, 0x6e, 0x75, 0x20, 0x6b,
    0x65, 0x65, 0x70, 0x20, 0x74, 0x68, 0x65, 0x20, 0x57, 0x6f, 0x72, 0x6b, 0x62, 0x65, 0x6e, 0x63,
    0x68, 0x20, 0x74, 0x68, 0x65, 0x79, 0x20, 0x77, 0x65, 0x72, 0x65, 0x20, 0x64, 0x72, 0x61, 0x77,
    0x6e, 0x20, 0x77, 0x69, 0x74, 0x68, 0x3a, 0x0a, 0x20, 0x20, 0x20, 0x20, 0x6f, 0x70, 0x61, 0x71,
    0x75, 0x65, 0x20, 0x66, 0x72, 0x61, 0x6d, 0x65, 0x73, 0x2c, 0x20, 0x74, 0x68, 0x65, 0x20, 0x62,
    0x6c, 0x75, 0x65, 0x20, 0x63, 0x61, 0x70, 0x74, 0x69, 0x6f, 0x6e, 0x20, 0x6f, 0x66, 0x20, 0x77,
    0x68, 0x61, 0x74, 0x65, 0x76, 0x65, 0x72, 0x20, 0x69, 0x73, 0x20, 0x6f, 0x6e, 0x20, 0x74, 0x6f,
    0x70, 0x2c, 0x20, 0x61, 0x6e, 0x64, 0x20, 0x61, 0x20, 0x6c, 0x69, 0x73, 0x74, 0x0a, 0x20, 0x20,
    0x20, 0x20, 0x76, 0x69, 0x65, 0x77, 0x20, 0x74, 0x68, 0x61, 0x74, 0x20, 0x72, 0x65, 0x76, 0x65,
    0x72, 0x73, 0x65, 0x73, 0x20, 0x74, 0x68, 0x65, 0x20, 0x63, 0x68, 0x6f, 0x73, 0x65, 0x6e, 0x20,
    0x72, 0x6f, 0x77, 0x2e, 0x20, 0x20, 0x54, 0x68, 0x65, 0x20, 0x62, 0x61, 0x63, 0x6b, 0x64, 0x72,
    0x6f, 0x70, 0x20, 0x73, 0x74, 0x61, 0x79, 0x73, 0x20, 0x4e, 0x65, 0x6f, 0x42, 0x65, 0x6e, 0x63,
    0x68, 0x27, 0x73, 0x0a, 0x20, 0x20, 0x20, 0x20, 0x6f, 0x77, 0x6e, 0x20, 0x2d, 0x2d, 0x20, 0x77,
    0x68, 0x69, 0x74, 0x65, 0x20, 0x66, 0x61, 0x6c, 0x6c, 0x69, 0x6e, 0x67, 0x20, 0x74, 0x6f, 0x20,
    0x6d, 0x69, 0x6e, 0x74, 0x2c, 0x20, 0x77, 0x69, 0x74, 0x68, 0x20, 0x74, 0x68, 0x65, 0x20, 0x74,
    0x68, 0x72, 0x65, 0x65, 0x20, 0x67, 0x6c, 0x6f, 0x77, 0x73, 0x2c, 0x20, 0x74, 0x68, 0x65, 0x20,
    0x68, 0x61, 0x69, 0x72, 0x6c, 0x69, 0x6e, 0x65, 0x0a, 0x20, 0x20, 0x20, 0x20, 0x67, 0x72, 0x69,
    0x64, 0x2c, 0x20, 0x74, 0x68, 0x65, 0x20, 0x6d, 0x61, 0x72, 0x6b, 0x20, 0x61, 0x6e, 0x64, 0x20,
    0x74, 0x68, 0x65, 0x20, 0x77, 0x6f, 0x72, 0x64, 0x6d, 0x61, 0x72, 0x6b, 0x2e, 0x0a, 0x20, 0x20,
    0x54, 0x68, 0x65, 0x20, 0x70, 0x6c, 0x61, 0x63, 0x65, 0x73, 0x20, 0x74, 0x68, 0x61, 0x74, 0x20,
    0x75, 0x73, 0x65, 0x64, 0x20, 0x74, 0x6f, 0x20, 0x62, 0x65, 0x20, 0x69, 0x63, 0x6f, 0x6e, 0x73,
    0x20, 0x64, 0x6f, 0x77, 0x6e, 0x20, 0x74, 0x68, 0x65, 0x20, 0x74, 0x6f, 0x70, 0x2d, 0x6c, 0x65,
    0x66, 0x74, 0x20, 0x63, 0x6f, 0x72, 0x6e, 0x65, 0x72, 0x20, 0x2d, 0x2d, 0x20, 0x48, 0x6f, 0x6d,
    0x65, 0x2c, 0x0a, 0x20, 0x20, 0x20, 0x20, 0x43, 0x6f, 0x72, 0x65, 0x2c, 0x20, 0x42, 0x65, 0x6e,
    0x63, 0x68, 0x2c, 0x20, 0x44, 0x6f, 0x63, 0x73, 0x20, 0x61, 0x6e, 0x64, 0x20, 0x4d, 0x65, 0x64,
    0x69, 0x61, 0x20, 0x2d, 0x2d, 0x20, 0x61, 0x72, 0x65, 0x20, 0x65, 0x6e, 0x74, 0x72, 0x69, 0x65,
    0x73, 0x20, 0x61, 0x74, 0x20, 0x74, 0x68, 0x65, 0x20, 0x74, 0x6f, 0x70, 0x20, 0x6f, 0x66, 0x20,
    0x74, 0x68, 0x65, 0x20, 0x73, 0x74, 0x61, 0x72, 0x74, 0x0a, 0x20, 0x20, 0x20, 0x20, 0x6d, 0x65,
    0x6e, 0x75, 0x20, 0x74, 0x68, 0x65, 0x20, 0x6f, 0x72, 0x62, 0x20, 0x6f, 0x70, 0x65, 0x6e, 0x73,
    0x2c, 0x20, 0x77, 0x69, 0x74, 0x68, 0x20, 0x74, 0x68, 0x65, 0x20, 0x70, 0x72, 0x6f, 0x67, 0x72,
    0x61, 0x6d, 0x73, 0x20, 0x75, 0x6e, 0x64, 0x65, 0x72, 0x6e, 0x65, 0x61, 0x74, 0x68, 0x20, 0x61,
    0x20, 0x72, 0x75, 0x6c, 0x65, 0x20, 0x62, 0x65, 0x6c, 0x6f, 0x77, 0x20, 0x74, 0x68, 0x65, 0x6d,
    0x2c, 0x0a, 0x20, 0x20, 0x20, 0x20, 0x73, 0x6f, 0x20, 0x74, 0x68, 0x65, 0x20, 0x64, 0x65, 0x73,
    0x6b, 0x74, 0x6f, 0x70, 0x20, 0x69, 0x74, 0x73, 0x65, 0x6c, 0x66, 0x20, 0x69, 0x73, 0x20, 0x74,
    0x68, 0x65, 0x20, 0x62, 0x61, 0x63, 0x6b, 0x64, 0x72, 0x6f, 0x70, 0x20, 0x61, 0x6e, 0x64, 0x20,
    0x6e, 0x6f, 0x74, 0x68, 0x69, 0x6e, 0x67, 0x20, 0x65, 0x6c, 0x73, 0x65, 0x2e, 0x20, 0x20, 0x45,
    0x76, 0x65, 0x72, 0x79, 0x74, 0x68, 0x69, 0x6e, 0x67, 0x0a, 0x20, 0x20, 0x20, 0x20, 0x69, 0x6e,
    0x20, 0x74, 0x68, 0x65, 0x20, 0x6d, 0x65, 0x6e, 0x75, 0x20, 0x69, 0x73, 0x20, 0x72, 0x65, 0x61,
    0x63, 0x68, 0x65, 0x64, 0x20, 0x74, 0x68, 0x65, 0x20, 0x73, 0x61, 0x6d, 0x65, 0x20, 0x77, 0x61,
    0x79, 0x20, 0x69, 0x74, 0x20, 0x77, 0x61, 0x73, 0x20, 0x66, 0x72, 0x6f, 0x6d, 0x20, 0x61, 0x6e,
    0x20, 0x69, 0x63, 0x6f, 0x6e, 0x3a, 0x20, 0x6f, 0x6e, 0x65, 0x20, 0x70, 0x72, 0x65, 0x73, 0x73,
    0x0a, 0x20, 0x20, 0x20, 0x20, 0x6e, 0x61, 0x6d, 0x65, 0x73, 0x20, 0x69, 0x74, 0x2c, 0x20, 0x74,
    0x68, 0x65, 0x20, 0x73, 0x65, 0x63, 0x6f, 0x6e, 0x64, 0x20, 0x6f, 0x70, 0x65, 0x6e, 0x73, 0x20,
    0x69, 0x74, 0x2e, 0x0a, 0x20, 0x20, 0x53, 0x74, 0x61, 0x72, 0x74, 0x20, 0x62, 0x61, 0x72, 0x20,
    0x68, 0x61, 0x6c, 0x76, 0x65, 0x64, 0x20, 0x74, 0x6f, 0x20, 0x32, 0x32, 0x20, 0x70, 0x69, 0x78,
    0x65, 0x6c, 0x73, 0x2c, 0x20, 0x69, 0x63, 0x6f, 0x6e, 0x20, 0x74, 0x69, 0x6c, 0x65, 0x73, 0x20,
    0x68, 0x61, 0x6c, 0x76, 0x65, 0x64, 0x20, 0x74, 0x6f, 0x20, 0x32, 0x34, 0x20, 0x70, 0x69, 0x78,
    0x65, 0x6c, 0x73, 0x2c, 0x20, 0x61, 0x6e, 0x64, 0x0a, 0x20, 0x20, 0x20, 0x20, 0x74, 0x68, 0x65,
    0x20, 0x70, 0x61, 0x6c, 0x65, 0x74, 0x74, 0x65, 0x20, 0x6c, 0x69, 0x6d, 0x69, 0x74, 0x65, 0x64,
    0x20, 0x74, 0x6f, 0x20, 0x36, 0x34, 0x20, 0x63, 0x6f, 0x6c, 0x6f, 0x75, 0x72, 0x73, 0x20, 0x63,
    0x75, 0x74, 0x20, 0x66, 0x72, 0x6f, 0x6d, 0x20, 0x74, 0x68, 0x65, 0x20, 0x66, 0x69, 0x6e, 0x69,
    0x73, 0x68, 0x65, 0x64, 0x20, 0x66, 0x72, 0x61, 0x6d, 0x65, 0x2e, 0x0a, 0x20, 0x20, 0x41, 0x20,
    0x6e, 0x65, 0x77, 0x20, 0x69, 0x63, 0x6f, 0x6e, 0x20, 0x73, 0x65, 0x74, 0x2c, 0x20, 0x69, 0x6e,
    0x20, 0x4d, 0x55, 0x49, 0x27, 0x73, 0x20, 0x6d, 0x61, 0x6e, 0x6e, 0x65, 0x72, 0x20, 0x72, 0x61,
    0x74, 0x68, 0x65, 0x72, 0x20, 0x74, 0x68, 0x61, 0x6e, 0x20, 0x74, 0x68, 0x65, 0x20, 0x6d, 0x6f,
    0x64, 0x65, 0x72, 0x6e, 0x20, 0x70, 0x6c, 0x61, 0x74, 0x65, 0x20, 0x61, 0x6e, 0x64, 0x0a, 0x20,
    0x20, 0x20, 0x20, 0x6d, 0x61, 0x72, 0x6b, 0x3a, 0x20, 0x61, 0x20, 0x72, 0x6f, 0x75, 0x6e, 0x64,
    0x65, 0x64, 0x20, 0x74, 0x69, 0x6c, 0x65, 0x20, 0x72, 0x61, 0x6d, 0x70, 0x65, 0x64, 0x20, 0x66,
    0x72, 0x6f, 0x6d, 0x20, 0x61, 0x20, 0x6c, 0x69, 0x67, 0x68, 0x74, 0x20, 0x74, 0x69, 0x6e, 0x74,
    0x20, 0x74, 0x6f, 0x20, 0x61, 0x20, 0x64, 0x65, 0x65, 0x70, 0x20, 0x6f, 0x6e, 0x65, 0x2c, 0x20,
    0x61, 0x0a, 0x20, 0x20, 0x20, 0x20, 0x77, 0x68, 0x69, 0x74, 0x65, 0x20, 0x72, 0x69, 0x6d, 0x2c,
    0x20, 0x61, 0x6e, 0x20, 0x61, 0x72, 0x63, 0x20, 0x6f, 0x66, 0x20, 0x6c, 0x69, 0x67, 0x68, 0x74,
    0x20, 0x61, 0x63, 0x72, 0x6f, 0x73, 0x73, 0x20, 0x74, 0x68, 0x65, 0x20, 0x74, 0x6f, 0x70, 0x2c,
    0x20, 0x61, 0x6e, 0x64, 0x20, 0x74, 0x68, 0x65, 0x20, 0x6d, 0x61, 0x72, 0x6b, 0x20, 0x63, 0x75,
    0x74, 0x20, 0x6f, 0x75, 0x74, 0x20, 0x6f, 0x66, 0x0a, 0x20, 0x20, 0x20, 0x20, 0x74, 0x68, 0x65,
    0x20, 0x72, 0x61, 0x6d, 0x70, 0x20, 0x69, 0x6e, 0x20, 0x77, 0x68, 0x69, 0x74, 0x65, 0x2e, 0x20,
    0x20, 0x4f, 0x6e, 0x65, 0x20, 0x72, 0x6f, 0x75, 0x74, 0x69, 0x6e, 0x65, 0x20, 0x64, 0x72, 0x61,
    0x77, 0x73, 0x20, 0x74, 0x68, 0x65, 0x20, 0x74, 0x69, 0x6c, 0x65, 0x20, 0x61, 0x74, 0x20, 0x32,
    0x34, 0x2c, 0x20, 0x31, 0x36, 0x2c, 0x20, 0x31, 0x34, 0x20, 0x61, 0x6e, 0x64, 0x0a, 0x20, 0x20,
    0x20, 0x20, 0x31, 0x32, 0x20, 0x70, 0x69, 0x78, 0x65, 0x6c, 0x73, 0x2c, 0x20, 0x73, 0x6f, 0x20,
    0x74, 0x68, 0x65, 0x20, 0x70, 0x6c, 0x61, 0x63, 0x65, 0x73, 0x2c, 0x20, 0x74, 0x68, 0x65, 0x20,
    0x70, 0x69, 0x6e, 0x6e, 0x65, 0x64, 0x20, 0x6c, 0x61, 0x75, 0x6e, 0x63, 0x68, 0x65, 0x72, 0x73,
    0x2c, 0x20, 0x74, 0x68, 0x65, 0x20, 0x70, 0x72, 0x6f, 0x67, 0x72, 0x61, 0x6d, 0x73, 0x20, 0x61,
    0x6e, 0x64, 0x0a, 0x20, 0x20, 0x20, 0x20, 0x74, 0x68, 0x65, 0x20, 0x64, 0x69, 0x72, 0x65, 0x63,
    0x74, 0x6f, 0x72, 0x79, 0x20, 0x72, 0x6f, 0x77, 0x73, 0x20, 0x61, 0x72, 0x65, 0x20, 0x74, 0x68,
    0x65, 0x20, 0x73, 0x61, 0x6d, 0x65, 0x20, 0x69, 0x63, 0x6f, 0x6e, 0x20, 0x66, 0x6f, 0x75, 0x72,
    0x20, 0x74, 0x69, 0x6d, 0x65, 0x73, 0x2e, 0x20, 0x20, 0x46, 0x69, 0x76, 0x65, 0x20, 0x68, 0x75,
    0x65, 0x73, 0x20, 0x66, 0x6f, 0x72, 0x0a, 0x20, 0x20, 0x20, 0x20, 0x74, 0x68, 0x65, 0x20, 0x70,
    0x6c, 0x61, 0x63, 0x65, 0x73, 0x20, 0x61, 0x6e, 0x64, 0x20, 0x74, 0x68, 0x65, 0x20, 0x70, 0x72,
    0x6f, 0x67, 0x72, 0x61, 0x6d, 0x73, 0x2c, 0x20, 0x61, 0x20, 0x73, 0x6c, 0x61, 0x74, 0x65, 0x20,
    0x66, 0x6f, 0x72, 0x20, 0x61, 0x6e, 0x20, 0x6f, 0x72, 0x64, 0x69, 0x6e, 0x61, 0x72, 0x79, 0x20,
    0x66, 0x69, 0x6c, 0x65, 0x2c, 0x20, 0x61, 0x6e, 0x64, 0x20, 0x74, 0x68, 0x65, 0x0a, 0x20, 0x20,
    0x20, 0x20, 0x70, 0x69, 0x6e, 0x6e, 0x65, 0x64, 0x20, 0x6c, 0x61, 0x75, 0x6e, 0x63, 0x68, 0x65,
    0x72, 0x73, 0x20, 0x6f, 0x6e, 0x20, 0x74, 0x68, 0x65, 0x20, 0x67, 0x6c, 0x61, 0x73, 0x73, 0x20,
    0x61, 0x72, 0x65, 0x20, 0x74, 0x68, 0x65, 0x20, 0x74, 0x69, 0x6c, 0x65, 0x73, 0x20, 0x74, 0x68,
    0x65, 0x6d, 0x73, 0x65, 0x6c, 0x76, 0x65, 0x73, 0x20, 0x6e, 0x6f, 0x77, 0x20, 0x2d, 0x2d, 0x20,
    0x6e, 0x6f, 0x0a, 0x20, 0x20, 0x20, 0x20, 0x62, 0x75, 0x74, 0x74, 0x6f, 0x6e, 0x20, 0x62, 0x65,
    0x68, 0x69, 0x6e, 0x64, 0x20, 0x74, 0x68, 0x65, 0x6d, 0x2c, 0x20, 0x62, 0x65, 0x63, 0x61, 0x75,
    0x73, 0x65, 0x20, 0x74, 0x68, 0x61, 0x74, 0x20, 0x69, 0x73, 0x20, 0x68, 0x6f, 0x77, 0x20, 0x41,
    0x65, 0x72, 0x6f, 0x20, 0x70, 0x69, 0x6e, 0x73, 0x20, 0x61, 0x6e, 0x20, 0x69, 0x63, 0x6f, 0x6e,
    0x2e, 0x0a, 0x20, 0x20, 0x58, 0x65, 0x6e, 0x2c, 0x20, 0x61, 0x20, 0x6e, 0x69, 0x6e, 0x65, 0x20,
    0x70, 0x69, 0x78, 0x65, 0x6c, 0x20, 0x72, 0x65, 0x63, 0x6f, 0x6e, 0x73, 0x74, 0x72, 0x75, 0x63,
    0x74, 0x69, 0x6f, 0x6e, 0x20, 0x6f, 0x66, 0x20, 0x74, 0x68, 0x65, 0x20, 0x41, 0x6d, 0x69, 0x67,
    0x61, 0x20, 0x66, 0x61, 0x63, 0x65, 0x20, 0x6f, 0x66, 0x20, 0x74, 0x68, 0x61, 0x74, 0x20, 0x6e,
    0x61, 0x6d, 0x65, 0x2c, 0x0a, 0x20, 0x20, 0x20, 0x20, 0x73, 0x65, 0x74, 0x73, 0x20, 0x74, 0x79,
    0x70, 0x65, 0x20, 0x65, 0x76, 0x65, 0x72, 0x79, 0x77, 0x68, 0x65, 0x72, 0x65, 0x20, 0x61, 0x6e,
    0x64, 0x20, 0x69, 0x73, 0x20, 0x61, 0x73, 0x6b, 0x65, 0x64, 0x20, 0x66, 0x6f, 0x72, 0x20, 0x77,
    0x69, 0x74, 0x68, 0x20, 0x22, 0x66, 0x6f, 0x6e, 0x74, 0x22, 0x20, 0x69, 0x6e, 0x0a, 0x20, 0x20,
    0x20, 0x20, 0x43, 0x6f, 0x6e, 0x66, 0x69, 0x67, 0x2f, 0x73, 0x63, 0x72, 0x65, 0x65, 0x6e, 0x2e,
    0x63, 0x66, 0x67, 0x2e, 0x0a, 0x20, 0x20, 0x4f, 0x6e, 0x65, 0x20, 0x70, 0x72, 0x65, 0x73, 0x73,
    0x20, 0x6e, 0x61, 0x6d, 0x65, 0x73, 0x20, 0x61, 0x6e, 0x20, 0x69, 0x74, 0x65, 0x6d, 0x3b, 0x20,
    0x74, 0x68, 0x65, 0x20, 0x73, 0x65, 0x63, 0x6f, 0x6e, 0x64, 0x20, 0x70, 0x72, 0x65, 0x73, 0x73,
    0x2c, 0x20, 0x69, 0x6e, 0x73, 0x69, 0x64, 0x65, 0x20, 0x68, 0x61, 0x6c, 0x66, 0x20, 0x61, 0x20,
    0x73, 0x65, 0x63, 0x6f, 0x6e, 0x64, 0x20, 0x61, 0x6e, 0x64, 0x0a, 0x20, 0x20, 0x20, 0x20, 0x74,
    0x77, 0x65, 0x6e, 0x74, 0x79, 0x2d, 0x66, 0x6f, 0x75, 0x72, 0x20, 0x70, 0x69, 0x78, 0x65, 0x6c,
    0x73, 0x2c, 0x20, 0x6f, 0x70, 0x65, 0x6e, 0x73, 0x20, 0x69, 0x74, 0x2e, 0x20, 0x20, 0x54, 0x68,
    0x65, 0x20, 0x6f, 0x72, 0x62, 0x2c, 0x20, 0x74, 0x68, 0x65, 0x20, 0x63, 0x72, 0x6f, 0x73, 0x73,
    0x65, 0x73, 0x2c, 0x20, 0x74, 0x68, 0x65, 0x20, 0x74, 0x61, 0x73, 0x6b, 0x0a, 0x20, 0x20, 0x20,
    0x20, 0x62, 0x75, 0x74, 0x74, 0x6f, 0x6e, 0x73, 0x20, 0x61, 0x6e, 0x64, 0x20, 0x74, 0x68, 0x65,
    0x20, 0x73, 0x6c, 0x69, 0x76, 0x65, 0x72, 0x20, 0x61, 0x72, 0x65, 0x20, 0x63, 0x6f, 0x6e, 0x74,
    0x72, 0x6f, 0x6c, 0x73, 0x20, 0x61, 0x6e, 0x64, 0x20, 0x73, 0x74, 0x69, 0x6c, 0x6c, 0x20, 0x61,
    0x6e, 0x73, 0x77, 0x65, 0x72, 0x20, 0x74, 0x6f, 0x20, 0x6f, 0x6e, 0x65, 0x20, 0x70, 0x72, 0x65,
    0x73, 0x73, 0x2c, 0x0a, 0x20, 0x20, 0x20, 0x20, 0x61, 0x6e, 0x64, 0x20, 0x74, 0x68, 0x65, 0x20,
    0x72, 0x69, 0x67, 0x68, 0x74, 0x2d, 0x62, 0x75, 0x74, 0x74, 0x6f, 0x6e, 0x20, 0x6d, 0x65, 0x6e,
    0x75, 0x20, 0x73, 0x74, 0x61, 0x79, 0x73, 0x20, 0x6f, 0x70, 0x65, 0x6e, 0x20, 0x61, 0x63, 0x72,
    0x6f, 0x73, 0x73, 0x20, 0x73, 0x65, 0x76, 0x65, 0x72, 0x61, 0x6c, 0x20, 0x63, 0x68, 0x6f, 0x69,
    0x63, 0x65, 0x73, 0x2e, 0x0a, 0x20, 0x20, 0x54, 0x68, 0x65, 0x20, 0x73, 0x74, 0x61, 0x72, 0x74,
    0x75, 0x70, 0x20, 0x63, 0x68, 0x69, 0x6d, 0x65, 0x20, 0x69, 0x73, 0x20, 0x74, 0x68, 0x65, 0x20,
    0x75, 0x73, 0x65, 0x72, 0x27, 0x73, 0x20, 0x6f, 0x77, 0x6e, 0x20, 0x6e, 0x65, 0x6f, 0x62, 0x6f,
    0x6f, 0x74, 0x2e, 0x77, 0x61, 0x76, 0x2c, 0x20, 0x63, 0x6f, 0x6e, 0x76, 0x65, 0x72, 0x74, 0x65,
    0x64, 0x20, 0x74, 0x6f, 0x20, 0x4e, 0x53, 0x4e, 0x44, 0x2c, 0x0a, 0x20, 0x20, 0x20, 0x20, 0x61,
    0x6e, 0x64, 0x20, 0x69, 0x74, 0x20, 0x73, 0x6f, 0x75, 0x6e, 0x64, 0x73, 0x20, 0x65, 0x78, 0x61,
    0x63, 0x74, 0x6c, 0x79, 0x20, 0x6f, 0x6e, 0x63, 0x65, 0x2e, 0x20, 0x20, 0x50, 0x61, 0x75, 0x6c,
    0x61, 0x20, 0x72, 0x65, 0x6c, 0x6f, 0x61, 0x64, 0x73, 0x20, 0x74, 0x68, 0x65, 0x20, 0x61, 0x64,
    0x64, 0x72, 0x65, 0x73, 0x73, 0x20, 0x61, 0x6e, 0x64, 0x20, 0x74, 0x68, 0x65, 0x0a, 0x20, 0x20,
    0x20, 0x20, 0x6c, 0x65, 0x6e, 0x67, 0x74, 0x68, 0x20, 0x77, 0x68, 0x65, 0x6e, 0x20, 0x74, 0x68,
    0x65, 0x20, 0x63, 0x6f, 0x75, 0x6e, 0x74, 0x65, 0x72, 0x20, 0x72, 0x75, 0x6e, 0x73, 0x20, 0x6f,
    0x75, 0x74, 0x20, 0x61, 0x6e, 0x64, 0x20, 0x70, 0x6c, 0x61, 0x79, 0x73, 0x20, 0x74, 0x68, 0x65,
    0x20, 0x62, 0x75, 0x66, 0x66, 0x65, 0x72, 0x20, 0x61, 0x67, 0x61, 0x69, 0x6e, 0x2c, 0x20, 0x73,
    0x6f, 0x0a, 0x20, 0x20, 0x20, 0x20, 0x74, 0x68, 0x65, 0x20, 0x70, 0x61, 0x73, 0x73, 0x20, 0x69,
    0x73, 0x20, 0x74, 0x69, 0x6d, 0x65, 0x64, 0x20, 0x61, 0x67, 0x61, 0x69, 0x6e, 0x73, 0x74, 0x20,
    0x74, 0x68, 0x65, 0x20, 0x73, 0x61, 0x6d, 0x70, 0x6c, 0x65, 0x20, 0x72, 0x61, 0x74, 0x68, 0x65,
    0x72, 0x20, 0x74, 0x68, 0x61, 0x6e, 0x20, 0x6c, 0x65, 0x66, 0x74, 0x20, 0x74, 0x6f, 0x20, 0x74,
    0x68, 0x65, 0x0a, 0x20, 0x20, 0x20, 0x20, 0x68, 0x61, 0x72, 0x64, 0x77, 0x61, 0x72, 0x65, 0x2c,
    0x20, 0x61, 0x6e, 0x64, 0x20, 0x74, 0x68, 0x65, 0x20, 0x73, 0x61, 0x6d, 0x70, 0x6c, 0x65, 0x20,
    0x63, 0x61, 0x72, 0x72, 0x69, 0x65, 0x73, 0x20, 0x74, 0x68, 0x65, 0x20, 0x73, 0x69, 0x6c, 0x65,
    0x6e, 0x63, 0x65, 0x20, 0x74, 0x68, 0x65, 0x20, 0x73, 0x74, 0x6f, 0x70, 0x20, 0x6c, 0x61, 0x6e,
    0x64, 0x73, 0x20, 0x69, 0x6e, 0x2e, 0x0a, 0x20, 0x20, 0x54, 0x68, 0x65, 0x20, 0x62, 0x6f, 0x6f,
    0x74, 0x20, 0x6c, 0x6f, 0x67, 0x20, 0x69, 0x73, 0x20, 0x70, 0x68, 0x6f, 0x73, 0x70, 0x68, 0x6f,
    0x72, 0x20, 0x67, 0x72, 0x65, 0x65, 0x6e, 0x20, 0x77, 0x69, 0x74, 0x68, 0x20, 0x73, 0x79, 0x73,
    0x74, 0x65, 0x6d, 0x64, 0x2d, 0x73, 0x74, 0x79, 0x6c, 0x65, 0x20, 0x73, 0x74, 0x61, 0x74, 0x75,
    0x73, 0x20, 0x6c, 0x69, 0x6e, 0x65, 0x73, 0x20, 0x61, 0x6e, 0x64, 0x0a, 0x20, 0x20, 0x20, 0x20,
    0x63, 0x61, 0x72, 0x72, 0x69, 0x65, 0x73, 0x20, 0x4e, 0x65, 0x6f, 0x42, 0x65, 0x6e, 0x63, 0x68,
    0x27, 0x73, 0x20, 0x6f, 0x77, 0x6e, 0x20, 0x75, 0x6e, 0x69, 0x74, 0x73, 0x20, 0x6f, 0x6e, 0x6c,
    0x79, 0x2e, 0x0a, 0x20, 0x20, 0x4e, 0x65, 0x6f, 0x42, 0x65, 0x6e, 0x63, 0x68, 0x27, 0x73, 0x20,
    0x6f, 0x77, 0x6e, 0x20, 0x2e, 0x64, 0x65, 0x76, 0x69, 0x63, 0x65, 0x20, 0x6c, 0x61, 0x79, 0x65,
    0x72, 0x2c, 0x20, 0x73, 0x6f, 0x20, 0x74, 0x68, 0x65, 0x20, 0x64, 0x72, 0x69, 0x76, 0x65, 0x72,
    0x73, 0x20, 0x61, 0x72, 0x65, 0x20, 0x77, 0x72, 0x69, 0x74, 0x74, 0x65, 0x6e, 0x20, 0x68, 0x65,
    0x72, 0x65, 0x20, 0x72, 0x61, 0x74, 0x68, 0x65, 0x72, 0x0a, 0x20, 0x20, 0x20, 0x20, 0x74, 0x68,
    0x61, 0x6e, 0x20, 0x62, 0x6f, 0x72, 0x72, 0x6f, 0x77, 0x65, 0x64, 0x3a, 0x20, 0x61, 0x74, 0x61,
    0x2e, 0x64, 0x65, 0x76, 0x69, 0x63, 0x65, 0x20, 0x61, 0x6e, 0x64, 0x20, 0x61, 0x74, 0x61, 0x70,
    0x69, 0x2e, 0x64, 0x65, 0x76, 0x69, 0x63, 0x65, 0x20, 0x64, 0x72, 0x69, 0x76, 0x65, 0x20, 0x47,
    0x61, 0x79, 0x6c, 0x65, 0x20, 0x69, 0x6e, 0x20, 0x50, 0x49, 0x4f, 0x20, 0x6d, 0x6f, 0x64, 0x65,
    0x0a, 0x20, 0x20, 0x20, 0x20, 0x30, 0x2c, 0x20, 0x73, 0x64, 0x63, 0x61, 0x72, 0x64, 0x2e, 0x64,
    0x65, 0x76, 0x69, 0x63, 0x65, 0x20, 0x69, 0x73, 0x20, 0x74, 0x68, 0x65, 0x20, 0x73, 0x61, 0x6d,
    0x65, 0x20, 0x62, 0x75, 0x73, 0x20, 0x6f, 0x6e, 0x65, 0x20, 0x75, 0x6e, 0x69, 0x74, 0x20, 0x61,
    0x6c, 0x6f, 0x6e, 0x67, 0x2c, 0x20, 0x73, 0x6f, 0x75, 0x6e, 0x64, 0x2e, 0x64, 0x65, 0x76, 0x69,
    0x63, 0x65, 0x20, 0x69, 0x73, 0x0a, 0x20, 0x20, 0x20, 0x20, 0x50, 0x61, 0x75, 0x6c, 0x61, 0x2c,
    0x20, 0x61, 0x6e, 0x64, 0x20, 0x7a, 0x7a, 0x39, 0x30, 0x30, 0x30, 0x2e, 0x64, 0x65, 0x76, 0x69,
    0x63, 0x65, 0x20, 0x62, 0x69, 0x6e, 0x64, 0x73, 0x20, 0x6f, 0x6e, 0x6c, 0x79, 0x20, 0x74, 0x6f,
    0x20, 0x61, 0x20, 0x63, 0x61, 0x72, 0x64, 0x20, 0x74, 0x68, 0x61, 0x74, 0x20, 0x77, 0x61, 0x73,
    0x20, 0x61, 0x63, 0x74, 0x75, 0x61, 0x6c, 0x6c, 0x79, 0x0a, 0x20, 0x20, 0x20, 0x20, 0x66, 0x6f,
    0x75, 0x6e, 0x64, 0x2e, 0x20, 0x20, 0x41, 0x20, 0x64, 0x72, 0x69, 0x76, 0x65, 0x72, 0x20, 0x77,
    0x69, 0x74, 0x68, 0x20, 0x6e, 0x6f, 0x20, 0x73, 0x65, 0x63, 0x74, 0x6f, 0x72, 0x20, 0x70, 0x61,
    0x74, 0x68, 0x20, 0x72, 0x65, 0x70, 0x6f, 0x72, 0x74, 0x73, 0x20, 0x69, 0x6f, 0x3d, 0x6e, 0x6f,
    0x6e, 0x65, 0x20, 0x69, 0x6e, 0x73, 0x74, 0x65, 0x61, 0x64, 0x20, 0x6f, 0x66, 0x0a, 0x20, 0x20,
    0x20, 0x20, 0x70, 0x61, 0x73, 0x73, 0x69, 0x6e, 0x67, 0x20, 0x69, 0x74, 0x73, 0x65, 0x6c, 0x66,
    0x20, 0x6f, 0x66, 0x66, 0x20, 0x61, 0x73, 0x20, 0x61, 0x20, 0x64, 0x69, 0x73, 0x6b, 0x2c, 0x20,
    0x61, 0x6e, 0x64, 0x20, 0x61, 0x20, 0x64, 0x65, 0x76, 0x69, 0x63, 0x65, 0x20, 0x69, 0x73, 0x20,
    0x69, 0x6e, 0x20, 0x74, 0x68, 0x65, 0x20, 0x74, 0x61, 0x62, 0x6c, 0x65, 0x20, 0x6f, 0x6e, 0x6c,
    0x79, 0x0a, 0x20, 0x20, 0x20, 0x20, 0x62, 0x65, 0x63, 0x61, 0x75, 0x73, 0x65, 0x20, 0x74, 0x68,
    0x65, 0x20, 0x68, 0x61, 0x72, 0x64, 0x77, 0x61, 0x72, 0x65, 0x20, 0x69, 0x74, 0x20, 0x6e, 0x61,
    0x6d, 0x65, 0x64, 0x20, 0x61, 0x6e, 0x73, 0x77, 0x65, 0x72, 0x65, 0x64, 0x2e, 0x0a, 0x20, 0x20,
    0x49, 0x6e, 0x70, 0x75, 0x74, 0x20, 0x66, 0x72, 0x6f, 0x6d, 0x20, 0x74, 0x68, 0x72, 0x65, 0x65,
    0x20, 0x73, 0x6f, 0x75, 0x72, 0x63, 0x65, 0x73, 0x20, 0x69, 0x6e, 0x74, 0x6f, 0x20, 0x6f, 0x6e,
    0x65, 0x20, 0x71, 0x75, 0x65, 0x75, 0x65, 0x3a, 0x20, 0x74, 0x68, 0x65, 0x20, 0x41, 0x6d, 0x69,
    0x67, 0x61, 0x20, 0x6b, 0x65, 0x79, 0x62, 0x6f, 0x61, 0x72, 0x64, 0x20, 0x6f, 0x6e, 0x0a, 0x20,
    0x20, 0x20, 0x20, 0x43, 0x49, 0x41, 0x2d, 0x41, 0x2c, 0x20, 0x74, 0x68, 0x65, 0x20, 0x73, 0x65,
    0x72, 0x69, 0x61, 0x6c, 0x20, 0x70, 0x6f, 0x72, 0x74, 0x20, 0x6f, 0x6e, 0x20, 0x50, 0x61, 0x75,
    0x6c, 0x61, 0x2c, 0x20, 0x61, 0x6e, 0x64, 0x20, 0x61, 0x20, 0x55, 0x53, 0x42, 0x20, 0x48, 0x49,
    0x44, 0x20, 0x70, 0x61, 0x72, 0x73, 0x65, 0x72, 0x2c, 0x20, 0x77, 0x68, 0x69, 0x63, 0x68, 0x20,
    0x68, 0x61, 0x73, 0x0a, 0x20, 0x20, 0x20, 0x20, 0x6e, 0x6f, 0x20, 0x68, 0x61, 0x72, 0x64, 0x77,
    0x61, 0x72, 0x65, 0x20, 0x64, 0x65, 0x70, 0x65, 0x6e, 0x64, 0x65, 0x6e, 0x63, 0x79, 0x20, 0x61,
    0x74, 0x20, 0x61, 0x6c, 0x6c, 0x20, 0x61, 0x6e, 0x64, 0x20, 0x73, 0x6f, 0x20, 0x69, 0x73, 0x20,
    0x74, 0x65, 0x73, 0x74, 0x65, 0x64, 0x20, 0x6f, 0x6e, 0x20, 0x74, 0x68, 0x65, 0x20, 0x68, 0x6f,
    0x73, 0x74, 0x20, 0x2d, 0x2d, 0x20, 0x41, 0x47, 0x41, 0x0a, 0x20, 0x20, 0x20, 0x20, 0x68, 0x61,
    0x73, 0x20, 0x6e, 0x6f, 0x20, 0x50, 0x43, 0x49, 0x20, 0x62, 0x75, 0x73, 0x20, 0x66, 0x6f, 0x72,
    0x20, 0x55, 0x53, 0x42, 0x20, 0x74, 0x6f, 0x20, 0x61, 0x70, 0x70, 0x65, 0x61, 0x72, 0x20, 0x6f,
    0x6e, 0x2e, 0x20, 0x20, 0x54, 0x68, 0x65, 0x20, 0x41, 0x6d, 0x69, 0x67, 0x61, 0x20, 0x6b, 0x65,
    0x79, 0x73, 0x20, 0x6f, 0x70, 0x65, 0x6e, 0x20, 0x74, 0x68, 0x65, 0x0a, 0x20, 0x20, 0x20, 0x20,
    0x73, 0x74, 0x61, 0x72, 0x74, 0x20, 0x6d, 0x65, 0x6e, 0x75, 0x20, 0x61, 0x73, 0x20, 0x74, 0x68,
    0x65, 0x20, 0x6f, 0x72, 0x62, 0x20, 0x64, 0x6f, 0x65, 0x73, 0x2c, 0x20, 0x45, 0x73, 0x63, 0x61,
    0x70, 0x65, 0x20, 0x70, 0x75, 0x74, 0x73, 0x20, 0x64, 0x6f, 0x77, 0x6e, 0x20, 0x77, 0x68, 0x61,
    0x74, 0x65, 0x76, 0x65, 0x72, 0x20, 0x69, 0x73, 0x20, 0x6c, 0x69, 0x74, 0x2c, 0x20, 0x74, 0x68,
    0x65, 0x0a, 0x20, 0x20, 0x20, 0x20, 0x63, 0x75, 0x72, 0x73, 0x6f, 0x72, 0x20, 0x6b, 0x65, 0x79,
    0x73, 0x20, 0x77, 0x61, 0x6c, 0x6b, 0x20, 0x74, 0x68, 0x65, 0x20, 0x6c, 0x69, 0x73, 0x74, 0x20,
    0x74, 0x68, 0x61, 0x74, 0x20, 0x69, 0x73, 0x20, 0x73, 0x74, 0x61, 0x6e, 0x64, 0x69, 0x6e, 0x67,
    0x2c, 0x20, 0x61, 0x6e, 0x64, 0x20, 0x52, 0x65, 0x74, 0x75, 0x72, 0x6e, 0x20, 0x6f, 0x70, 0x65,
    0x6e, 0x73, 0x20, 0x77, 0x68, 0x61, 0x74, 0x0a, 0x20, 0x20, 0x20, 0x20, 0x69, 0x73, 0x20, 0x6c,
    0x69, 0x74, 0x3a, 0x20, 0x74, 0x68, 0x65, 0x20, 0x73, 0x65, 0x63, 0x6f, 0x6e, 0x64, 0x20, 0x70,
    0x72, 0x65, 0x73, 0x73, 0x2c, 0x20, 0x74, 0x61, 0x6b, 0x65, 0x6e, 0x20, 0x66, 0x72, 0x6f, 0x6d,
    0x20, 0x74, 0x68, 0x65, 0x20, 0x6b, 0x65, 0x79, 0x62, 0x6f, 0x61, 0x72, 0x64, 0x2e, 0x0a, 0x0a,
    0x30, 0x2e, 0x31, 0x2e, 0x31, 0x0a, 0x20, 0x20, 0x50, 0x72, 0x65, 0x66, 0x73, 0x2f, 0x20, 0x64,
    0x69, 0x72, 0x65, 0x63, 0x74, 0x6f, 0x72, 0x79, 0x20, 0x69, 0x6e, 0x20, 0x74, 0x68, 0x65, 0x20,
    0x52, 0x4f, 0x4d, 0x3a, 0x20, 0x70, 0x6f, 0x69, 0x6e, 0x74, 0x65, 0x72, 0x2e, 0x70, 0x72, 0x65,
    0x66, 0x73, 0x20, 0x61, 0x6e, 0x64, 0x20, 0x73, 0x63, 0x72, 0x65, 0x65, 0x6e, 0x2e, 0x70, 0x72,
    0x65, 0x66, 0x73, 0x20, 0x61, 0x72, 0x65, 0x0a, 0x20, 0x20, 0x20, 0x20, 0x6c, 0x6f, 0x61, 0x64,
    0x65, 0x64, 0x20, 0x62, 0x65, 0x66, 0x6f, 0x72, 0x65, 0x20, 0x74, 0x68, 0x65, 0x20, 0x64, 0x65,
    0x73, 0x6b, 0x74, 0x6f, 0x70, 0x20, 0x69, 0x73, 0x20, 0x63, 0x6f, 0x6d, 0x70, 0x6f, 0x73, 0x69,
    0x74, 0x65, 0x64, 0x2e, 0x0a, 0x20, 0x20, 0x48, 0x61, 0x72, 0x64, 0x77, 0x61, 0x72, 0x65, 0x2d,
    0x64, 0x72, 0x69, 0x76, 0x65, 0x6e, 0x20, 0x70, 0x6f, 0x69, 0x6e, 0x74, 0x65, 0x72, 0x20, 0x77,
    0x69, 0x74, 0x68, 0x20, 0x61, 0x20, 0x70, 0x72, 0x65, 0x66, 0x65, 0x72, 0x65, 0x6e, 0x63, 0x65,
    0x20, 0x66, 0x69, 0x6c, 0x65, 0x2e, 0x0a, 0x20, 0x20, 0x46, 0x61, 0x73, 0x74, 0x20, 0x52, 0x41,
    0x4d, 0x20, 0x72, 0x65, 0x61, 0x64, 0x6f, 0x75, 0x74, 0x20, 0x66, 0x69, 0x78, 0x65, 0x64, 0x3a,
    0x20, 0x61, 0x6e, 0x20, 0x61, 0x63, 0x63, 0x65, 0x6c, 0x65, 0x72, 0x61, 0x74, 0x6f, 0x72, 0x27,
    0x73, 0x20, 0x6d, 0x65, 0x6d, 0x6f, 0x72, 0x79, 0x20, 0x6e, 0x6f, 0x20, 0x6c, 0x6f, 0x6e, 0x67,
    0x65, 0x72, 0x20, 0x6e, 0x65, 0x65, 0x64, 0x73, 0x20, 0x61, 0x0a, 0x20, 0x20, 0x20, 0x20, 0x70,
    0x61, 0x73, 0x73, 0x20, 0x61, 0x62, 0x6f, 0x76, 0x65, 0x20, 0x74, 0x68, 0x65, 0x20, 0x31, 0x36,
    0x20, 0x4d, 0x42, 0x20, 0x63, 0x68, 0x69, 0x70, 0x20, 0x62, 0x75, 0x73, 0x20, 0x67, 0x61, 0x74,
    0x65, 0x20, 0x74, 0x6f, 0x20, 0x62, 0x65, 0x20, 0x63, 0x6f, 0x75, 0x6e, 0x74, 0x65, 0x64, 0x2e,
    0x0a, 0x0a, 0x30, 0x2e, 0x31, 0x2e, 0x30, 0x0a, 0x20, 0x20, 0x46, 0x75, 0x74, 0x75, 0x72, 0x69,
    0x73, 0x74, 0x69, 0x63, 0x2d, 0x63, 0x6c, 0x65, 0x61, 0x6e, 0x20, 0x64, 0x65, 0x73, 0x6b, 0x74,
    0x6f, 0x70, 0x20, 0x73, 0x63, 0x65, 0x6e, 0x65, 0x20, 0x6f, 0x6e, 0x20, 0x36, 0x34, 0x30, 0x78,
    0x35, 0x31, 0x32, 0x20, 0x69, 0x6e, 0x74, 0x65, 0x72, 0x6c, 0x61, 0x63, 0x65, 0x64, 0x20, 0x41,
    0x47, 0x41, 0x2c, 0x20, 0x32, 0x35, 0x36, 0x0a, 0x20, 0x20, 0x20, 0x20, 0x63, 0x6f, 0x6c, 0x6f,
    0x75, 0x72, 0x73, 0x3a, 0x20, 0x77, 0x61, 0x6c, 0x6c, 0x70, 0x61, 0x70, 0x65, 0x72, 0x2c, 0x20,
    0x69, 0x63, 0x6f, 0x6e, 0x20, 0x73, 0x65, 0x74, 0x2c, 0x20, 0x67, 0x6c, 0x61, 0x73, 0x73, 0x20,
    0x77, 0x69, 0x6e, 0x64, 0x6f, 0x77, 0x73, 0x2c, 0x20, 0x67, 0x61, 0x64, 0x67, 0x65, 0x74, 0x73,
    0x2c, 0x20, 0x74, 0x61, 0x73, 0x6b, 0x62, 0x61, 0x72, 0x2e, 0x0a, 0x20, 0x20, 0x42, 0x6f, 0x6f,
    0x74, 0x20, 0x6c, 0x6f, 0x67, 0x20, 0x64, 0x72, 0x61, 0x77, 0x6e, 0x20, 0x75, 0x70, 0x72, 0x69,
    0x67, 0x68, 0x74, 0x20, 0x77, 0x69, 0x74, 0x68, 0x20, 0x73, 0x79, 0x73, 0x74, 0x65, 0x6d, 0x64,
    0x2d, 0x73, 0x74, 0x79, 0x6c, 0x65, 0x20, 0x73, 0x74, 0x61, 0x74, 0x75, 0x73, 0x20, 0x6c, 0x69,
    0x6e, 0x65, 0x73, 0x2e, 0x0a, 0x20, 0x20, 0x43, 0x68, 0x61, 0x69, 0x6e, 0x6c, 0x6f, 0x61, 0x64,
    0x20, 0x70, 0x61, 0x74, 0x68, 0x3a, 0x20, 0x41, 0x6d, 0x69, 0x67, 0x61, 0x4f, 0x53, 0x20, 0x33,
    0x2e, 0x32, 0x2e, 0x33, 0x20, 0x52, 0x4f, 0x4d, 0x20, 0x62, 0x6f, 0x6f, 0x74, 0x73, 0x2c, 0x20,
    0x74, 0x68, 0x65, 0x6e, 0x20, 0x4e, 0x65, 0x6f, 0x42, 0x65, 0x6e, 0x63, 0x68, 0x20, 0x74, 0x61,
    0x6b, 0x65, 0x73, 0x20, 0x74, 0x68, 0x65, 0x0a, 0x20, 0x20, 0x20, 0x20, 0x6d, 0x61, 0x63, 0x68,
    0x69, 0x6e, 0x65, 0x20, 0x66, 0x72, 0x6f, 0x6d, 0x20, 0x74, 0x68, 0x65, 0x20, 0x52, 0x4f, 0x4d,
    0x20, 0x69, 0x6d, 0x61, 0x67, 0x65, 0x2e, 0x0a, 0x00,
};

static const unsigned char d15[] = {
    0x25, 0x50, 0x44, 0x46, 0x2d, 0x31, 0x2e, 0x34, 0x0a, 0x31, 0x20, 0x30, 0x20, 0x6f, 0x62, 0x6a,
    0x0a, 0x3c, 0x3c, 0x20, 0x2f, 0x54, 0x79, 0x70, 0x65, 0x20, 0x2f, 0x43, 0x61, 0x74, 0x61, 0x6c,
    0x6f, 0x67, 0x20, 0x2f, 0x50, 0x61, 0x67, 0x65, 0x73, 0x20, 0x32, 0x20, 0x30, 0x20, 0x52, 0x20,
    0x3e, 0x3e, 0x0a, 0x65, 0x6e, 0x64, 0x6f, 0x62, 0x6a, 0x0a, 0x32, 0x20, 0x30, 0x20, 0x6f, 0x62,
    0x6a, 0x0a, 0x3c, 0x3c, 0x20, 0x2f, 0x54, 0x79, 0x70, 0x65, 0x20, 0x2f, 0x50, 0x61, 0x67, 0x65,
    0x73, 0x20, 0x2f, 0x4b, 0x69, 0x64, 0x73, 0x20, 0x5b, 0x33, 0x20, 0x30, 0x20, 0x52, 0x20, 0x35,
    0x20, 0x30, 0x20, 0x52, 0x5d, 0x20, 0x2f, 0x43, 0x6f, 0x75, 0x6e, 0x74, 0x20, 0x32, 0x20, 0x3e,
    0x3e, 0x0a, 0x65, 0x6e, 0x64, 0x6f, 0x62, 0x6a, 0x0a, 0x33, 0x20, 0x30, 0x20, 0x6f, 0x62, 0x6a,
    0x0a, 0x3c, 0x3c, 0x20, 0x2f, 0x54, 0x79, 0x70, 0x65, 0x20, 0x2f, 0x50, 0x61, 0x67, 0x65, 0x20,
    0x2f, 0x50, 0x61, 0x72, 0x65, 0x6e, 0x74, 0x20, 0x32, 0x20, 0x30, 0x20, 0x52, 0x20, 0x2f, 0x4d,
    0x65, 0x64, 0x69, 0x61, 0x42, 0x6f, 0x78, 0x20, 0x5b, 0x30, 0x20, 0x30, 0x20, 0x35, 0x39, 0x35,
    0x20, 0x38, 0x34, 0x32, 0x5d, 0x20, 0x2f, 0x52, 0x65, 0x73, 0x6f, 0x75, 0x72, 0x63, 0x65, 0x73,
    0x20, 0x3c, 0x3c, 0x20, 0x2f, 0x46, 0x6f, 0x6e, 0x74, 0x20, 0x3c, 0x3c, 0x20, 0x2f, 0x46, 0x31,
    0x20, 0x34, 0x20, 0x30, 0x20, 0x52, 0x20, 0x3e, 0x3e, 0x20, 0x3e, 0x3e, 0x20, 0x2f, 0x43, 0x6f,
    0x6e, 0x74, 0x65, 0x6e, 0x74, 0x73, 0x20, 0x36, 0x20, 0x30, 0x20, 0x52, 0x20, 0x3e, 0x3e, 0x0a,
    0x65, 0x6e, 0x64, 0x6f, 0x62, 0x6a, 0x0a, 0x34, 0x20, 0x30, 0x20, 0x6f, 0x62, 0x6a, 0x0a, 0x3c,
    0x3c, 0x20, 0x2f, 0x54, 0x79, 0x70, 0x65, 0x20, 0x2f, 0x46, 0x6f, 0x6e, 0x74, 0x20, 0x2f, 0x53,
    0x75, 0x62, 0x74, 0x79, 0x70, 0x65, 0x20, 0x2f, 0x54, 0x79, 0x70, 0x65, 0x31, 0x20, 0x2f, 0x42,
    0x61, 0x73, 0x65, 0x46, 0x6f, 0x6e, 0x74, 0x20, 0x2f, 0x48, 0x65, 0x6c, 0x76, 0x65, 0x74, 0x69,
    0x63, 0x61, 0x20, 0x3e, 0x3e, 0x0a, 0x65, 0x6e, 0x64, 0x6f, 0x62, 0x6a, 0x0a, 0x35, 0x20, 0x30,
    0x20, 0x6f, 0x62, 0x6a, 0x0a, 0x3c, 0x3c, 0x20, 0x2f, 0x54, 0x79, 0x70, 0x65, 0x20, 0x2f, 0x50,
    0x61, 0x67, 0x65, 0x20, 0x2f, 0x50, 0x61, 0x72, 0x65, 0x6e, 0x74, 0x20, 0x32, 0x20, 0x30, 0x20,
    0x52, 0x20, 0x2f, 0x4d, 0x65, 0x64, 0x69, 0x61, 0x42, 0x6f, 0x78, 0x20, 0x5b, 0x30, 0x20, 0x30,
    0x20, 0x35, 0x39, 0x35, 0x20, 0x38, 0x34, 0x32, 0x5d, 0x20, 0x2f, 0x52, 0x65, 0x73, 0x6f, 0x75,
    0x72, 0x63, 0x65, 0x73, 0x20, 0x3c, 0x3c, 0x20, 0x2f, 0x46, 0x6f, 0x6e, 0x74, 0x20, 0x3c, 0x3c,
    0x20, 0x2f, 0x46, 0x31, 0x20, 0x34, 0x20, 0x30, 0x20, 0x52, 0x20, 0x3e, 0x3e, 0x20, 0x3e, 0x3e,
    0x20, 0x2f, 0x43, 0x6f, 0x6e, 0x74, 0x65, 0x6e, 0x74, 0x73, 0x20, 0x37, 0x20, 0x30, 0x20, 0x52,
    0x20, 0x3e, 0x3e, 0x0a, 0x65, 0x6e, 0x64, 0x6f, 0x62, 0x6a, 0x0a, 0x36, 0x20, 0x30, 0x20, 0x6f,
    0x62, 0x6a, 0x0a, 0x3c, 0x3c, 0x20, 0x2f, 0x46, 0x69, 0x6c, 0x74, 0x65, 0x72, 0x20, 0x2f, 0x46,
    0x6c, 0x61, 0x74, 0x65, 0x44, 0x65, 0x63, 0x6f, 0x64, 0x65, 0x20, 0x2f, 0x4c, 0x65, 0x6e, 0x67,
    0x74, 0x68, 0x20, 0x35, 0x32, 0x37, 0x20, 0x3e, 0x3e, 0x0a, 0x73, 0x74, 0x72, 0x65, 0x61, 0x6d,
    0x0a, 0x85, 0x53, 0xc1, 0x6e, 0xdb, 0x30, 0x0c, 0xfd, 0x15, 0x1e, 0x37, 0x20, 0xf1, 0x9c, 0xb4,
    0xd8, 0x80, 0xde, 0x52, 0x74, 0xd9, 0x69, 0xeb, 0xb0, 0xf9, 0x07, 0x64, 0x99, 0xb6, 0xb5, 0x3a,
    0xa2, 0x27, 0x51, 0xf1, 0xf2, 0xf7, 0x23, 0xa5, 0xb4, 0x07, 0xaf, 0x58, 0x81, 0x20, 0xb0, 0x44,
    0xf2, 0xf1, 0x3d, 0x3e, 0xea, 0xbe, 0x81, 0x0f, 0xc7, 0x1d, 0xec, 0xf6, 0xd0, 0xf4, 0xf0, 0x69,
    0x2f, 0xbf, 0x1a, 0x9a, 0x0e, 0xde, 0x7d, 0x43, 0xba, 0x47, 0x6f, 0x47, 0xa8, 0xab, 0x5d, 0xf5,
    0x11, 0xb6, 0x5b, 0xf8, 0x9d, 0x9c, 0x7d, 0x82, 0xc8, 0x26, 0xf0, 0x7b, 0x68, 0x7e, 0x41, 0x0d,
    0xdb, 0xdd, 0x6d, 0xce, 0x5d, 0x1d, 0x5f, 0x4a, 0x5d, 0x04, 0xe3, 0x81, 0x66, 0x0c, 0x86, 0x9d,
    0x1f, 0x20, 0x5e, 0x22, 0xe3, 0x09, 0x7a, 0x0a, 0xc0, 0x23, 0xc2, 0xe1, 0xcb, 0x01, 0x0e, 0x27,
    0x37, 0x98, 0xbb, 0x72, 0xdc, 0xed, 0xeb, 0x5a, 0x0a, 0xba, 0x15, 0x5c, 0x8e, 0xdd, 0xd6, 0x75,
    0xdd, 0x54, 0x00, 0x07, 0x18, 0xd0, 0x27, 0xe7, 0xb1, 0x54, 0x3e, 0xfe, 0x84, 0x9b, 0x6a, 0x5f,
    0xdd, 0xc0, 0x8f, 0xc7, 0xaf, 0xd0, 0x12, 0x71, 0x84, 0xde, 0x85, 0xc8, 0x0a, 0x03, 0xa3, 0xfc,
    0xc5, 0x15, 0x98, 0x25, 0xcf, 0x81, 0x26, 0x60, 0x82, 0x67, 0x9a, 0x1b, 0x58, 0x46, 0x27, 0x6c,
    0x9f, 0x10, 0xe7, 0x08, 0x9e, 0x04, 0x9b, 0xfa, 0xc2, 0xe8, 0xda, 0xa2, 0x0b, 0xee, 0x8c, 0x71,
    0xb3, 0x82, 0x9a, 0x5c, 0x1b, 0x4c, 0x70, 0x18, 0x41, 0xf4, 0x74, 0x78, 0x76, 0x56, 0x3e, 0x1d,
    0x8b, 0xbc, 0x24, 0xcd, 0xc9, 0x67, 0x88, 0xc5, 0x5c, 0xc0, 0xf9, 0xea, 0xff, 0x03, 0x6b, 0x46,
    0xa7, 0xbc, 0x27, 0xcc, 0x13, 0x83, 0xef, 0x0f, 0x47, 0x88, 0x24, 0xe5, 0x86, 0x95, 0x64, 0x83,
    0x7f, 0x58, 0xb4, 0x68, 0x24, 0xa0, 0x99, 0xa0, 0x23, 0x9b, 0x4e, 0xe8, 0x59, 0x35, 0xc8, 0x6c,
    0xff, 0x01, 0x3f, 0x3a, 0x69, 0x2f, 0x3c, 0x5c, 0x61, 0xf0, 0x40, 0x36, 0x8a, 0x02, 0xb3, 0x60,
    0xb8, 0x13, 0x88, 0x28, 0x46, 0x48, 0xa3, 0x39, 0x60, 0x8c, 0x10, 0x71, 0x42, 0xcb, 0x71, 0x23,
    0xf7, 0x1d, 0xa5, 0x76, 0xc2, 0x15, 0x54, 0xc9, 0xd2, 0x26, 0x9a, 0x23, 0xb0, 0x0a, 0x18, 0xdc,
    0x30, 0xf2, 0x56, 0x87, 0x0b, 0x6d, 0x62, 0x16, 0xa1, 0x6d, 0x10, 0xd0, 0x98, 0x83, 0x42, 0x2c,
    0x41, 0x9a, 0x5f, 0xb1, 0x71, 0x42, 0x73, 0x2e, 0x03, 0x92, 0xbc, 0x80, 0xd5, 0x9b, 0x3b, 0x94,
    0x75, 0xc7, 0x91, 0x96, 0x82, 0xcc, 0x7a, 0x14, 0x63, 0xd0, 0x88, 0x57, 0xb3, 0x19, 0xf0, 0x59,
    0x20, 0x85, 0x0e, 0xcb, 0x42, 0xe5, 0xdb, 0x5c, 0xb1, 0x42, 0x73, 0x2c, 0xab, 0xd3, 0x48, 0xc6,
    0x64, 0x2e, 0x94, 0xf8, 0xd9, 0x5f, 0xcd, 0xdf, 0x14, 0xf0, 0xcb, 0x8c, 0xbd, 0x51, 0x03, 0x55,
    0x96, 0xf1, 0x17, 0x98, 0x9d, 0xe5, 0x14, 0xf4, 0x22, 0xac, 0xa7, 0xe2, 0x89, 0xc5, 0x89, 0x39,
    0x50, 0x97, 0x2c, 0x76, 0xba, 0xbc, 0x62, 0x9b, 0xbb, 0xfa, 0xa3, 0x5c, 0xf2, 0x82, 0x0b, 0xdd,
    0xeb, 0xcc, 0x94, 0xb8, 0x84, 0x17, 0xf5, 0xd3, 0xad, 0xdf, 0xce, 0xa0, 0xab, 0x05, 0xc2, 0x2a,
    0x2f, 0xf7, 0x8b, 0xb7, 0xcb, 0x48, 0xb1, 0xd0, 0xd2, 0xd2, 0x88, 0x3a, 0xb5, 0x40, 0x69, 0x18,
    0xd5, 0xc2, 0xd4, 0xea, 0x45, 0x2f, 0xab, 0xbc, 0x02, 0x3b, 0xc9, 0xb6, 0xa9, 0x7e, 0xb0, 0xa3,
    0x09, 0xc6, 0xb2, 0x70, 0xb1, 0xd4, 0x09, 0xbe, 0x3c, 0xc0, 0x31, 0x0f, 0x49, 0xde, 0xe3, 0x84,
    0x2c, 0x81, 0xab, 0xa1, 0x79, 0x86, 0xc2, 0xcb, 0x9a, 0x88, 0x6f, 0x5a, 0x90, 0x57, 0xd4, 0x94,
    0xef, 0xf6, 0xc2, 0xc5, 0x4d, 0xd5, 0xee, 0xe5, 0x5d, 0x9b, 0xae, 0x58, 0xfa, 0xb9, 0xf9, 0x0b,
    0x0a, 0x65, 0x6e, 0x64, 0x73, 0x74, 0x72, 0x65, 0x61, 0x6d, 0x0a, 0x65, 0x6e, 0x64, 0x6f, 0x62,
    0x6a, 0x0a, 0x37, 0x20, 0x30, 0x20, 0x6f, 0x62, 0x6a, 0x0a, 0x3c, 0x3c, 0x20, 0x2f, 0x46, 0x69,
    0x6c, 0x74, 0x65, 0x72, 0x20, 0x2f, 0x46, 0x6c, 0x61, 0x74, 0x65, 0x44, 0x65, 0x63, 0x6f, 0x64,
    0x65, 0x20, 0x2f, 0x4c, 0x65, 0x6e, 0x67, 0x74, 0x68, 0x20, 0x35, 0x36, 0x38, 0x20, 0x3e, 0x3e,
    0x0a, 0x73, 0x74, 0x72, 0x65, 0x61, 0x6d, 0x0a, 0x85, 0x54, 0xc1, 0x6e, 0xd4, 0x40, 0x0c, 0xfd,
    0x95, 0x77, 0xdc, 0x4a, 0xdd, 0xb2, 0x2d, 0x48, 0x48, 0xe5, 0x44, 0xa1, 0x3d, 0x20, 0x41, 0xab,
    0x92, 0x1b, 0xe2, 0x30, 0xc9, 0x38, 0x3b, 0x43, 0x67, 0xc7, 0x91, 0x67, 0xd2, 0x74, 0xf9, 0x7a,
    0xec, 0x04, 0x51, 0x14, 0x24, 0x2a, 0xad, 0xb4, 0x71, 0x66, 0xfc, 0xfc, 0xfc, 0x9e, 0x9d, 0xab,
    0x06, 0xaf, 0x6e, 0xce, 0x71, 0x7e, 0x81, 0xa6, 0xc7, 0xdb, 0x0b, 0xfd, 0xed, 0xd0, 0x78, 0x6c,
    0xee, 0xc9, 0xf9, 0x98, 0xf7, 0xe8, 0x63, 0xa2, 0x72, 0x82, 0xe6, 0x07, 0x76, 0xd8, 0x9e, 0xbf,
    0x99, 0xcf, 0x56, 0xe1, 0xf5, 0x23, 0xc9, 0xb1, 0x06, 0xbb, 0xfd, 0x85, 0xf8, 0x8a, 0x72, 0x17,
    0x20, 0x9a, 0x5e, 0xd0, 0xf1, 0x81, 0x0a, 0x7a, 0xe1, 0x03, 0x62, 0x2d, 0xe0, 0x29, 0xcf, 0x78,
    0x28, 0xc7, 0x52, 0xe9, 0x70, 0x06, 0x34, 0x81, 0x84, 0x56, 0x70, 0x4e, 0x08, 0x99, 0xf1, 0xfe,
    0x10, 0xf7, 0xee, 0xf6, 0x2b, 0xbc, 0xc4, 0x47, 0x05, 0x69, 0x49, 0x0b, 0x78, 0x85, 0x81, 0xd3,
    0xbf, 0xbf, 0xce, 0x53, 0x6c, 0xc5, 0x49, 0xa4, 0x72, 0x89, 0x1a, 0xd6, 0x58, 0xf7, 0xb7, 0x9f,
    0x91, 0xd8, 0xa8, 0xe8, 0x19, 0x1e, 0x48, 0x32, 0xa5, 0xd3, 0x19, 0xe1, 0x39, 0x36, 0x5a, 0xcb,
    0xb9, 0x50, 0xa9, 0x67, 0xff, 0xef, 0xf5, 0xc6, 0xe4, 0x00, 0x0f, 0x94, 0x11, 0xb3, 0xb5, 0xdb,
    0xd0, 0x53, 0xd5, 0x46, 0xee, 0x92, 0xd3, 0xb8, 0x6a, 0x80, 0x58, 0x50, 0x82, 0xb5, 0xea, 0x8a,
    0xd1, 0xd5, 0x70, 0x92, 0x58, 0x2b, 0x65, 0x2d, 0xbc, 0x42, 0xbb, 0xfb, 0x78, 0x63, 0xe7, 0x26,
    0x96, 0xdd, 0xf6, 0x54, 0x3a, 0x89, 0x2d, 0x79, 0xb0, 0x4a, 0x9a, 0xc8, 0xf5, 0x0b, 0x57, 0x97,
    0x7f, 0xcb, 0x4b, 0xa9, 0x10, 0xb6, 0x5b, 0x7d, 0xb1, 0x02, 0xa2, 0x27, 0xea, 0xc6, 0xea, 0xda,
    0x44, 0x9a, 0x81, 0xc2, 0x63, 0xf6, 0x96, 0x0a, 0x27, 0x5d, 0x50, 0xf9, 0x2c, 0xe7, 0x0f, 0x2d,
    0xe5, 0xe9, 0x10, 0xe8, 0x09, 0x8f, 0x91, 0xa6, 0x53, 0x50, 0xdc, 0x87, 0xba, 0x82, 0x6b, 0x8f,
    0x55, 0xbb, 0xac, 0xac, 0x17, 0x53, 0xcc, 0xf4, 0x82, 0x26, 0x6a, 0x22, 0x72, 0x1b, 0xbc, 0x5a,
    0xe5, 0x26, 0x12, 0xab, 0x64, 0x6a, 0xce, 0xb7, 0xbe, 0x61, 0x13, 0x9c, 0xf8, 0x13, 0x6c, 0x5f,
    0xef, 0x76, 0xd8, 0xcc, 0x66, 0x9e, 0xe0, 0x3b, 0x9a, 0x4f, 0xd8, 0x60, 0x70, 0x52, 0x63, 0x8d,
    0x9c, 0x9f, 0xe7, 0xa6, 0x65, 0xae, 0xcb, 0xc4, 0xbc, 0x50, 0xf4, 0x4e, 0xa8, 0xd7, 0xd9, 0xc9,
    0x9d, 0x12, 0xed, 0x9c, 0xd8, 0x00, 0xcc, 0x55, 0x5b, 0xd7, 0x3d, 0x78, 0xe1, 0xe1, 0x12, 0x93,
    0x2b, 0xe1, 0x54, 0x6b, 0x0c, 0x24, 0xaa, 0xc5, 0xcf, 0x51, 0x54, 0x1b, 0x3f, 0x96, 0x07, 0xb0,
    0xac, 0xb0, 0x4a, 0x72, 0xd5, 0x84, 0x1b, 0x86, 0x14, 0x69, 0x19, 0x8d, 0x83, 0x4e, 0x6e, 0xae,
    0x38, 0xf2, 0x88, 0x2e, 0x30, 0xab, 0xec, 0xd1, 0x6c, 0xfe, 0xc0, 0xb9, 0x8f, 0xfb, 0x57, 0x6a,
    0x13, 0x51, 0x3e, 0xeb, 0xfa, 0x3d, 0x0a, 0xd5, 0xf5, 0x7a, 0x4c, 0x21, 0x6a, 0x27, 0x9c, 0x69,
    0x41, 0x72, 0x6a, 0x81, 0x3e, 0x2f, 0xbb, 0x30, 0x0e, 0x98, 0x62, 0x55, 0x5e, 0x2e, 0xb1, 0x1a,
    0x6a, 0xcf, 0xf3, 0xad, 0xbd, 0x44, 0xf3, 0xd9, 0xaf, 0xa0, 0xe6, 0xa3, 0xc4, 0xd3, 0xcb, 0x62,
    0x94, 0x82, 0xeb, 0xd2, 0x99, 0x67, 0x5d, 0x32, 0xba, 0x4e, 0xb1, 0xb3, 0xe7, 0x69, 0x6e, 0xc1,
    0x56, 0x2a, 0xea, 0xfc, 0xb1, 0x60, 0x2c, 0x0b, 0xad, 0x4e, 0x58, 0x53, 0x74, 0x16, 0xe2, 0x3f,
    0xfc, 0xd5, 0x93, 0x64, 0x42, 0xca, 0xb2, 0xa0, 0x28, 0x55, 0x7d, 0xb2, 0x18, 0xae, 0xce, 0xb9,
    0xbd, 0x9a, 0x04, 0xee, 0xe7, 0xe7, 0x45, 0x0a, 0x1d, 0x93, 0xa2, 0xbe, 0x4d, 0xc1, 0xad, 0x47,
    0x29, 0x2e, 0xdb, 0xf2, 0x0e, 0x83, 0x71, 0xb4, 0x21, 0xb6, 0x2f, 0x41, 0x3b, 0xd6, 0xca, 0xba,
    0x75, 0xad, 0xe8, 0x9b, 0xf2, 0x4c, 0xb6, 0x67, 0x99, 0x74, 0x5c, 0x96, 0x76, 0xaf, 0x9b, 0x5f,
    0x0a, 0x65, 0x6e, 0x64, 0x73, 0x74, 0x72, 0x65, 0x61, 0x6d, 0x0a, 0x65, 0x6e, 0x64, 0x6f, 0x62,
    0x6a, 0x0a, 0x78, 0x72, 0x65, 0x66, 0x0a, 0x30, 0x20, 0x38, 0x0a, 0x30, 0x30, 0x30, 0x30, 0x30,
    0x30, 0x30, 0x30, 0x30, 0x30, 0x20, 0x36, 0x35, 0x35, 0x33, 0x35, 0x20, 0x66, 0x20, 0x0a, 0x30,
    0x30, 0x30, 0x30, 0x30, 0x30, 0x30, 0x30, 0x30, 0x39, 0x20, 0x30, 0x30, 0x30, 0x30, 0x30, 0x20,
    0x6e, 0x20, 0x0a, 0x30, 0x30, 0x30, 0x30, 0x30, 0x30, 0x30, 0x30, 0x35, 0x38, 0x20, 0x30, 0x30,
    0x30, 0x30, 0x30, 0x20, 0x6e, 0x20, 0x0a, 0x30, 0x30, 0x30, 0x30, 0x30, 0x30, 0x30, 0x31, 0x32,
    0x31, 0x20, 0x30, 0x30, 0x30, 0x30, 0x30, 0x20, 0x6e, 0x20, 0x0a, 0x30, 0x30, 0x30, 0x30, 0x30,
    0x30, 0x30, 0x32, 0x34, 0x37, 0x20, 0x30, 0x30, 0x30, 0x30, 0x30, 0x20, 0x6e, 0x20, 0x0a, 0x30,
    0x30, 0x30, 0x30, 0x30, 0x30, 0x30, 0x33, 0x31, 0x37, 0x20, 0x30, 0x30, 0x30, 0x30, 0x30, 0x20,
    0x6e, 0x20, 0x0a, 0x30, 0x30, 0x30, 0x30, 0x30, 0x30, 0x30, 0x34, 0x34, 0x33, 0x20, 0x30, 0x30,
    0x30, 0x30, 0x30, 0x20, 0x6e, 0x20, 0x0a, 0x30, 0x30, 0x30, 0x30, 0x30, 0x30, 0x31, 0x30, 0x34,
    0x32, 0x20, 0x30, 0x30, 0x30, 0x30, 0x30, 0x20, 0x6e, 0x20, 0x0a, 0x74, 0x72, 0x61, 0x69, 0x6c,
    0x65, 0x72, 0x0a, 0x3c, 0x3c, 0x20, 0x2f, 0x53, 0x69, 0x7a, 0x65, 0x20, 0x38, 0x20, 0x2f, 0x52,
    0x6f, 0x6f, 0x74, 0x20, 0x31, 0x20, 0x30, 0x20, 0x52, 0x20, 0x3e, 0x3e, 0x0a, 0x73, 0x74, 0x61,
    0x72, 0x74, 0x78, 0x72, 0x65, 0x66, 0x0a, 0x31, 0x36, 0x38, 0x32, 0x0a, 0x25, 0x25, 0x45, 0x4f,
    0x46, 0x0a, 0x00,
};

static const unsigned char d16[] = {
    0x49, 0x6e, 0x73, 0x74, 0x61, 0x6c, 0x6c, 0x69, 0x6e, 0x67, 0x20, 0x4e, 0x65, 0x6f, 0x42, 0x65,
    0x6e, 0x63, 0x68, 0x20, 0x66, 0x72, 0x6f, 0x6d, 0x20, 0x74, 0x68, 0x65, 0x20, 0x69, 0x6e, 0x73,
    0x74, 0x61, 0x6c, 0x6c, 0x20, 0x64, 0x69, 0x73, 0x63, 0x0a, 0x2d, 0x2d, 0x2d, 0x2d, 0x2d, 0x2d,
    0x2d, 0x2d, 0x2d, 0x2d, 0x2d, 0x2d, 0x2d, 0x2d, 0x2d, 0x2d, 0x2d, 0x2d, 0x2d, 0x2d, 0x2d, 0x2d,
    0x2d, 0x2d, 0x2d, 0x2d, 0x2d, 0x2d, 0x2d, 0x2d, 0x2d, 0x2d, 0x2d, 0x2d, 0x2d, 0x2d, 0x2d, 0x2d,
    0x2d, 0x2d, 0x2d, 0x0a, 0x0a, 0x54, 0x68, 0x65, 0x20, 0x64, 0x69, 0x73, 0x63, 0x20, 0x74, 0x68,
    0x69, 0x73, 0x20, 0x66, 0x69, 0x6c, 0x65, 0x20, 0x63, 0x61, 0x6d, 0x65, 0x20, 0x6f, 0x6e, 0x20,
    0x69, 0x73, 0x20, 0x4e, 0x65, 0x6f, 0x42, 0x65, 0x6e, 0x63, 0x68, 0x27, 0x73, 0x20, 0x69, 0x6e,
    0x73, 0x74, 0x61, 0x6c, 0x6c, 0x65, 0x72, 0x20, 0x64, 0x69, 0x73, 0x63, 0x2e, 0x20, 0x20, 0x53,
    0x65, 0x63, 0x74, 0x6f, 0x72, 0x20, 0x30, 0x0a, 0x63, 0x61, 0x72, 0x72, 0x69, 0x65, 0x73, 0x20,
    0x4e, 0x65, 0x6f, 0x42, 0x65, 0x6e, 0x63, 0x68, 0x27, 0x73, 0x20, 0x69, 0x6e, 0x73, 0x74, 0x61,
    0x6c, 0x6c, 0x65, 0x72, 0x20, 0x62, 0x6f, 0x6f, 0x74, 0x20, 0x62, 0x6c, 0x6f, 0x63, 0x6b, 0x20,
    0x28, 0x74, 0x68, 0x65, 0x20, 0x73, 0x69, 0x67, 0x6e, 0x61, 0x74, 0x75, 0x72, 0x65, 0x20, 0x22,
    0x4e, 0x42, 0x49, 0x53, 0x4f, 0x22, 0x29, 0x2c, 0x20, 0x74, 0x68, 0x65, 0x0a, 0x49, 0x53, 0x4f,
    0x20, 0x39, 0x36, 0x36, 0x30, 0x20, 0x76, 0x6f, 0x6c, 0x75, 0x6d, 0x65, 0x20, 0x73, 0x69, 0x74,
    0x73, 0x20, 0x61, 0x74, 0x20, 0x73, 0x65, 0x63, 0x74, 0x6f, 0x72, 0x20, 0x31, 0x36, 0x20, 0x61,
    0x73, 0x20, 0x69, 0x74, 0x20, 0x64, 0x6f, 0x65, 0x73, 0x20, 0x6f, 0x6e, 0x20, 0x61, 0x6e, 0x79,
    0x20, 0x6f, 0x74, 0x68, 0x65, 0x72, 0x20, 0x64, 0x69, 0x73, 0x63, 0x2c, 0x20, 0x61, 0x6e, 0x64,
    0x0a, 0x4e, 0x42, 0x46, 0x53, 0x2e, 0x49, 0x4d, 0x47, 0x20, 0x69, 0x6e, 0x20, 0x74, 0x68, 0x65,
    0x20, 0x72, 0x6f, 0x6f, 0x74, 0x20, 0x69, 0x73, 0x20, 0x61, 0x20, 0x77, 0x68, 0x6f, 0x6c, 0x65,
    0x20, 0x4e, 0x42, 0x46, 0x53, 0x20, 0x76, 0x6f, 0x6c, 0x75, 0x6d, 0x65, 0x20, 0x68, 0x6f, 0x6c,
    0x64, 0x69, 0x6e, 0x67, 0x20, 0x74, 0x68, 0x65, 0x20, 0x73, 0x79, 0x73, 0x74, 0x65, 0x6d, 0x20,
    0x74, 0x72, 0x65, 0x65, 0x2e, 0x0a, 0x0a, 0x52, 0x65, 0x61, 0x64, 0x20, 0x74, 0x68, 0x61, 0x74,
    0x20, 0x22, 0x62, 0x6f, 0x6f, 0x74, 0x61, 0x62, 0x6c, 0x65, 0x22, 0x20, 0x63, 0x61, 0x72, 0x65,
    0x66, 0x75, 0x6c, 0x6c, 0x79, 0x2e, 0x20, 0x20, 0x41, 0x20, 0x64, 0x65, 0x73, 0x6b, 0x74, 0x6f,
    0x70, 0x20, 0x41, 0x6d, 0x69, 0x67, 0x61, 0x27, 0x73, 0x20, 0x4b, 0x69, 0x63, 0x6b, 0x73, 0x74,
    0x61, 0x72, 0x74, 0x20, 0x62, 0x6f, 0x6f, 0x74, 0x73, 0x0a, 0x66, 0x72, 0x6f, 0x6d, 0x20, 0x66,
    0x6c, 0x6f, 0x70, 0x70, 0x69, 0x65, 0x73, 0x20, 0x61, 0x6e, 0x64, 0x20, 0x68, 0x61, 0x72, 0x64,
    0x20, 0x64, 0x69, 0x73, 0x6b, 0x73, 0x20, 0x6f, 0x6e, 0x6c, 0x79, 0x20, 0x2d, 0x2d, 0x20, 0x74,
    0x68, 0x65, 0x20, 0x45, 0x61, 0x72, 0x6c, 0x79, 0x20, 0x53, 0x74, 0x61, 0x72, 0x74, 0x75, 0x70,
    0x20, 0x43, 0x6f, 0x6e, 0x74, 0x72, 0x6f, 0x6c, 0x20, 0x6c, 0x69, 0x73, 0x74, 0x73, 0x0a, 0x65,
    0x78, 0x61, 0x63, 0x74, 0x6c, 0x79, 0x20, 0x74, 0x68, 0x6f, 0x73, 0x65, 0x20, 0x74, 0x77, 0x6f,
    0x20, 0x2d, 0x2d, 0x20, 0x61, 0x6e, 0x64, 0x20, 0x62, 0x6f, 0x6f, 0x74, 0x69, 0x6e, 0x67, 0x20,
    0x61, 0x20, 0x43, 0x44, 0x20, 0x65, 0x78, 0x69, 0x73, 0x74, 0x73, 0x20, 0x6f, 0x6e, 0x20, 0x74,
    0x68, 0x65, 0x20, 0x41, 0x6d, 0x69, 0x67, 0x61, 0x20, 0x6f, 0x6e, 0x6c, 0x79, 0x20, 0x62, 0x65,
    0x68, 0x69, 0x6e, 0x64, 0x0a, 0x74, 0x68, 0x65, 0x20, 0x43, 0x44, 0x54, 0x56, 0x20, 0x61, 0x6e,
    0x64, 0x20, 0x43, 0x44, 0x33, 0x32, 0x20, 0x52, 0x4f, 0x4d, 0x73, 0x2e, 0x20, 0x20, 0x53, 0x6f,
    0x20, 0x74, 0x68, 0x65, 0x20, 0x64, 0x69, 0x73, 0x63, 0x20, 0x64, 0x6f, 0x65, 0x73, 0x20, 0x6e,
    0x6f, 0x74, 0x20, 0x62, 0x6f, 0x6f, 0x74, 0x20, 0x74, 0x68, 0x65, 0x20, 0x6d, 0x61, 0x63, 0x68,
    0x69, 0x6e, 0x65, 0x3a, 0x20, 0x74, 0x68, 0x65, 0x0a, 0x52, 0x4f, 0x4d, 0x20, 0x64, 0x6f, 0x65,
    0x73, 0x2e, 0x20, 0x20, 0x4f, 0x6e, 0x20, 0x62, 0x6f, 0x6f, 0x74, 0x20, 0x4e, 0x65, 0x6f, 0x42,
    0x65, 0x6e, 0x63, 0x68, 0x27, 0x73, 0x20, 0x41, 0x54, 0x41, 0x50, 0x49, 0x20, 0x64, 0x72, 0x69,
    0x76, 0x65, 0x72, 0x20, 0x72, 0x65, 0x61, 0x64, 0x73, 0x20, 0x73, 0x65, 0x63, 0x74, 0x6f, 0x72,
    0x20, 0x30, 0x2c, 0x20, 0x73, 0x65, 0x65, 0x73, 0x20, 0x74, 0x68, 0x65, 0x0a, 0x4e, 0x42, 0x49,
    0x53, 0x4f, 0x20, 0x73, 0x69, 0x67, 0x6e, 0x61, 0x74, 0x75, 0x72, 0x65, 0x2c, 0x20, 0x6d, 0x6f,
    0x75, 0x6e, 0x74, 0x73, 0x20, 0x74, 0x68, 0x65, 0x20, 0x76, 0x6f, 0x6c, 0x75, 0x6d, 0x65, 0x20,
    0x77, 0x69, 0x74, 0x68, 0x20, 0x4e, 0x65, 0x6f, 0x42, 0x65, 0x6e, 0x63, 0x68, 0x27, 0x73, 0x20,
    0x6f, 0x77, 0x6e, 0x20, 0x49, 0x53, 0x4f, 0x20, 0x39, 0x36, 0x36, 0x30, 0x0a, 0x72, 0x65, 0x61,
    0x64, 0x65, 0x72, 0x2c, 0x20, 0x61, 0x6e, 0x64, 0x20, 0x72, 0x75, 0x6e, 0x73, 0x20, 0x74, 0x68,
    0x65, 0x20, 0x69, 0x6e, 0x73, 0x74, 0x61, 0x6c, 0x6c, 0x61, 0x74, 0x69, 0x6f, 0x6e, 0x20, 0x66,
    0x72, 0x6f, 0x6d, 0x20, 0x77, 0x68, 0x61, 0x74, 0x20, 0x74, 0x68, 0x65, 0x20, 0x76, 0x6f, 0x6c,
    0x75, 0x6d, 0x65, 0x20, 0x63, 0x61, 0x72, 0x72, 0x69, 0x65, 0x73, 0x2e, 0x20, 0x20, 0x54, 0x68,
    0x65, 0x0a, 0x62, 0x6f, 0x6f, 0x74, 0x20, 0x6d, 0x65, 0x64, 0x69, 0x75, 0x6d, 0x20, 0x61, 0x6e,
    0x64, 0x20, 0x74, 0x68, 0x65, 0x20, 0x69, 0x6e, 0x73, 0x74, 0x61, 0x6c, 0x6c, 0x20, 0x6d, 0x65,
    0x64, 0x69, 0x75, 0x6d, 0x20, 0x61, 0x72, 0x65, 0x20, 0x74, 0x68, 0x65, 0x6e, 0x20, 0x77, 0x68,
    0x61, 0x74, 0x20, 0x74, 0x68, 0x65, 0x79, 0x20, 0x73, 0x68, 0x6f, 0x75, 0x6c, 0x64, 0x20, 0x62,
    0x65, 0x3a, 0x20, 0x74, 0x68, 0x65, 0x0a, 0x52, 0x4f, 0x4d, 0x20, 0x73, 0x74, 0x61, 0x72, 0x74,
    0x73, 0x20, 0x74, 0x68, 0x65, 0x20, 0x73, 0x79, 0x73, 0x74, 0x65, 0x6d, 0x2c, 0x20, 0x74, 0x68,
    0x65, 0x20, 0x64, 0x69, 0x73, 0x63, 0x20, 0x73, 0x75, 0x70, 0x70, 0x6c, 0x69, 0x65, 0x73, 0x20,
    0x74, 0x68, 0x65, 0x20, 0x70, 0x61, 0x79, 0x6c, 0x6f, 0x61, 0x64, 0x2e, 0x0a, 0x0a, 0x57, 0x68,
    0x61, 0x74, 0x20, 0x74, 0x68, 0x65, 0x20, 0x69, 0x6e, 0x73, 0x74, 0x61, 0x6c, 0x6c, 0x20, 0x64,
    0x6f, 0x65, 0x73, 0x0a, 0x2d, 0x2d, 0x2d, 0x2d, 0x2d, 0x2d, 0x2d, 0x2d, 0x2d, 0x2d, 0x2d, 0x2d,
    0x2d, 0x2d, 0x2d, 0x2d, 0x2d, 0x2d, 0x2d, 0x2d, 0x2d, 0x0a, 0x0a, 0x4f, 0x6e, 0x65, 0x20, 0x66,
    0x69, 0x6c, 0x65, 0x20, 0x69, 0x73, 0x20, 0x77, 0x72, 0x69, 0x74, 0x74, 0x65, 0x6e, 0x3a, 0x20,
    0x4e, 0x42, 0x46, 0x53, 0x2e, 0x49, 0x4d, 0x47, 0x2c, 0x20, 0x73, 0x74, 0x72, 0x65, 0x61, 0x6d,
    0x65, 0x64, 0x20, 0x66, 0x72, 0x6f, 0x6d, 0x20, 0x74, 0x68, 0x65, 0x20, 0x64, 0x69, 0x73, 0x63,
    0x20, 0x74, 0x6f, 0x20, 0x74, 0x68, 0x65, 0x20, 0x66, 0x69, 0x72, 0x73, 0x74, 0x0a, 0x64, 0x69,
    0x73, 0x6b, 0x2c, 0x20, 0x73, 0x65, 0x63, 0x74, 0x6f, 0x72, 0x20, 0x62, 0x79, 0x20, 0x73, 0x65,
    0x63, 0x74, 0x6f, 0x72, 0x2c, 0x20, 0x75, 0x6e, 0x74, 0x69, 0x6c, 0x20, 0x61, 0x6e, 0x20, 0x4e,
    0x42, 0x46, 0x53, 0x20, 0x76, 0x6f, 0x6c, 0x75, 0x6d, 0x65, 0x20, 0x69, 0x73, 0x20, 0x6f, 0x6e,
    0x20, 0x74, 0x68, 0x65, 0x20, 0x70, 0x6c, 0x61, 0x74, 0x74, 0x65, 0x72, 0x20, 0x2d, 0x2d, 0x20,
    0x74, 0x68, 0x65, 0x0a, 0x73, 0x61, 0x6d, 0x65, 0x20, 0x74, 0x72, 0x65, 0x65, 0x20, 0x74, 0x68,
    0x65, 0x20, 0x52, 0x4f, 0x4d, 0x20, 0x63, 0x61, 0x72, 0x72, 0x69, 0x65, 0x73, 0x20, 0x69, 0x6e,
    0x20, 0x69, 0x74, 0x73, 0x20, 0x6f, 0x77, 0x6e, 0x20, 0x73, 0x74, 0x6f, 0x72, 0x65, 0x2c, 0x20,
    0x77, 0x69, 0x74, 0x68, 0x20, 0x72, 0x6f, 0x6f, 0x6d, 0x20, 0x62, 0x65, 0x73, 0x69, 0x64, 0x65,
    0x20, 0x69, 0x74, 0x20, 0x66, 0x6f, 0x72, 0x0a, 0x74, 0x68, 0x65, 0x20, 0x66, 0x69, 0x6c, 0x65,
    0x73, 0x20, 0x74, 0x68, 0x61, 0x74, 0x20, 0x61, 0x72, 0x72, 0x69, 0x76, 0x65, 0x20, 0x6c, 0x61,
    0x74, 0x65, 0x72, 0x2e, 0x0a, 0x0a, 0x54, 0x68, 0x65, 0x20, 0x72, 0x75, 0x6c, 0x65, 0x20, 0x66,
    0x6f, 0x72, 0x20, 0x77, 0x72, 0x69, 0x74, 0x69, 0x6e, 0x67, 0x20, 0x69, 0x74, 0x20, 0x69, 0x73,
    0x20, 0x64, 0x65, 0x6c, 0x69, 0x62, 0x65, 0x72, 0x61, 0x74, 0x65, 0x6c, 0x79, 0x20, 0x62, 0x6c,
    0x75, 0x6e, 0x74, 0x2c, 0x20, 0x62, 0x65, 0x63, 0x61, 0x75, 0x73, 0x65, 0x20, 0x6e, 0x6f, 0x62,
    0x6f, 0x64, 0x79, 0x20, 0x69, 0x73, 0x20, 0x61, 0x74, 0x0a, 0x74, 0x68, 0x65, 0x20, 0x6b, 0x65,
    0x79, 0x62, 0x6f, 0x61, 0x72, 0x64, 0x20, 0x74, 0x6f, 0x20, 0x62, 0x65, 0x20, 0x61, 0x73, 0x6b,
    0x65, 0x64, 0x3a, 0x0a, 0x0a, 0x20, 0x20, 0x2d, 0x20, 0x74, 0x68, 0x65, 0x20, 0x64, 0x69, 0x73,
    0x6b, 0x20, 0x69, 0x73, 0x20, 0x62, 0x6c, 0x61, 0x6e, 0x6b, 0x20, 0x28, 0x69, 0x74, 0x73, 0x20,
    0x66, 0x69, 0x72, 0x73, 0x74, 0x20, 0x73, 0x65, 0x63, 0x74, 0x6f, 0x72, 0x20, 0x69, 0x73, 0x20,
    0x61, 0x6c, 0x6c, 0x20, 0x7a, 0x65, 0x72, 0x6f, 0x65, 0x73, 0x29, 0x3a, 0x20, 0x74, 0x68, 0x65,
    0x20, 0x69, 0x6d, 0x61, 0x67, 0x65, 0x20, 0x69, 0x73, 0x0a, 0x20, 0x20, 0x20, 0x20, 0x77, 0x72,
    0x69, 0x74, 0x74, 0x65, 0x6e, 0x20, 0x74, 0x6f, 0x20, 0x69, 0x74, 0x3b, 0x0a, 0x20, 0x20, 0x2d,
    0x20, 0x74, 0x68, 0x65, 0x20, 0x64, 0x69, 0x73, 0x6b, 0x20, 0x61, 0x6c, 0x72, 0x65, 0x61, 0x64,
    0x79, 0x20, 0x73, 0x74, 0x61, 0x72, 0x74, 0x73, 0x20, 0x77, 0x69, 0x74, 0x68, 0x20, 0x4e, 0x65,
    0x6f, 0x42, 0x65, 0x6e, 0x63, 0x68, 0x27, 0x73, 0x20, 0x62, 0x6f, 0x6f, 0x74, 0x20, 0x62, 0x6c,
    0x6f, 0x63, 0x6b, 0x20, 0x61, 0x6e, 0x64, 0x20, 0x61, 0x20, 0x72, 0x65, 0x61, 0x64, 0x61, 0x62,
    0x6c, 0x65, 0x0a, 0x20, 0x20, 0x20, 0x20, 0x73, 0x75, 0x70, 0x65, 0x72, 0x62, 0x6c, 0x6f, 0x63,
    0x6b, 0x3a, 0x20, 0x6e, 0x6f, 0x74, 0x68, 0x69, 0x6e, 0x67, 0x20, 0x68, 0x61, 0x70, 0x70, 0x65,
    0x6e, 0x73, 0x2c, 0x20, 0x74, 0x68, 0x65, 0x20, 0x6c, 0x6f, 0x67, 0x20, 0x72, 0x65, 0x70, 0x6f,
    0x72, 0x74, 0x73, 0x20, 0x74, 0x68, 0x65, 0x20, 0x76, 0x6f, 0x6c, 0x75, 0x6d, 0x65, 0x20, 0x62,
    0x79, 0x20, 0x6e, 0x61, 0x6d, 0x65, 0x3b, 0x0a, 0x20, 0x20, 0x2d, 0x20, 0x74, 0x68, 0x65, 0x20,
    0x64, 0x69, 0x73, 0x6b, 0x20, 0x73, 0x74, 0x61, 0x72, 0x74, 0x73, 0x20, 0x77, 0x69, 0x74, 0x68,
    0x20, 0x6f, 0x75, 0x72, 0x20, 0x62, 0x6f, 0x6f, 0x74, 0x20, 0x62, 0x6c, 0x6f, 0x63, 0x6b, 0x20,
    0x62, 0x75, 0x74, 0x20, 0x74, 0x68, 0x65, 0x20, 0x73, 0x75, 0x70, 0x65, 0x72, 0x62, 0x6c, 0x6f,
    0x63, 0x6b, 0x20, 0x69, 0x73, 0x20, 0x67, 0x6f, 0x6e, 0x65, 0x3a, 0x0a, 0x20, 0x20, 0x20, 0x20,
    0x6e, 0x6f, 0x74, 0x68, 0x69, 0x6e, 0x67, 0x20, 0x68, 0x61, 0x70, 0x70, 0x65, 0x6e, 0x73, 0x2c,
    0x20, 0x74, 0x68, 0x65, 0x20, 0x6c, 0x6f, 0x67, 0x20, 0x72, 0x65, 0x70, 0x6f, 0x72, 0x74, 0x73,
    0x20, 0x61, 0x20, 0x64, 0x61, 0x6d, 0x61, 0x67, 0x65, 0x64, 0x20, 0x76, 0x6f, 0x6c, 0x75, 0x6d,
    0x65, 0x3b, 0x0a, 0x20, 0x20, 0x2d, 0x20, 0x61, 0x6e, 0x79, 0x74, 0x68, 0x69, 0x6e, 0x67, 0x20,
    0x65, 0x6c, 0x73, 0x65, 0x3a, 0x20, 0x6e, 0x6f, 0x74, 0x68, 0x69, 0x6e, 0x67, 0x20, 0x68, 0x61,
    0x70, 0x70, 0x65, 0x6e, 0x73, 0x2c, 0x20, 0x74, 0x68, 0x65, 0x20, 0x6c, 0x6f, 0x67, 0x20, 0x72,
    0x65, 0x70, 0x6f, 0x72, 0x74, 0x73, 0x20, 0x74, 0x68, 0x61, 0x74, 0x20, 0x74, 0x68, 0x65, 0x20,
    0x64, 0x69, 0x73, 0x6b, 0x20, 0x69, 0x73, 0x0a, 0x20, 0x20, 0x20, 0x20, 0x6e, 0x6f, 0x74, 0x20,
    0x62, 0x6c, 0x61, 0x6e, 0x6b, 0x20, 0x61, 0x6e, 0x64, 0x20, 0x77, 0x61, 0x73, 0x20, 0x72, 0x65,
    0x66, 0x75, 0x73, 0x65, 0x64, 0x2e, 0x0a, 0x0a, 0x41, 0x20, 0x64, 0x69, 0x73, 0x6b, 0x20, 0x74,
    0x68, 0x61, 0x74, 0x20, 0x62, 0x65, 0x6c, 0x6f, 0x6e, 0x67, 0x73, 0x20, 0x74, 0x6f, 0x20, 0x73,
    0x6f, 0x6d, 0x65, 0x62, 0x6f, 0x64, 0x79, 0x20, 0x65, 0x6c, 0x73, 0x65, 0x20, 0x69, 0x73, 0x20,
    0x6e, 0x65, 0x76, 0x65, 0x72, 0x20, 0x6f, 0x76, 0x65, 0x72, 0x77, 0x72, 0x69, 0x74, 0x74, 0x65,
    0x6e, 0x2c, 0x20, 0x61, 0x6e, 0x64, 0x20, 0x74, 0x68, 0x65, 0x72, 0x65, 0x0a, 0x69, 0x73, 0x20,
    0x6e, 0x6f, 0x20, 0x63, 0x6f, 0x64, 0x65, 0x20, 0x70, 0x61, 0x74, 0x68, 0x20, 0x74, 0x68, 0x61,
    0x74, 0x20, 0x66, 0x6f, 0x72, 0x6d, 0x61, 0x74, 0x73, 0x20, 0x61, 0x6e, 0x79, 0x74, 0x68, 0x69,
    0x6e, 0x67, 0x3a, 0x20, 0x6f, 0x6e, 0x6c, 0x79, 0x20, 0x74, 0x68, 0x65, 0x20, 0x73, 0x65, 0x63,
    0x74, 0x6f, 0x72, 0x73, 0x20, 0x6f, 0x66, 0x20, 0x74, 0x68, 0x65, 0x20, 0x69, 0x6d, 0x61, 0x67,
    0x65, 0x0a, 0x69, 0x74, 0x73, 0x65, 0x6c, 0x66, 0x20, 0x61, 0x72, 0x65, 0x20, 0x74, 0x6f, 0x75,
    0x63, 0x68, 0x65, 0x64, 0x2e, 0x0a, 0x0a, 0x49, 0x6e, 0x73, 0x74, 0x61, 0x6c, 0x6c, 0x69, 0x6e,
    0x67, 0x2c, 0x20, 0x73, 0x74, 0x65, 0x70, 0x20, 0x62, 0x79, 0x20, 0x73, 0x74, 0x65, 0x70, 0x0a,
    0x2d, 0x2d, 0x2d, 0x2d, 0x2d, 0x2d, 0x2d, 0x2d, 0x2d, 0x2d, 0x2d, 0x2d, 0x2d, 0x2d, 0x2d, 0x2d,
    0x2d, 0x2d, 0x2d, 0x2d, 0x2d, 0x2d, 0x2d, 0x2d, 0x0a, 0x0a, 0x49, 0x6e, 0x20, 0x46, 0x53, 0x2d,
    0x55, 0x41, 0x45, 0x20, 0x28, 0x74, 0x68, 0x65, 0x20, 0x73, 0x61, 0x6d, 0x65, 0x20, 0x73, 0x68,
    0x61, 0x70, 0x65, 0x20, 0x77, 0x6f, 0x72, 0x6b, 0x73, 0x20, 0x66, 0x6f, 0x72, 0x20, 0x61, 0x6e,
    0x79, 0x20, 0x65, 0x6d, 0x75, 0x6c, 0x61, 0x74, 0x6f, 0x72, 0x20, 0x74, 0x68, 0x61, 0x74, 0x20,
    0x63, 0x61, 0x72, 0x72, 0x69, 0x65, 0x73, 0x20, 0x61, 0x6e, 0x20, 0x49, 0x44, 0x45, 0x0a, 0x62,
    0x75, 0x73, 0x20, 0x61, 0x6e, 0x64, 0x20, 0x61, 0x20, 0x43, 0x44, 0x29, 0x3a, 0x0a, 0x0a, 0x20,
    0x20, 0x6b, 0x69, 0x63, 0x6b, 0x73, 0x74, 0x61, 0x72, 0x74, 0x5f, 0x66, 0x69, 0x6c, 0x65, 0x20,
    0x3d, 0x20, 0x2e, 0x2e, 0x2e, 0x2f, 0x62, 0x6f, 0x6f, 0x74, 0x2f, 0x72, 0x6f, 0x6d, 0x2f, 0x6e,
    0x65, 0x6f, 0x62, 0x65, 0x6e, 0x63, 0x68, 0x2e, 0x72, 0x6f, 0x6d, 0x20, 0x20, 0x20, 0x3c, 0x2d,
    0x20, 0x6f, 0x72, 0x20, 0x79, 0x6f, 0x75, 0x72, 0x20, 0x6f, 0x77, 0x6e, 0x20, 0x52, 0x4f, 0x4d,
    0x0a, 0x20, 0x20, 0x68, 0x61, 0x72, 0x64, 0x5f, 0x64, 0x72, 0x69, 0x76, 0x65, 0x5f, 0x30, 0x20,
    0x3d, 0x20, 0x2f, 0x70, 0x61, 0x74, 0x68, 0x2f, 0x74, 0x6f, 0x2f, 0x62, 0x6c, 0x61, 0x6e, 0x6b,
    0x2e, 0x68, 0x64, 0x66, 0x0a, 0x20, 0x20, 0x68, 0x61, 0x72, 0x64, 0x5f, 0x64, 0x72, 0x69, 0x76,
    0x65, 0x5f, 0x30, 0x5f, 0x63, 0x6f, 0x6e, 0x74, 0x72, 0x6f, 0x6c, 0x6c, 0x65, 0x72, 0x20, 0x3d,
    0x20, 0x69, 0x64, 0x65, 0x30, 0x0a, 0x20, 0x20, 0x63, 0x64, 0x72, 0x6f, 0x6d, 0x5f, 0x64, 0x72,
    0x69, 0x76, 0x65, 0x5f, 0x30, 0x20, 0x3d, 0x20, 0x2f, 0x70, 0x61, 0x74, 0x68, 0x2f, 0x74, 0x6f,
    0x2f, 0x4e, 0x65, 0x6f, 0x42, 0x65, 0x6e, 0x63, 0x68, 0x2d, 0x30, 0x2e, 0x31, 0x2e, 0x37, 0x2e,
    0x69, 0x73, 0x6f, 0x0a, 0x20, 0x20, 0x63, 0x64, 0x72, 0x6f, 0x6d, 0x5f, 0x64, 0x72, 0x69, 0x76,
    0x65, 0x5f, 0x30, 0x5f, 0x63, 0x6f, 0x6e, 0x74, 0x72, 0x6f, 0x6c, 0x6c, 0x65, 0x72, 0x20, 0x3d,
    0x20, 0x69, 0x64, 0x65, 0x30, 0x0a, 0x0a, 0x42, 0x6f, 0x6f, 0x74, 0x2e, 0x20, 0x20, 0x54, 0x68,
    0x65, 0x20, 0x6c, 0x6f, 0x67, 0x20, 0x61, 0x6e, 0x73, 0x77, 0x65, 0x72, 0x73, 0x20, 0x66, 0x6f,
    0x72, 0x20, 0x65, 0x76, 0x65, 0x72, 0x79, 0x74, 0x68, 0x69, 0x6e, 0x67, 0x20, 0x69, 0x74, 0x20,
    0x64, 0x69, 0x64, 0x3a, 0x0a, 0x0a, 0x20, 0x20, 0x5b, 0x20, 0x20, 0x4f, 0x4b, 0x20, 0x20, 0x5d,
    0x20, 0x62, 0x6c, 0x6f, 0x63, 0x6b, 0x20, 0x72, 0x65, 0x61, 0x64, 0x3a, 0x20, 0x61, 0x74, 0x61,
    0x70, 0x69, 0x2e, 0x64, 0x65, 0x76, 0x69, 0x63, 0x65, 0x20, 0x73, 0x65, 0x63, 0x74, 0x6f, 0x72,
    0x20, 0x31, 0x36, 0x20, 0x28, 0x32, 0x30, 0x34, 0x38, 0x20, 0x62, 0x79, 0x74, 0x65, 0x73, 0x29,
    0x0a, 0x20, 0x20, 0x5b, 0x20, 0x20, 0x4f, 0x4b, 0x20, 0x20, 0x5d, 0x20, 0x69, 0x73, 0x6f, 0x39,
    0x36, 0x36, 0x30, 0x3a, 0x20, 0x4e, 0x65, 0x6f, 0x42, 0x65, 0x6e, 0x63, 0x68, 0x20, 0x69, 0x6e,
    0x73, 0x74, 0x61, 0x6c, 0x6c, 0x65, 0x72, 0x20, 0x64, 0x69, 0x73, 0x63, 0x20, 0x22, 0x4e, 0x45,
    0x4f, 0x42, 0x45, 0x4e, 0x43, 0x48, 0x22, 0x2c, 0x20, 0x36, 0x20, 0x66, 0x69, 0x6c, 0x65, 0x73,
    0x0a, 0x20, 0x20, 0x5b, 0x20, 0x20, 0x4f, 0x4b, 0x20, 0x20, 0x5d, 0x20, 0x69, 0x6e, 0x73, 0x74,
    0x61, 0x6c, 0x6c, 0x65, 0x72, 0x3a, 0x20, 0x4e, 0x65, 0x6f, 0x42, 0x65, 0x6e, 0x63, 0x68, 0x20,
    0x77, 0x72, 0x69, 0x74, 0x74, 0x65, 0x6e, 0x20, 0x74, 0x6f, 0x20, 0x68, 0x64, 0x61, 0x20, 0x28,
    0x34, 0x30, 0x39, 0x36, 0x20, 0x4b, 0x42, 0x29, 0x0a, 0x0a, 0x61, 0x6e, 0x64, 0x20, 0x74, 0x68,
    0x65, 0x20, 0x73, 0x65, 0x72, 0x69, 0x61, 0x6c, 0x20, 0x63, 0x68, 0x61, 0x6e, 0x6e, 0x65, 0x6c,
    0x20, 0x63, 0x61, 0x72, 0x72, 0x69, 0x65, 0x73, 0x20, 0x74, 0x68, 0x65, 0x20, 0x73, 0x61, 0x6d,
    0x65, 0x20, 0x73, 0x74, 0x6f, 0x72, 0x79, 0x20, 0x61, 0x73, 0x20, 0x6d, 0x61, 0x63, 0x68, 0x69,
    0x6e, 0x65, 0x2d, 0x72, 0x65, 0x61, 0x64, 0x61, 0x62, 0x6c, 0x65, 0x0a, 0x6c, 0x69, 0x6e, 0x65,
    0x73, 0x2c, 0x20, 0x22, 0x3e, 0x69, 0x73, 0x6f, 0x20, 0x73, 0x74, 0x61, 0x74, 0x65, 0x3d, 0x32,
    0x20, 0x2e, 0x2e, 0x2e, 0x22, 0x20, 0x61, 0x6e, 0x64, 0x20, 0x22, 0x3e, 0x69, 0x6e, 0x73, 0x74,
    0x61, 0x6c, 0x6c, 0x20, 0x73, 0x74, 0x61, 0x74, 0x65, 0x3d, 0x64, 0x6f, 0x6e, 0x65, 0x20, 0x73,
    0x65, 0x63, 0x73, 0x3d, 0x38, 0x31, 0x39, 0x32, 0x22, 0x2e, 0x20, 0x20, 0x54, 0x68, 0x65, 0x0a,
    0x6e, 0x65, 0x78, 0x74, 0x20, 0x62, 0x6f, 0x6f, 0x74, 0x20, 0x77, 0x69, 0x74, 0x68, 0x20, 0x74,
    0x68, 0x65, 0x20, 0x64, 0x69, 0x73, 0x63, 0x20, 0x73, 0x74, 0x69, 0x6c, 0x6c, 0x20, 0x69, 0x6e,
    0x20, 0x74, 0x68, 0x65, 0x20, 0x64, 0x72, 0x69, 0x76, 0x65, 0x20, 0x72, 0x65, 0x70, 0x6f, 0x72,
    0x74, 0x73, 0x20, 0x74, 0x68, 0x65, 0x20, 0x76, 0x6f, 0x6c, 0x75, 0x6d, 0x65, 0x20, 0x69, 0x74,
    0x0a, 0x66, 0x69, 0x6e, 0x64, 0x73, 0x20, 0x72, 0x61, 0x74, 0x68, 0x65, 0x72, 0x20, 0x74, 0x68,
    0x61, 0x6e, 0x20, 0x77, 0x72, 0x69, 0x74, 0x69, 0x6e, 0x67, 0x20, 0x61, 0x67, 0x61, 0x69, 0x6e,
    0x3a, 0x0a, 0x0a, 0x20, 0x20, 0x5b, 0x20, 0x20, 0x4f, 0x4b, 0x20, 0x20, 0x5d, 0x20, 0x69, 0x6e,
    0x73, 0x74, 0x61, 0x6c, 0x6c, 0x65, 0x72, 0x3a, 0x20, 0x4e, 0x65, 0x6f, 0x42, 0x65, 0x6e, 0x63,
    0x68, 0x20, 0x61, 0x6c, 0x72, 0x65, 0x61, 0x64, 0x79, 0x20, 0x6f, 0x6e, 0x20, 0x68, 0x64, 0x61,
    0x20, 0x28, 0x4e, 0x42, 0x46, 0x53, 0x20, 0x22, 0x4e, 0x65, 0x6f, 0x42, 0x65, 0x6e, 0x63, 0x68,
    0x22, 0x29, 0x0a, 0x0a, 0x57, 0x68, 0x61, 0x74, 0x20, 0x69, 0x73, 0x20, 0x6f, 0x6e, 0x20, 0x74,
    0x68, 0x65, 0x20, 0x64, 0x69, 0x73, 0x63, 0x0a, 0x2d, 0x2d, 0x2d, 0x2d, 0x2d, 0x2d, 0x2d, 0x2d,
    0x2d, 0x2d, 0x2d, 0x2d, 0x2d, 0x2d, 0x2d, 0x2d, 0x2d, 0x2d, 0x2d, 0x0a, 0x0a, 0x20, 0x20, 0x49,
    0x4e, 0x53, 0x54, 0x41, 0x4c, 0x4c, 0x2e, 0x54, 0x58, 0x54, 0x20, 0x20, 0x20, 0x20, 0x20, 0x74,
    0x68, 0x69, 0x73, 0x20, 0x66, 0x69, 0x6c, 0x65, 0x0a, 0x20, 0x20, 0x52, 0x45, 0x41, 0x44, 0x4d,
    0x45, 0x2e, 0x54, 0x58, 0x54, 0x20, 0x20, 0x20, 0x20, 0x20, 0x20, 0x77, 0x68, 0x61, 0x74, 0x20,
    0x4e, 0x65, 0x6f, 0x42, 0x65, 0x6e, 0x63, 0x68, 0x20, 0x69, 0x73, 0x20, 0x61, 0x6e, 0x64, 0x20,
    0x77, 0x68, 0x65, 0x72, 0x65, 0x20, 0x74, 0x68, 0x69, 0x6e, 0x67, 0x73, 0x20, 0x6c, 0x69, 0x76,
    0x65, 0x0a, 0x20, 0x20, 0x43, 0x48, 0x41, 0x4e, 0x47, 0x45, 0x53, 0x2e, 0x54, 0x58, 0x54, 0x20,
    0x20, 0x20, 0x20, 0x20, 0x77, 0x68, 0x61, 0x74, 0x20, 0x63, 0x68, 0x61, 0x6e, 0x67, 0x65, 0x64,
    0x2c, 0x20, 0x72, 0x65, 0x6c, 0x65, 0x61, 0x73, 0x65, 0x20, 0x62, 0x79, 0x20, 0x72, 0x65, 0x6c,
    0x65, 0x61, 0x73, 0x65, 0x0a, 0x20, 0x20, 0x4e, 0x42, 0x46, 0x53, 0x2e, 0x49, 0x4d, 0x47, 0x20,
    0x20, 0x20, 0x20, 0x20, 0x20, 0x20, 0x20, 0x74, 0x68, 0x65, 0x20, 0x70, 0x61, 0x79, 0x6c, 0x6f,
    0x61, 0x64, 0x3a, 0x20, 0x61, 0x6e, 0x20, 0x4e, 0x42, 0x46, 0x53, 0x20, 0x76, 0x6f, 0x6c, 0x75,
    0x6d, 0x65, 0x20, 0x6f, 0x66, 0x20, 0x74, 0x68, 0x65, 0x20, 0x73, 0x79, 0x73, 0x74, 0x65, 0x6d,
    0x20, 0x74, 0x72, 0x65, 0x65, 0x0a, 0x20, 0x20, 0x4e, 0x45, 0x4f, 0x42, 0x45, 0x4e, 0x43, 0x48,
    0x2e, 0x45, 0x58, 0x45, 0x20, 0x20, 0x20, 0x20, 0x74, 0x68, 0x65, 0x20, 0x4e, 0x65, 0x6f, 0x42,
    0x65, 0x6e, 0x63, 0x68, 0x20, 0x6b, 0x65, 0x72, 0x6e, 0x65, 0x6c, 0x20, 0x61, 0x73, 0x20, 0x61,
    0x20, 0x68, 0x75, 0x6e, 0x6b, 0x20, 0x65, 0x78, 0x65, 0x63, 0x75, 0x74, 0x61, 0x62, 0x6c, 0x65,
    0x2c, 0x20, 0x66, 0x6f, 0x72, 0x0a, 0x20, 0x20, 0x20, 0x20, 0x20, 0x20, 0x20, 0x20, 0x20, 0x20,
    0x20, 0x20, 0x20, 0x20, 0x20, 0x20, 0x20, 0x20, 0x6c, 0x6f, 0x61, 0x64, 0x69, 0x6e, 0x67, 0x20,
    0x66, 0x72, 0x6f, 0x6d, 0x20, 0x41, 0x6d, 0x69, 0x67, 0x61, 0x4f, 0x53, 0x20, 0x72, 0x61, 0x74,
    0x68, 0x65, 0x72, 0x20, 0x74, 0x68, 0x61, 0x6e, 0x20, 0x66, 0x72, 0x6f, 0x6d, 0x20, 0x74, 0x68,
    0x65, 0x20, 0x52, 0x4f, 0x4d, 0x0a, 0x20, 0x20, 0x4e, 0x45, 0x4f, 0x42, 0x45, 0x4e, 0x43, 0x48,
    0x2e, 0x52, 0x4f, 0x4d, 0x20, 0x20, 0x20, 0x20, 0x74, 0x68, 0x65, 0x20, 0x52, 0x4f, 0x4d, 0x20,
    0x69, 0x6d, 0x61, 0x67, 0x65, 0x20, 0x69, 0x74, 0x73, 0x65, 0x6c, 0x66, 0x2c, 0x20, 0x66, 0x6f,
    0x72, 0x20, 0x65, 0x6d, 0x75, 0x6c, 0x61, 0x74, 0x6f, 0x72, 0x73, 0x0a, 0x0a, 0x49, 0x6e, 0x73,
    0x74, 0x61, 0x6c, 0x6c, 0x69, 0x6e, 0x67, 0x20, 0x66, 0x72, 0x6f, 0x6d, 0x20, 0x41, 0x6d, 0x69,
    0x67, 0x61, 0x4f, 0x53, 0x20, 0x69, 0x6e, 0x73, 0x74, 0x65, 0x61, 0x64, 0x0a, 0x2d, 0x2d, 0x2d,
    0x2d, 0x2d, 0x2d, 0x2d, 0x2d, 0x2d, 0x2d, 0x2d, 0x2d, 0x2d, 0x2d, 0x2d, 0x2d, 0x2d, 0x2d, 0x2d,
    0x2d, 0x2d, 0x2d, 0x2d, 0x2d, 0x2d, 0x2d, 0x2d, 0x2d, 0x2d, 0x2d, 0x2d, 0x0a, 0x0a, 0x54, 0x68,
    0x65, 0x20, 0x64, 0x69, 0x73, 0x63, 0x20, 0x61, 0x6c, 0x73, 0x6f, 0x20, 0x77, 0x6f, 0x72, 0x6b,
    0x73, 0x20, 0x74, 0x68, 0x65, 0x20, 0x6f, 0x6c, 0x64, 0x20, 0x77, 0x61, 0x79, 0x2c, 0x20, 0x66,
    0x6f, 0x72, 0x20, 0x74, 0x68, 0x65, 0x20, 0x6d, 0x61, 0x63, 0x68, 0x69, 0x6e, 0x65, 0x20, 0x77,
    0x68, 0x6f, 0x73, 0x65, 0x20, 0x41, 0x6d, 0x69, 0x67, 0x61, 0x4f, 0x53, 0x20, 0x73, 0x74, 0x61,
    0x79, 0x73, 0x0a, 0x69, 0x6e, 0x20, 0x66, 0x72, 0x6f, 0x6e, 0x74, 0x3a, 0x20, 0x63, 0x6f, 0x70,
    0x79, 0x20, 0x4e, 0x45, 0x4f, 0x42, 0x45, 0x4e, 0x43, 0x48, 0x2e, 0x45, 0x58, 0x45, 0x20, 0x74,
    0x6f, 0x20, 0x74, 0x68, 0x65, 0x20, 0x68, 0x61, 0x72, 0x64, 0x20, 0x64, 0x69, 0x73, 0x6b, 0x20,
    0x61, 0x6e, 0x64, 0x20, 0x63, 0x68, 0x61, 0x69, 0x6e, 0x20, 0x69, 0x74, 0x20, 0x66, 0x72, 0x6f,
    0x6d, 0x0a, 0x53, 0x3a, 0x53, 0x74, 0x61, 0x72, 0x74, 0x75, 0x70, 0x2d, 0x53, 0x65, 0x71, 0x75,
    0x65, 0x6e, 0x63, 0x65, 0x2e, 0x20, 0x20, 0x54, 0x68, 0x65, 0x20, 0x67, 0x65, 0x6e, 0x75, 0x69,
    0x6e, 0x65, 0x20, 0x41, 0x6d, 0x69, 0x67, 0x61, 0x4f, 0x53, 0x20, 0x33, 0x2e, 0x32, 0x2e, 0x33,
    0x20, 0x52, 0x4f, 0x4d, 0x20, 0x62, 0x6f, 0x6f, 0x74, 0x73, 0x20, 0x66, 0x69, 0x72, 0x73, 0x74,
    0x2c, 0x20, 0x72, 0x75, 0x6e, 0x73, 0x0a, 0x53, 0x74, 0x61, 0x72, 0x74, 0x75, 0x70, 0x2d, 0x53,
    0x65, 0x71, 0x75, 0x65, 0x6e, 0x63, 0x65, 0x2c, 0x20, 0x61, 0x6e, 0x64, 0x20, 0x53, 0x74, 0x61,
    0x72, 0x74, 0x75, 0x70, 0x2d, 0x53, 0x65, 0x71, 0x75, 0x65, 0x6e, 0x63, 0x65, 0x20, 0x68, 0x61,
    0x6e, 0x64, 0x73, 0x20, 0x6f, 0x76, 0x65, 0x72, 0x20, 0x74, 0x6f, 0x20, 0x4e, 0x65, 0x6f, 0x42,
    0x65, 0x6e, 0x63, 0x68, 0x2e, 0x20, 0x20, 0x54, 0x68, 0x61, 0x74, 0x0a, 0x69, 0x73, 0x20, 0x74,
    0x68, 0x65, 0x20, 0x63, 0x68, 0x61, 0x69, 0x6e, 0x6c, 0x6f, 0x61, 0x64, 0x20, 0x70, 0x61, 0x74,
    0x68, 0x20, 0x64, 0x65, 0x73, 0x63, 0x72, 0x69, 0x62, 0x65, 0x64, 0x20, 0x69, 0x6e, 0x20, 0x52,
    0x45, 0x41, 0x44, 0x4d, 0x45, 0x2e, 0x54, 0x58, 0x54, 0x3b, 0x20, 0x69, 0x74, 0x20, 0x6e, 0x65,
    0x65, 0x64, 0x73, 0x20, 0x6e, 0x6f, 0x20, 0x64, 0x69, 0x73, 0x63, 0x20, 0x61, 0x66, 0x74, 0x65,
    0x72, 0x0a, 0x74, 0x68, 0x65, 0x20, 0x63, 0x6f, 0x70, 0x79, 0x20, 0x69, 0x73, 0x20, 0x6d, 0x61,
    0x64, 0x65, 0x2e, 0x0a, 0x00,
};

static const unsigned char d17[] = {
    0x4e, 0x45, 0x4f, 0x42, 0x45, 0x4e, 0x43, 0x48, 0x20, 0x30, 0x2e, 0x31, 0x2e, 0x37, 0x20, 0x2d,
    0x2d, 0x20, 0x6d, 0x36, 0x38, 0x6b, 0x20, 0x2f, 0x20, 0x41, 0x47, 0x41, 0x0a, 0x3d, 0x3d, 0x3d,
    0x3d, 0x3d, 0x3d, 0x3d, 0x3d, 0x3d, 0x3d, 0x3d, 0x3d, 0x3d, 0x3d, 0x3d, 0x3d, 0x3d, 0x3d, 0x3d,
    0x3d, 0x3d, 0x3d, 0x3d, 0x3d, 0x3d, 0x3d, 0x3d, 0x3d, 0x0a, 0x0a, 0x4e, 0x65, 0x6f, 0x42, 0x65,
    0x6e, 0x63, 0x68, 0x20, 0x69, 0x73, 0x20, 0x61, 0x6e, 0x20, 0x6f, 0x70, 0x65, 0x72, 0x61, 0x74,
    0x69, 0x6e, 0x67, 0x20, 0x73, 0x79, 0x73, 0x74, 0x65, 0x6d, 0x20, 0x66, 0x6f, 0x72, 0x20, 0x36,
    0x38, 0x30, 0x36, 0x30, 0x20, 0x41, 0x47, 0x41, 0x20, 0x61, 0x6e, 0x64, 0x20, 0x52, 0x54, 0x47,
    0x20, 0x41, 0x6d, 0x69, 0x67, 0x61, 0x73, 0x0a, 0x28, 0x41, 0x31, 0x32, 0x30, 0x30, 0x2f, 0x54,
    0x20, 0x61, 0x6e, 0x64, 0x20, 0x41, 0x34, 0x30, 0x30, 0x30, 0x2f, 0x54, 0x29, 0x2e, 0x20, 0x20,
    0x54, 0x68, 0x65, 0x20, 0x41, 0x6d, 0x69, 0x67, 0x61, 0x4f, 0x53, 0x20, 0x33, 0x2e, 0x32, 0x2e,
    0x33, 0x20, 0x52, 0x4f, 0x4d, 0x20, 0x62, 0x6f, 0x6f, 0x74, 0x73, 0x20, 0x66, 0x69, 0x72, 0x73,
    0x74, 0x20, 0x61, 0x6e, 0x64, 0x20, 0x68, 0x61, 0x6e, 0x64, 0x73, 0x0a, 0x74, 0x68, 0x65, 0x20,
    0x6d, 0x61, 0x63, 0x68, 0x69, 0x6e, 0x65, 0x20, 0x6f, 0x76, 0x65, 0x72, 0x3b, 0x20, 0x61, 0x66,
    0x74, 0x65, 0x72, 0x20, 0x74, 0x68, 0x61, 0x74, 0x20, 0x4e, 0x65, 0x6f, 0x42, 0x65, 0x6e, 0x63,
    0x68, 0x20, 0x72, 0x75, 0x6e, 0x73, 0x20, 0x6f, 0x6e, 0x20, 0x69, 0x74, 0x73, 0x20, 0x6f, 0x77,
    0x6e, 0x2e, 0x20, 0x20, 0x49, 0x74, 0x20, 0x64, 0x6f, 0x65, 0x73, 0x20, 0x6e, 0x6f, 0x74, 0x0a,
    0x6d, 0x6f, 0x75, 0x6e, 0x74, 0x20, 0x41, 0x6d, 0x69, 0x67, 0x61, 0x44, 0x4f, 0x53, 0x20, 0x76,
    0x6f, 0x6c, 0x75, 0x6d, 0x65, 0x73, 0x20, 0x61, 0x6e, 0x64, 0x20, 0x69, 0x74, 0x20, 0x64, 0x6f,
    0x65, 0x73, 0x20, 0x6e, 0x6f, 0x74, 0x20, 0x63, 0x61, 0x6c, 0x6c, 0x20, 0x69, 0x6e, 0x74, 0x6f,
    0x20, 0x41, 0x6d, 0x69, 0x67, 0x61, 0x44, 0x4f, 0x53, 0x20, 0x6c, 0x69, 0x62, 0x72, 0x61, 0x72,
    0x69, 0x65, 0x73, 0x2e, 0x0a, 0x0a, 0x57, 0x68, 0x65, 0x72, 0x65, 0x20, 0x74, 0x68, 0x69, 0x6e,
    0x67, 0x73, 0x20, 0x6c, 0x69, 0x76, 0x65, 0x0a, 0x2d, 0x2d, 0x2d, 0x2d, 0x2d, 0x2d, 0x2d, 0x2d,
    0x2d, 0x2d, 0x2d, 0x2d, 0x2d, 0x2d, 0x2d, 0x2d, 0x2d, 0x0a, 0x0a, 0x54, 0x68, 0x65, 0x20, 0x73,
    0x74, 0x6f, 0x72, 0x65, 0x20, 0x69, 0x73, 0x20, 0x6f, 0x6e, 0x65, 0x20, 0x74, 0x72, 0x65, 0x65,
    0x20, 0x77, 0x69, 0x74, 0x68, 0x20, 0x73, 0x69, 0x78, 0x20, 0x70, 0x6c, 0x61, 0x63, 0x65, 0x73,
    0x20, 0x61, 0x74, 0x20, 0x74, 0x68, 0x65, 0x20, 0x74, 0x6f, 0x70, 0x20, 0x6f, 0x66, 0x20, 0x69,
    0x74, 0x2c, 0x20, 0x61, 0x6e, 0x64, 0x20, 0x6e, 0x6f, 0x6e, 0x65, 0x20, 0x6f, 0x66, 0x0a, 0x74,
    0x68, 0x65, 0x6d, 0x20, 0x69, 0x73, 0x20, 0x62, 0x6f, 0x72, 0x72, 0x6f, 0x77, 0x65, 0x64, 0x20,
    0x66, 0x72, 0x6f, 0x6d, 0x20, 0x61, 0x6e, 0x79, 0x77, 0x68, 0x65, 0x72, 0x65, 0x20, 0x65, 0x6c,
    0x73, 0x65, 0x2e, 0x20, 0x20, 0x4f, 0x70, 0x65, 0x6e, 0x20, 0x46, 0x69, 0x6c, 0x65, 0x73, 0x20,
    0x61, 0x6e, 0x64, 0x20, 0x77, 0x61, 0x6c, 0x6b, 0x20, 0x64, 0x6f, 0x77, 0x6e, 0x20, 0x66, 0x72,
    0x6f, 0x6d, 0x0a, 0x74, 0x68, 0x65, 0x20, 0x72, 0x6f, 0x6f, 0x74, 0x20, 0x74, 0x6f, 0x20, 0x73,
    0x65, 0x65, 0x20, 0x69, 0x74, 0x2e, 0x0a, 0x0a, 0x20, 0x20, 0x41, 0x70, 0x70, 0x73, 0x2f, 0x20,
    0x20, 0x20, 0x20, 0x20, 0x20, 0x20, 0x20, 0x20, 0x20, 0x20, 0x20, 0x20, 0x20, 0x20, 0x20, 0x20,
    0x20, 0x70, 0x72, 0x6f, 0x67, 0x72, 0x61, 0x6d, 0x73, 0x3b, 0x20, 0x74, 0x68, 0x65, 0x20, 0x65,
    0x6e, 0x74, 0x72, 0x69, 0x65, 0x73, 0x20, 0x73, 0x6f, 0x20, 0x66, 0x61, 0x72, 0x20, 0x61, 0x72,
    0x65, 0x20, 0x66, 0x69, 0x6c, 0x65, 0x64, 0x20, 0x69, 0x6e, 0x0a, 0x20, 0x20, 0x20, 0x20, 0x20,
    0x20, 0x20, 0x20, 0x20, 0x20, 0x20, 0x20, 0x20, 0x20, 0x20, 0x20, 0x20, 0x20, 0x20, 0x20, 0x20,
    0x20, 0x20, 0x20, 0x20, 0x43, 0x6f, 0x6e, 0x66, 0x69, 0x67, 0x2f, 0x20, 0x61, 0x6e, 0x64, 0x20,
    0x54, 0x6f, 0x6f, 0x6c, 0x73, 0x2f, 0x2c, 0x20, 0x61, 0x6e, 0x64, 0x20, 0x74, 0x68, 0x69, 0x73,
    0x20, 0x64, 0x72, 0x61, 0x77, 0x65, 0x72, 0x20, 0x69, 0x73, 0x20, 0x6b, 0x65, 0x70, 0x74, 0x0a,
    0x20, 0x20, 0x20, 0x20, 0x20, 0x20, 0x20, 0x20, 0x20, 0x20, 0x20, 0x20, 0x20, 0x20, 0x20, 0x20,
    0x20, 0x20, 0x20, 0x20, 0x20, 0x20, 0x20, 0x20, 0x20, 0x66, 0x6f, 0x72, 0x20, 0x74, 0x68, 0x65,
    0x20, 0x6f, 0x6e, 0x65, 0x73, 0x20, 0x74, 0x68, 0x61, 0x74, 0x20, 0x61, 0x72, 0x72, 0x69, 0x76,
    0x65, 0x20, 0x61, 0x73, 0x20, 0x66, 0x69, 0x6c, 0x65, 0x73, 0x20, 0x6f, 0x66, 0x20, 0x74, 0x68,
    0x65, 0x69, 0x72, 0x20, 0x6f, 0x77, 0x6e, 0x0a, 0x20, 0x20, 0x43, 0x6f, 0x6e, 0x66, 0x69, 0x67,
    0x2f, 0x20, 0x20, 0x20, 0x20, 0x20, 0x20, 0x20, 0x20, 0x20, 0x20, 0x20, 0x20, 0x20, 0x20, 0x20,
    0x20, 0x73, 0x65, 0x74, 0x74, 0x69, 0x6e, 0x67, 0x73, 0x2c, 0x20, 0x72, 0x65, 0x61, 0x64, 0x20,
    0x61, 0x74, 0x20, 0x62, 0x6f, 0x6f, 0x74, 0x20, 0x73, 0x74, 0x72, 0x61, 0x69, 0x67, 0x68, 0x74,
    0x20, 0x66, 0x72, 0x6f, 0x6d, 0x20, 0x74, 0x68, 0x65, 0x20, 0x69, 0x6d, 0x61, 0x67, 0x65, 0x0a,
    0x20, 0x20, 0x20, 0x20, 0x50, 0x72, 0x65, 0x66, 0x65, 0x72, 0x65, 0x6e, 0x63, 0x65, 0x73, 0x20,
    0x20, 0x20, 0x20, 0x20, 0x20, 0x20, 0x20, 0x20, 0x20, 0x74, 0x68, 0x65, 0x20, 0x70, 0x61, 0x6e,
    0x65, 0x20, 0x74, 0x68, 0x61, 0x74, 0x20, 0x63, 0x68, 0x61, 0x6e, 0x67, 0x65, 0x73, 0x20, 0x74,
    0x68, 0x65, 0x20, 0x64, 0x65, 0x73, 0x6b, 0x74, 0x6f, 0x70, 0x20, 0x6e, 0x6f, 0x77, 0x3b, 0x20,
    0x74, 0x68, 0x69, 0x73, 0x20, 0x69, 0x73, 0x0a, 0x20, 0x20, 0x20, 0x20, 0x20, 0x20, 0x20, 0x20,
    0x20, 0x20, 0x20, 0x20, 0x20, 0x20, 0x20, 0x20, 0x20, 0x20, 0x20, 0x20, 0x20, 0x20, 0x20, 0x20,
    0x20, 0x61, 0x20, 0x70, 0x72, 0x6f, 0x67, 0x72, 0x61, 0x6d, 0x20, 0x65, 0x6e, 0x74, 0x72, 0x79,
    0x20, 0x72, 0x61, 0x74, 0x68, 0x65, 0x72, 0x20, 0x74, 0x68, 0x61, 0x6e, 0x20, 0x61, 0x20, 0x64,
    0x6f, 0x63, 0x75, 0x6d, 0x65, 0x6e, 0x74, 0x2c, 0x20, 0x73, 0x6f, 0x0a, 0x20, 0x20, 0x20, 0x20,
    0x20, 0x20, 0x20, 0x20, 0x20, 0x20, 0x20, 0x20, 0x20, 0x20, 0x20, 0x20, 0x20, 0x20, 0x20, 0x20,
    0x20, 0x20, 0x20, 0x20, 0x20, 0x63, 0x68, 0x6f, 0x6f, 0x73, 0x69, 0x6e, 0x67, 0x20, 0x69, 0x74,
    0x20, 0x73, 0x74, 0x61, 0x72, 0x74, 0x73, 0x20, 0x74, 0x68, 0x65, 0x20, 0x70, 0x61, 0x6e, 0x65,
    0x20, 0x69, 0x6e, 0x73, 0x74, 0x65, 0x61, 0x64, 0x20, 0x6f, 0x66, 0x0a, 0x20, 0x20, 0x20, 0x20,
    0x20, 0x20, 0x20, 0x20, 0x20, 0x20, 0x20, 0x20, 0x20, 0x20, 0x20, 0x20, 0x20, 0x20, 0x20, 0x20,
    0x20, 0x20, 0x20, 0x20, 0x20, 0x6f, 0x70, 0x65, 0x6e, 0x69, 0x6e, 0x67, 0x20, 0x69, 0x74, 0x20,
    0x69, 0x6e, 0x20, 0x4e, 0x65, 0x6f, 0x54, 0x65, 0x78, 0x74, 0x0a, 0x20, 0x20, 0x20, 0x20, 0x62,
    0x6f, 0x6f, 0x74, 0x2e, 0x63, 0x66, 0x67, 0x20, 0x20, 0x20, 0x20, 0x20, 0x20, 0x20, 0x20, 0x20,
    0x20, 0x20, 0x20, 0x20, 0x68, 0x6f, 0x77, 0x20, 0x6c, 0x6f, 0x6e, 0x67, 0x20, 0x74, 0x68, 0x65,
    0x20, 0x62, 0x6f, 0x6f, 0x74, 0x20, 0x69, 0x73, 0x20, 0x68, 0x65, 0x6c, 0x64, 0x2c, 0x20, 0x61,
    0x6e, 0x64, 0x20, 0x77, 0x68, 0x65, 0x74, 0x68, 0x65, 0x72, 0x20, 0x74, 0x68, 0x65, 0x0a, 0x20,
    0x20, 0x20, 0x20, 0x20, 0x20, 0x20, 0x20, 0x20, 0x20, 0x20, 0x20, 0x20, 0x20, 0x20, 0x20, 0x20,
    0x20, 0x20, 0x20, 0x20, 0x20, 0x20, 0x20, 0x20, 0x68, 0x61, 0x72, 0x64, 0x77, 0x61, 0x72, 0x65,
    0x20, 0x69, 0x73, 0x20, 0x77, 0x61, 0x6c, 0x6b, 0x65, 0x64, 0x20, 0x62, 0x65, 0x66, 0x6f, 0x72,
    0x65, 0x20, 0x64, 0x72, 0x69, 0x76, 0x65, 0x72, 0x73, 0x20, 0x61, 0x72, 0x65, 0x20, 0x62, 0x6f,
    0x75, 0x6e, 0x64, 0x0a, 0x20, 0x20, 0x20, 0x20, 0x70, 0x6f, 0x69, 0x6e, 0x74, 0x65, 0x72, 0x2e,
    0x63, 0x66, 0x67, 0x20, 0x20, 0x20, 0x20, 0x20, 0x20, 0x20, 0x20, 0x20, 0x20, 0x6d, 0x6f, 0x75,
    0x73, 0x65, 0x20, 0x70, 0x6f, 0x69, 0x6e, 0x74, 0x65, 0x72, 0x3a, 0x20, 0x73, 0x68, 0x61, 0x70,
    0x65, 0x2c, 0x20, 0x73, 0x63, 0x61, 0x6c, 0x65, 0x2c, 0x20, 0x73, 0x70, 0x65, 0x65, 0x64, 0x2c,
    0x20, 0x63, 0x6f, 0x6c, 0x6f, 0x75, 0x72, 0x0a, 0x20, 0x20, 0x20, 0x20, 0x73, 0x63, 0x72, 0x65,
    0x65, 0x6e, 0x2e, 0x63, 0x66, 0x67, 0x20, 0x20, 0x20, 0x20, 0x20, 0x20, 0x20, 0x20, 0x20, 0x20,
    0x20, 0x77, 0x61, 0x6c, 0x6c, 0x70, 0x61, 0x70, 0x65, 0x72, 0x2c, 0x20, 0x67, 0x72, 0x69, 0x64,
    0x2c, 0x20, 0x67, 0x6c, 0x6f, 0x77, 0x73, 0x2c, 0x20, 0x77, 0x68, 0x69, 0x63, 0x68, 0x20, 0x6f,
    0x66, 0x20, 0x74, 0x68, 0x65, 0x20, 0x66, 0x69, 0x76, 0x65, 0x0a, 0x20, 0x20, 0x20, 0x20, 0x20,
    0x20, 0x20, 0x20, 0x20, 0x20, 0x20, 0x20, 0x20, 0x20, 0x20, 0x20, 0x20, 0x20, 0x20, 0x20, 0x20,
    0x20, 0x20, 0x20, 0x20, 0x77, 0x61, 0x73, 0x68, 0x65, 0x73, 0x20, 0x70, 0x61, 0x69, 0x6e, 0x74,
    0x73, 0x20, 0x69, 0x74, 0x2c, 0x20, 0x74, 0x61, 0x73, 0x6b, 0x62, 0x61, 0x72, 0x2c, 0x20, 0x62,
    0x61, 0x72, 0x20, 0x73, 0x74, 0x79, 0x6c, 0x65, 0x2c, 0x20, 0x68, 0x6f, 0x77, 0x20, 0x6d, 0x75,
    0x63, 0x68, 0x0a, 0x20, 0x20, 0x20, 0x20, 0x20, 0x20, 0x20, 0x20, 0x20, 0x20, 0x20, 0x20, 0x20,
    0x20, 0x20, 0x20, 0x20, 0x20, 0x20, 0x20, 0x20, 0x20, 0x20, 0x20, 0x20, 0x6f, 0x66, 0x20, 0x74,
    0x68, 0x65, 0x20, 0x62, 0x61, 0x63, 0x6b, 0x64, 0x72, 0x6f, 0x70, 0x20, 0x74, 0x68, 0x65, 0x20,
    0x62, 0x61, 0x72, 0x20, 0x73, 0x68, 0x6f, 0x77, 0x73, 0x2c, 0x20, 0x66, 0x61, 0x63, 0x65, 0x0a,
    0x20, 0x20, 0x20, 0x20, 0x73, 0x6f, 0x75, 0x6e, 0x64, 0x2e, 0x63, 0x66, 0x67, 0x20, 0x20, 0x20,
    0x20, 0x20, 0x20, 0x20, 0x20, 0x20, 0x20, 0x20, 0x20, 0x74, 0x68, 0x65, 0x20, 0x73, 0x74, 0x61,
    0x72, 0x74, 0x75, 0x70, 0x20, 0x63, 0x68, 0x69, 0x6d, 0x65, 0x20, 0x61, 0x6e, 0x64, 0x20, 0x69,
    0x74, 0x73, 0x20, 0x6c, 0x65, 0x76, 0x65, 0x6c, 0x0a, 0x20, 0x20, 0x43, 0x6f, 0x72, 0x65, 0x2f,
    0x20, 0x20, 0x20, 0x20, 0x20, 0x20, 0x20, 0x20, 0x20, 0x20, 0x20, 0x20, 0x20, 0x20, 0x20, 0x20,
    0x20, 0x20, 0x74, 0x68, 0x65, 0x20, 0x6f, 0x70, 0x65, 0x72, 0x61, 0x74, 0x69, 0x6e, 0x67, 0x20,
    0x73, 0x79, 0x73, 0x74, 0x65, 0x6d, 0x20, 0x69, 0x74, 0x73, 0x65, 0x6c, 0x66, 0x0a, 0x20, 0x20,
    0x20, 0x20, 0x42, 0x65, 0x6e, 0x63, 0x68, 0x2f, 0x20, 0x20, 0x20, 0x20, 0x20, 0x20, 0x20, 0x20,
    0x20, 0x20, 0x20, 0x20, 0x20, 0x20, 0x20, 0x74, 0x68, 0x65, 0x20, 0x62, 0x65, 0x6e, 0x63, 0x68,
    0x6d, 0x61, 0x72, 0x6b, 0x20, 0x68, 0x61, 0x72, 0x6e, 0x65, 0x73, 0x73, 0x0a, 0x20, 0x20, 0x20,
    0x20, 0x44, 0x6f, 0x63, 0x73, 0x2f, 0x20, 0x20, 0x20, 0x20, 0x20, 0x20, 0x20, 0x20, 0x20, 0x20,
    0x20, 0x20, 0x20, 0x20, 0x20, 0x20, 0x74, 0x68, 0x69, 0x73, 0x20, 0x64, 0x69, 0x72, 0x65, 0x63,
    0x74, 0x6f, 0x72, 0x79, 0x0a, 0x20, 0x20, 0x20, 0x20, 0x4d, 0x65, 0x64, 0x69, 0x61, 0x2f, 0x20,
    0x20, 0x20, 0x20, 0x20, 0x20, 0x20, 0x20, 0x20, 0x20, 0x20, 0x20, 0x20, 0x20, 0x20, 0x74, 0x68,
    0x65, 0x20, 0x73, 0x74, 0x61, 0x72, 0x74, 0x75, 0x70, 0x20, 0x73, 0x6f, 0x75, 0x6e, 0x64, 0x20,
    0x61, 0x6e, 0x64, 0x20, 0x74, 0x68, 0x65, 0x20, 0x64, 0x65, 0x73, 0x6b, 0x74, 0x6f, 0x70, 0x27,
    0x73, 0x20, 0x61, 0x72, 0x74, 0x77, 0x6f, 0x72, 0x6b, 0x0a, 0x20, 0x20, 0x48, 0x6f, 0x6d, 0x65,
    0x2f, 0x20, 0x20, 0x20, 0x20, 0x20, 0x20, 0x20, 0x20, 0x20, 0x20, 0x20, 0x20, 0x20, 0x20, 0x20,
    0x20, 0x20, 0x20, 0x79, 0x6f, 0x75, 0x72, 0x20, 0x6f, 0x77, 0x6e, 0x20, 0x63, 0x6f, 0x6e, 0x74,
    0x65, 0x6e, 0x74, 0x0a, 0x20, 0x20, 0x20, 0x20, 0x44, 0x65, 0x73, 0x6b, 0x74, 0x6f, 0x70, 0x2f,
    0x20, 0x20, 0x20, 0x20, 0x20, 0x20, 0x20, 0x20, 0x20, 0x20, 0x20, 0x20, 0x20, 0x77, 0x68, 0x61,
    0x74, 0x20, 0x74, 0x68, 0x65, 0x20, 0x64, 0x65, 0x73, 0x6b, 0x74, 0x6f, 0x70, 0x20, 0x77, 0x6f,
    0x75, 0x6c, 0x64, 0x20, 0x68, 0x6f, 0x6c, 0x64, 0x0a, 0x20, 0x20, 0x20, 0x20, 0x44, 0x6f, 0x63,
    0x75, 0x6d, 0x65, 0x6e, 0x74, 0x73, 0x2f, 0x20, 0x20, 0x20, 0x20, 0x20, 0x20, 0x20, 0x20, 0x20,
    0x20, 0x20, 0x77, 0x72, 0x69, 0x74, 0x69, 0x6e, 0x67, 0x0a, 0x20, 0x20, 0x20, 0x20, 0x4d, 0x75,
    0x73, 0x69, 0x63, 0x2f, 0x20, 0x20, 0x20, 0x20, 0x20, 0x20, 0x20, 0x20, 0x20, 0x20, 0x20, 0x20,
    0x20, 0x20, 0x20, 0x61, 0x75, 0x64, 0x69, 0x6f, 0x0a, 0x20, 0x20, 0x20, 0x20, 0x50, 0x69, 0x63,
    0x74, 0x75, 0x72, 0x65, 0x73, 0x2f, 0x20, 0x20, 0x20, 0x20, 0x20, 0x20, 0x20, 0x20, 0x20, 0x20,
    0x20, 0x20, 0x73, 0x74, 0x69, 0x6c, 0x6c, 0x20, 0x69, 0x6d, 0x61, 0x67, 0x65, 0x73, 0x0a, 0x20,
    0x20, 0x20, 0x20, 0x56, 0x69, 0x64, 0x65, 0x6f, 0x73, 0x2f, 0x20, 0x20, 0x20, 0x20, 0x20, 0x20,
    0x20, 0x20, 0x20, 0x20, 0x20, 0x20, 0x20, 0x20, 0x6d, 0x6f, 0x76, 0x69, 0x6e, 0x67, 0x20, 0x70,
    0x69, 0x63, 0x74, 0x75, 0x72, 0x65, 0x73, 0x0a, 0x20, 0x20, 0x54, 0x65, 0x6d, 0x70, 0x2f, 0x20,
    0x20, 0x20, 0x20, 0x20, 0x20, 0x20, 0x20, 0x20, 0x20, 0x20, 0x20, 0x20, 0x20, 0x20, 0x20, 0x20,
    0x20, 0x77, 0x68, 0x65, 0x72, 0x65, 0x20, 0x64, 0x6f, 0x77, 0x6e, 0x6c, 0x6f, 0x61, 0x64, 0x73,
    0x20, 0x6c, 0x61, 0x6e, 0x64, 0x3b, 0x20, 0x74, 0x68, 0x65, 0x72, 0x65, 0x20, 0x69, 0x73, 0x20,
    0x6e, 0x6f, 0x20, 0x52, 0x41, 0x4d, 0x20, 0x64, 0x69, 0x73, 0x6b, 0x0a, 0x20, 0x20, 0x54, 0x6f,
    0x6f, 0x6c, 0x73, 0x2f, 0x20, 0x20, 0x20, 0x20, 0x20, 0x20, 0x20, 0x20, 0x20, 0x20, 0x20, 0x20,
    0x20, 0x20, 0x20, 0x20, 0x20, 0x74, 0x68, 0x65, 0x20, 0x70, 0x72, 0x6f, 0x67, 0x72, 0x61, 0x6d,
    0x73, 0x20, 0x74, 0x68, 0x61, 0x74, 0x20, 0x61, 0x72, 0x65, 0x20, 0x66, 0x69, 0x6c, 0x65, 0x64,
    0x20, 0x72, 0x61, 0x74, 0x68, 0x65, 0x72, 0x20, 0x74, 0x68, 0x61, 0x6e, 0x0a, 0x20, 0x20, 0x20,
    0x20, 0x20, 0x20, 0x20, 0x20, 0x20, 0x20, 0x20, 0x20, 0x20, 0x20, 0x20, 0x20, 0x20, 0x20, 0x20,
    0x20, 0x20, 0x20, 0x20, 0x20, 0x20, 0x73, 0x74, 0x61, 0x72, 0x74, 0x65, 0x64, 0x20, 0x66, 0x72,
    0x6f, 0x6d, 0x20, 0x61, 0x20, 0x64, 0x6f, 0x63, 0x75, 0x6d, 0x65, 0x6e, 0x74, 0x0a, 0x20, 0x20,
    0x20, 0x20, 0x43, 0x6c, 0x6f, 0x63, 0x6b, 0x20, 0x20, 0x20, 0x20, 0x20, 0x20, 0x20, 0x20, 0x20,
    0x20, 0x20, 0x20, 0x20, 0x20, 0x20, 0x20, 0x74, 0x68, 0x65, 0x20, 0x64, 0x69, 0x61, 0x6c, 0x3a,
    0x20, 0x74, 0x68, 0x65, 0x20, 0x74, 0x69, 0x6d, 0x65, 0x2c, 0x20, 0x61, 0x6e, 0x64, 0x20, 0x74,
    0x68, 0x65, 0x20, 0x6d, 0x61, 0x63, 0x68, 0x69, 0x6e, 0x65, 0x27, 0x73, 0x20, 0x6f, 0x77, 0x6e,
    0x0a, 0x20, 0x20, 0x20, 0x20, 0x20, 0x20, 0x20, 0x20, 0x20, 0x20, 0x20, 0x20, 0x20, 0x20, 0x20,
    0x20, 0x20, 0x20, 0x20, 0x20, 0x20, 0x20, 0x20, 0x20, 0x20, 0x69, 0x64, 0x65, 0x61, 0x20, 0x6f,
    0x66, 0x20, 0x69, 0x74, 0x0a, 0x20, 0x20, 0x20, 0x20, 0x4d, 0x6f, 0x6e, 0x69, 0x74, 0x6f, 0x72,
    0x20, 0x20, 0x20, 0x20, 0x20, 0x20, 0x20, 0x20, 0x20, 0x20, 0x20, 0x20, 0x20, 0x20, 0x74, 0x68,
    0x65, 0x20, 0x74, 0x77, 0x6f, 0x2d, 0x62, 0x61, 0x72, 0x20, 0x73, 0x79, 0x73, 0x74, 0x65, 0x6d,
    0x20, 0x6d, 0x6f, 0x6e, 0x69, 0x74, 0x6f, 0x72, 0x3a, 0x20, 0x77, 0x68, 0x61, 0x74, 0x20, 0x74,
    0x68, 0x65, 0x20, 0x6d, 0x61, 0x63, 0x68, 0x69, 0x6e, 0x65, 0x0a, 0x20, 0x20, 0x20, 0x20, 0x20,
    0x20, 0x20, 0x20, 0x20, 0x20, 0x20, 0x20, 0x20, 0x20, 0x20, 0x20, 0x20, 0x20, 0x20, 0x20, 0x20,
    0x20, 0x20, 0x20, 0x20, 0x69, 0x73, 0x20, 0x64, 0x6f, 0x69, 0x6e, 0x67, 0x20, 0x77, 0x69, 0x74,
    0x68, 0x20, 0x69, 0x74, 0x73, 0x65, 0x6c, 0x66, 0x20, 0x77, 0x68, 0x69, 0x6c, 0x65, 0x20, 0x79,
    0x6f, 0x75, 0x20, 0x77, 0x61, 0x74, 0x63, 0x68, 0x20, 0x69, 0x74, 0x0a, 0x20, 0x20, 0x20, 0x20,
    0x4e, 0x65, 0x6f, 0x54, 0x65, 0x78, 0x74, 0x20, 0x20, 0x20, 0x20, 0x20, 0x20, 0x20, 0x20, 0x20,
    0x20, 0x20, 0x20, 0x20, 0x20, 0x74, 0x68, 0x65, 0x20, 0x72, 0x65, 0x61, 0x64, 0x65, 0x72, 0x2c,
    0x20, 0x61, 0x73, 0x20, 0x61, 0x6e, 0x20, 0x65, 0x6e, 0x74, 0x72, 0x79, 0x20, 0x74, 0x68, 0x61,
    0x74, 0x20, 0x72, 0x65, 0x61, 0x64, 0x73, 0x0a, 0x20, 0x20, 0x20, 0x20, 0x20, 0x20, 0x20, 0x20,
    0x20, 0x20, 0x20, 0x20, 0x20, 0x20, 0x20, 0x20, 0x20, 0x20, 0x20, 0x20, 0x20, 0x20, 0x20, 0x20,
    0x20, 0x22, 0x70, 0x72, 0x6f, 0x67, 0x72, 0x61, 0x6d, 0x20, 0x3d, 0x20, 0x6e, 0x65, 0x6f, 0x74,
    0x65, 0x78, 0x74, 0x22, 0x0a, 0x20, 0x20, 0x20, 0x20, 0x74, 0x6f, 0x6f, 0x6c, 0x73, 0x2e, 0x74,
    0x78, 0x74, 0x20, 0x20, 0x20, 0x20, 0x20, 0x20, 0x20, 0x20, 0x20, 0x20, 0x20, 0x20, 0x77, 0x68,
    0x61, 0x74, 0x20, 0x69, 0x73, 0x20, 0x66, 0x69, 0x6c, 0x65, 0x64, 0x20, 0x69, 0x6e, 0x20, 0x74,
    0x68, 0x69, 0x73, 0x20, 0x64, 0x72, 0x61, 0x77, 0x65, 0x72, 0x2c, 0x20, 0x61, 0x6e, 0x64, 0x20,
    0x77, 0x68, 0x61, 0x74, 0x20, 0x69, 0x73, 0x0a, 0x20, 0x20, 0x20, 0x20, 0x20, 0x20, 0x20, 0x20,
    0x20, 0x20, 0x20, 0x20, 0x20, 0x20, 0x20, 0x20, 0x20, 0x20, 0x20, 0x20, 0x20, 0x20, 0x20, 0x20,
    0x20, 0x63, 0x6f, 0x6d, 0x69, 0x6e, 0x67, 0x0a, 0x0a, 0x41, 0x6c, 0x6c, 0x20, 0x66, 0x6f, 0x75,
    0x72, 0x20, 0x63, 0x6f, 0x6e, 0x66, 0x69, 0x67, 0x75, 0x72, 0x61, 0x74, 0x69, 0x6f, 0x6e, 0x20,
    0x66, 0x69, 0x6c, 0x65, 0x73, 0x20, 0x61, 0x72, 0x65, 0x20, 0x72, 0x65, 0x61, 0x64, 0x20, 0x61,
    0x74, 0x20, 0x62, 0x6f, 0x6f, 0x74, 0x2c, 0x20, 0x73, 0x74, 0x72, 0x61, 0x69, 0x67, 0x68, 0x74,
    0x20, 0x6f, 0x75, 0x74, 0x20, 0x6f, 0x66, 0x20, 0x74, 0x68, 0x65, 0x20, 0x52, 0x4f, 0x4d, 0x0a,
    0x69, 0x6d, 0x61, 0x67, 0x65, 0x2e, 0x20, 0x20, 0x54, 0x68, 0x65, 0x72, 0x65, 0x20, 0x69, 0x73,
    0x20, 0x6e, 0x6f, 0x20, 0x63, 0x6f, 0x6e, 0x66, 0x69, 0x67, 0x75, 0x72, 0x61, 0x74, 0x69, 0x6f,
    0x6e, 0x20, 0x73, 0x74, 0x65, 0x70, 0x3a, 0x20, 0x65, 0x64, 0x69, 0x74, 0x20, 0x74, 0x68, 0x65,
    0x20, 0x66, 0x69, 0x6c, 0x65, 0x2c, 0x20, 0x72, 0x65, 0x62, 0x75, 0x69, 0x6c, 0x64, 0x20, 0x74,
    0x68, 0x65, 0x0a, 0x52, 0x4f, 0x4d, 0x2c, 0x20, 0x72, 0x65, 0x62, 0x6f, 0x6f, 0x74, 0x2e, 0x0a,
    0x0a, 0x50, 0x72, 0x65, 0x66, 0x65, 0x72, 0x65, 0x6e, 0x63, 0x65, 0x73, 0x20, 0x69, 0x73, 0x20,
    0x74, 0x68, 0x65, 0x20, 0x66, 0x69, 0x66, 0x74, 0x68, 0x20, 0x65, 0x6e, 0x74, 0x72, 0x79, 0x20,
    0x69, 0x6e, 0x20, 0x43, 0x6f, 0x6e, 0x66, 0x69, 0x67, 0x2f, 0x3a, 0x20, 0x61, 0x20, 0x70, 0x72,
    0x6f, 0x67, 0x72, 0x61, 0x6d, 0x20, 0x66, 0x69, 0x6c, 0x65, 0x64, 0x20, 0x62, 0x65, 0x73, 0x69,
    0x64, 0x65, 0x20, 0x74, 0x68, 0x65, 0x0a, 0x66, 0x69, 0x6c, 0x65, 0x73, 0x20, 0x69, 0x74, 0x20,
    0x63, 0x68, 0x61, 0x6e, 0x67, 0x65, 0x73, 0x2c, 0x20, 0x73, 0x6f, 0x20, 0x74, 0x68, 0x65, 0x20,
    0x70, 0x61, 0x6e, 0x65, 0x20, 0x74, 0x68, 0x61, 0x74, 0x20, 0x70, 0x69, 0x63, 0x6b, 0x73, 0x20,
    0x61, 0x20, 0x62, 0x61, 0x63, 0x6b, 0x64, 0x72, 0x6f, 0x70, 0x20, 0x66, 0x6f, 0x72, 0x20, 0x74,
    0x68, 0x69, 0x73, 0x20, 0x73, 0x65, 0x73, 0x73, 0x69, 0x6f, 0x6e, 0x20, 0x69, 0x73, 0x0a, 0x73,
    0x74, 0x61, 0x6e, 0x64, 0x69, 0x6e, 0x67, 0x20, 0x6e, 0x65, 0x78, 0x74, 0x20, 0x74, 0x6f, 0x20,
    0x74, 0x68, 0x65, 0x20, 0x66, 0x69, 0x6c, 0x65, 0x20, 0x74, 0x68, 0x61, 0x74, 0x20, 0x70, 0x69,
    0x63, 0x6b, 0x73, 0x20, 0x6f, 0x6e, 0x65, 0x20, 0x66, 0x6f, 0x72, 0x20, 0x74, 0x68, 0x65, 0x20,
    0x62, 0x6f, 0x6f, 0x74, 0x2e, 0x20, 0x20, 0x49, 0x74, 0x20, 0x69, 0x73, 0x20, 0x61, 0x20, 0x70,
    0x72, 0x6f, 0x67, 0x72, 0x61, 0x6d, 0x0a, 0x65, 0x6e, 0x74, 0x72, 0x79, 0x20, 0x72, 0x61, 0x74,
    0x68, 0x65, 0x72, 0x20, 0x74, 0x68, 0x61, 0x6e, 0x20, 0x61, 0x20, 0x64, 0x6f, 0x63, 0x75, 0x6d,
    0x65, 0x6e, 0x74, 0x20, 0x2d, 0x2d, 0x20, 0x69, 0x74, 0x73, 0x20, 0x66, 0x69, 0x72, 0x73, 0x74,
    0x20, 0x6c, 0x69, 0x6e, 0x65, 0x20, 0x72, 0x65, 0x61, 0x64, 0x73, 0x20, 0x22, 0x70, 0x72, 0x6f,
    0x67, 0x72, 0x61, 0x6d, 0x20, 0x3d, 0x0a, 0x70, 0x72, 0x65, 0x66, 0x65, 0x72, 0x65, 0x6e, 0x63,
    0x65, 0x73, 0x22, 0x20, 0x2d, 0x2d, 0x20, 0x61, 0x6e, 0x64, 0x20, 0x61, 0x6e, 0x79, 0x20, 0x64,
    0x69, 0x72, 0x65, 0x63, 0x74, 0x6f, 0x72, 0x79, 0x20, 0x63, 0x61, 0x6e, 0x20, 0x63, 0x61, 0x72,
    0x72, 0x79, 0x20, 0x6f, 0x6e, 0x65, 0x3b, 0x20, 0x61, 0x20, 0x66, 0x69, 0x6c, 0x65, 0x20, 0x74,
    0x68, 0x61, 0x74, 0x20, 0x73, 0x61, 0x79, 0x73, 0x0a, 0x6e, 0x6f, 0x74, 0x68, 0x69, 0x6e, 0x67,
    0x20, 0x6f, 0x66, 0x20, 0x74, 0x68, 0x65, 0x20, 0x6b, 0x69, 0x6e, 0x64, 0x20, 0x6f, 0x70, 0x65,
    0x6e, 0x73, 0x20, 0x69, 0x6e, 0x20, 0x4e, 0x65, 0x6f, 0x54, 0x65, 0x78, 0x74, 0x20, 0x61, 0x73,
    0x20, 0x69, 0x74, 0x20, 0x61, 0x6c, 0x77, 0x61, 0x79, 0x73, 0x20, 0x68, 0x61, 0x73, 0x2e, 0x0a,
    0x0a, 0x54, 0x68, 0x65, 0x20, 0x62, 0x6f, 0x6f, 0x74, 0x0a, 0x2d, 0x2d, 0x2d, 0x2d, 0x2d, 0x2d,
    0x2d, 0x2d, 0x0a, 0x0a, 0x20, 0x20, 0x31, 0x2e, 0x20, 0x74, 0x68, 0x65, 0x20, 0x67, 0x65, 0x6e,
    0x75, 0x69, 0x6e, 0x65, 0x20, 0x41, 0x6d, 0x69, 0x67, 0x61, 0x4f, 0x53, 0x20, 0x33, 0x2e, 0x32,
    0x2e, 0x33, 0x20, 0x52, 0x4f, 0x4d, 0x20, 0x72, 0x75, 0x6e, 0x73, 0x20, 0x66, 0x69, 0x72, 0x73,
    0x74, 0x20, 0x61, 0x6e, 0x64, 0x20, 0x68, 0x61, 0x6e, 0x64, 0x73, 0x20, 0x6f, 0x76, 0x65, 0x72,
    0x0a, 0x20, 0x20, 0x32, 0x2e, 0x20, 0x43, 0x6f, 0x6e, 0x66, 0x69, 0x67, 0x2f, 0x20, 0x69, 0x73,
    0x20, 0x72, 0x65, 0x61, 0x64, 0x2c, 0x20, 0x62, 0x65, 0x66, 0x6f, 0x72, 0x65, 0x20, 0x61, 0x6e,
    0x79, 0x74, 0x68, 0x69, 0x6e, 0x67, 0x20, 0x69, 0x73, 0x20, 0x64, 0x72, 0x61, 0x77, 0x6e, 0x0a,
    0x20, 0x20, 0x33, 0x2e, 0x20, 0x74, 0x68, 0x65, 0x20, 0x68, 0x61, 0x72, 0x64, 0x77, 0x61, 0x72,
    0x65, 0x20, 0x69, 0x73, 0x20, 0x77, 0x61, 0x6c, 0x6b, 0x65, 0x64, 0x20, 0x61, 0x6e, 0x64, 0x20,
    0x61, 0x20, 0x64, 0x72, 0x69, 0x76, 0x65, 0x72, 0x20, 0x69, 0x73, 0x20, 0x73, 0x74, 0x61, 0x72,
    0x74, 0x65, 0x64, 0x20, 0x66, 0x6f, 0x72, 0x20, 0x65, 0x76, 0x65, 0x72, 0x79, 0x20, 0x64, 0x65,
    0x76, 0x69, 0x63, 0x65, 0x0a, 0x20, 0x20, 0x20, 0x20, 0x20, 0x74, 0x68, 0x61, 0x74, 0x20, 0x61,
    0x6e, 0x73, 0x77, 0x65, 0x72, 0x73, 0x20, 0x2d, 0x2d, 0x20, 0x66, 0x69, 0x78, 0x65, 0x64, 0x20,
    0x64, 0x69, 0x73, 0x6b, 0x73, 0x2c, 0x20, 0x43, 0x44, 0x2d, 0x52, 0x4f, 0x4d, 0x20, 0x64, 0x72,
    0x69, 0x76, 0x65, 0x73, 0x20, 0x61, 0x6e, 0x64, 0x20, 0x72, 0x65, 0x6d, 0x6f, 0x76, 0x61, 0x62,
    0x6c, 0x65, 0x20, 0x63, 0x61, 0x72, 0x64, 0x73, 0x0a, 0x20, 0x20, 0x20, 0x20, 0x20, 0x6f, 0x76,
    0x65, 0x72, 0x20, 0x47, 0x61, 0x79, 0x6c, 0x65, 0x20, 0x49, 0x44, 0x45, 0x3b, 0x20, 0x61, 0x20,
    0x63, 0x61, 0x72, 0x64, 0x20, 0x74, 0x68, 0x61, 0x74, 0x20, 0x69, 0x64, 0x65, 0x6e, 0x74, 0x69,
    0x66, 0x69, 0x65, 0x73, 0x20, 0x69, 0x74, 0x73, 0x65, 0x6c, 0x66, 0x20, 0x61, 0x73, 0x20, 0x72,
    0x65, 0x6d, 0x6f, 0x76, 0x61, 0x62, 0x6c, 0x65, 0x20, 0x69, 0x73, 0x20, 0x61, 0x0a, 0x20, 0x20,
    0x20, 0x20, 0x20, 0x63, 0x61, 0x72, 0x64, 0x20, 0x72, 0x65, 0x61, 0x64, 0x65, 0x72, 0x20, 0x72,
    0x61, 0x74, 0x68, 0x65, 0x72, 0x20, 0x74, 0x68, 0x61, 0x6e, 0x20, 0x61, 0x20, 0x68, 0x61, 0x72,
    0x64, 0x20, 0x64, 0x69, 0x73, 0x6b, 0x0a, 0x20, 0x20, 0x34, 0x2e, 0x20, 0x74, 0x68, 0x65, 0x20,
    0x73, 0x74, 0x61, 0x72, 0x74, 0x75, 0x70, 0x20, 0x63, 0x68, 0x69, 0x6d, 0x65, 0x20, 0x73, 0x6f,
    0x75, 0x6e, 0x64, 0x73, 0x2c, 0x20, 0x6f, 0x6e, 0x63, 0x65, 0x3a, 0x20, 0x74, 0x68, 0x65, 0x20,
    0x70, 0x61, 0x73, 0x73, 0x20, 0x69, 0x73, 0x20, 0x74, 0x69, 0x6d, 0x65, 0x64, 0x20, 0x61, 0x67,
    0x61, 0x69, 0x6e, 0x73, 0x74, 0x20, 0x74, 0x68, 0x65, 0x0a, 0x20, 0x20, 0x20, 0x20, 0x20, 0x73,
    0x61, 0x6d, 0x70, 0x6c, 0x65, 0x20, 0x72, 0x61, 0x74, 0x68, 0x65, 0x72, 0x20, 0x74, 0x68, 0x61,
    0x6e, 0x20, 0x6c, 0x65, 0x66, 0x74, 0x20, 0x74, 0x6f, 0x20, 0x50, 0x61, 0x75, 0x6c, 0x61, 0x2c,
    0x20, 0x77, 0x68, 0x69, 0x63, 0x68, 0x20, 0x77, 0x6f, 0x75, 0x6c, 0x64, 0x20, 0x70, 0x6c, 0x61,
    0x79, 0x20, 0x69, 0x74, 0x20, 0x61, 0x67, 0x61, 0x69, 0x6e, 0x0a, 0x20, 0x20, 0x35, 0x2e, 0x20,
    0x74, 0x68, 0x65, 0x20, 0x6c, 0x6f, 0x67, 0x20, 0x69, 0x73, 0x20, 0x68, 0x65, 0x6c, 0x64, 0x20,
    0x6f, 0x6e, 0x20, 0x73, 0x63, 0x72, 0x65, 0x65, 0x6e, 0x20, 0x66, 0x6f, 0x72, 0x20, 0x74, 0x68,
    0x72, 0x65, 0x65, 0x20, 0x73, 0x65, 0x63, 0x6f, 0x6e, 0x64, 0x73, 0x0a, 0x20, 0x20, 0x36, 0x2e,
    0x20, 0x74, 0x68, 0x65, 0x20, 0x64, 0x65, 0x73, 0x6b, 0x74, 0x6f, 0x70, 0x20, 0x74, 0x61, 0x6b,
    0x65, 0x73, 0x20, 0x74, 0x68, 0x65, 0x20, 0x73, 0x63, 0x72, 0x65, 0x65, 0x6e, 0x0a, 0x0a, 0x53,
    0x74, 0x65, 0x70, 0x73, 0x20, 0x33, 0x20, 0x61, 0x6e, 0x64, 0x20, 0x35, 0x20, 0x61, 0x72, 0x65,
    0x20, 0x70, 0x72, 0x65, 0x66, 0x65, 0x72, 0x65, 0x6e, 0x63, 0x65, 0x73, 0x20, 0x2d, 0x2d, 0x20,
    0x22, 0x73, 0x63, 0x61, 0x6e, 0x22, 0x20, 0x61, 0x6e, 0x64, 0x20, 0x22, 0x68, 0x6f, 0x6c, 0x64,
    0x22, 0x20, 0x69, 0x6e, 0x20, 0x62, 0x6f, 0x6f, 0x74, 0x2e, 0x63, 0x66, 0x67, 0x2e, 0x0a, 0x0a,
    0x54, 0x68, 0x65, 0x20, 0x64, 0x65, 0x73, 0x6b, 0x74, 0x6f, 0x70, 0x0a, 0x2d, 0x2d, 0x2d, 0x2d,
    0x2d, 0x2d, 0x2d, 0x2d, 0x2d, 0x2d, 0x2d, 0x0a, 0x0a, 0x54, 0x68, 0x65, 0x20, 0x62, 0x61, 0x72,
    0x20, 0x61, 0x6c, 0x6f, 0x6e, 0x67, 0x20, 0x74, 0x68, 0x65, 0x20, 0x62, 0x6f, 0x74, 0x74, 0x6f,
    0x6d, 0x20, 0x69, 0x73, 0x20, 0x63, 0x75, 0x74, 0x20, 0x74, 0x68, 0x65, 0x20, 0x77, 0x61, 0x79,
    0x20, 0x41, 0x65, 0x72, 0x6f, 0x20, 0x63, 0x75, 0x74, 0x73, 0x20, 0x74, 0x68, 0x65, 0x20, 0x57,
    0x69, 0x6e, 0x64, 0x6f, 0x77, 0x73, 0x20, 0x37, 0x0a, 0x74, 0x61, 0x73, 0x6b, 0x62, 0x61, 0x72,
    0x3a, 0x20, 0x61, 0x20, 0x70, 0x61, 0x6e, 0x65, 0x20, 0x6f, 0x66, 0x20, 0x74, 0x69, 0x6e, 0x74,
    0x65, 0x64, 0x20, 0x67, 0x6c, 0x61, 0x73, 0x73, 0x20, 0x6c, 0x61, 0x69, 0x64, 0x20, 0x6f, 0x76,
    0x65, 0x72, 0x20, 0x74, 0x68, 0x65, 0x20, 0x62, 0x61, 0x63, 0x6b, 0x64, 0x72, 0x6f, 0x70, 0x20,
    0x77, 0x69, 0x74, 0x68, 0x20, 0x61, 0x20, 0x6c, 0x69, 0x74, 0x20, 0x65, 0x64, 0x67, 0x65, 0x0a,
    0x61, 0x6c, 0x6f, 0x6e, 0x67, 0x20, 0x74, 0x68, 0x65, 0x20, 0x74, 0x6f, 0x70, 0x20, 0x6f, 0x66,
    0x20, 0x69, 0x74, 0x2c, 0x20, 0x63, 0x61, 0x72, 0x72, 0x79, 0x69, 0x6e, 0x67, 0x20, 0x74, 0x68,
    0x65, 0x20, 0x73, 0x74, 0x61, 0x72, 0x74, 0x20, 0x6f, 0x72, 0x62, 0x2c, 0x20, 0x74, 0x68, 0x65,
    0x20, 0x70, 0x69, 0x6e, 0x6e, 0x65, 0x64, 0x20, 0x6c, 0x61, 0x75, 0x6e, 0x63, 0x68, 0x65, 0x72,
    0x73, 0x2c, 0x20, 0x6f, 0x6e, 0x65, 0x0a, 0x62, 0x75, 0x74, 0x74, 0x6f, 0x6e, 0x20, 0x70, 0x65,
    0x72, 0x20, 0x70, 0x72, 0x6f, 0x67, 0x72, 0x61, 0x6d, 0x20, 0x74, 0x68, 0x61, 0x74, 0x20, 0x69,
    0x73, 0x20, 0x72, 0x75, 0x6e, 0x6e, 0x69, 0x6e, 0x67, 0x20, 0x28, 0x74, 0x68, 0x65, 0x20, 0x6c,
    0x69, 0x74, 0x20, 0x6f, 0x6e, 0x65, 0x20, 0x69, 0x73, 0x20, 0x74, 0x68, 0x65, 0x20, 0x77, 0x69,
    0x6e, 0x64, 0x6f, 0x77, 0x20, 0x79, 0x6f, 0x75, 0x20, 0x61, 0x72, 0x65, 0x0a, 0x69, 0x6e, 0x29,
    0x2c, 0x20, 0x74, 0x68, 0x65, 0x20, 0x74, 0x72, 0x61, 0x79, 0x2c, 0x20, 0x74, 0x68, 0x65, 0x20,
    0x63, 0x6c, 0x6f, 0x63, 0x6b, 0x20, 0x73, 0x65, 0x74, 0x20, 0x69, 0x6e, 0x20, 0x74, 0x77, 0x6f,
    0x20, 0x6c, 0x69, 0x6e, 0x65, 0x73, 0x2c, 0x20, 0x61, 0x6e, 0x64, 0x20, 0x61, 0x20, 0x73, 0x6c,
    0x69, 0x76, 0x65, 0x72, 0x20, 0x6f, 0x6e, 0x20, 0x74, 0x68, 0x65, 0x20, 0x76, 0x65, 0x72, 0x79,
    0x0a, 0x65, 0x64, 0x67, 0x65, 0x20, 0x74, 0x68, 0x61, 0x74, 0x20, 0x74, 0x61, 0x6b, 0x65, 0x73,
    0x20, 0x74, 0x68, 0x65, 0x20, 0x64, 0x65, 0x73, 0x6b, 0x74, 0x6f, 0x70, 0x20, 0x61, 0x77, 0x61,
    0x79, 0x2e, 0x20, 0x20, 0x22, 0x62, 0x61, 0x72, 0x22, 0x20, 0x69, 0x6e, 0x20, 0x73, 0x63, 0x72,
    0x65, 0x65, 0x6e, 0x2e, 0x63, 0x66, 0x67, 0x20, 0x63, 0x75, 0x74, 0x73, 0x20, 0x74, 0x68, 0x65,
    0x20, 0x73, 0x61, 0x6d, 0x65, 0x0a, 0x66, 0x75, 0x72, 0x6e, 0x69, 0x74, 0x75, 0x72, 0x65, 0x20,
    0x74, 0x68, 0x65, 0x20, 0x66, 0x6c, 0x61, 0x74, 0x20, 0x57, 0x6f, 0x72, 0x6b, 0x62, 0x65, 0x6e,
    0x63, 0x68, 0x20, 0x77, 0x61, 0x79, 0x20, 0x69, 0x74, 0x20, 0x77, 0x61, 0x73, 0x20, 0x64, 0x72,
    0x61, 0x77, 0x6e, 0x20, 0x77, 0x69, 0x74, 0x68, 0x20, 0x66, 0x69, 0x72, 0x73, 0x74, 0x2c, 0x20,
    0x61, 0x6e, 0x64, 0x20, 0x22, 0x67, 0x6c, 0x61, 0x73, 0x73, 0x22, 0x0a, 0x73, 0x61, 0x79, 0x73,
    0x20, 0x68, 0x6f, 0x77, 0x20, 0x6d, 0x75, 0x63, 0x68, 0x20, 0x6f, 0x66, 0x20, 0x74, 0x68, 0x65,
    0x20, 0x62, 0x61, 0x63, 0x6b, 0x64, 0x72, 0x6f, 0x70, 0x20, 0x74, 0x68, 0x65, 0x20, 0x70, 0x61,
    0x6e, 0x65, 0x20, 0x73, 0x68, 0x6f, 0x77, 0x73, 0x20, 0x74, 0x68, 0x72, 0x6f, 0x75, 0x67, 0x68,
    0x2e, 0x0a, 0x0a, 0x54, 0x68, 0x65, 0x72, 0x65, 0x20, 0x61, 0x72, 0x65, 0x20, 0x6e, 0x6f, 0x20,
    0x69, 0x63, 0x6f, 0x6e, 0x73, 0x20, 0x6f, 0x6e, 0x20, 0x74, 0x68, 0x65, 0x20, 0x77, 0x61, 0x6c,
    0x6c, 0x70, 0x61, 0x70, 0x65, 0x72, 0x20, 0x61, 0x74, 0x20, 0x61, 0x6c, 0x6c, 0x2e, 0x20, 0x20,
    0x54, 0x68, 0x65, 0x20, 0x66, 0x69, 0x76, 0x65, 0x20, 0x70, 0x6c, 0x61, 0x63, 0x65, 0x73, 0x20,
    0x74, 0x68, 0x65, 0x0a, 0x64, 0x65, 0x73, 0x6b, 0x74, 0x6f, 0x70, 0x20, 0x75, 0x73, 0x65, 0x64,
    0x20, 0x74, 0x6f, 0x20, 0x63, 0x61, 0x72, 0x72, 0x79, 0x20, 0x64, 0x6f, 0x77, 0x6e, 0x20, 0x69,
    0x74, 0x73, 0x20, 0x6c, 0x65, 0x66, 0x74, 0x20, 0x65, 0x64, 0x67, 0x65, 0x20, 0x2d, 0x2d, 0x20,
    0x48, 0x6f, 0x6d, 0x65, 0x2c, 0x20, 0x43, 0x6f, 0x72, 0x65, 0x2c, 0x20, 0x42, 0x65, 0x6e, 0x63,
    0x68, 0x2c, 0x20, 0x44, 0x6f, 0x63, 0x73, 0x0a, 0x61, 0x6e, 0x64, 0x20, 0x4d, 0x65, 0x64, 0x69,
    0x61, 0x20, 0x2d, 0x2d, 0x20, 0x61, 0x72, 0x65, 0x20, 0x65, 0x6e, 0x74, 0x72, 0x69, 0x65, 0x73,
    0x20, 0x61, 0x74, 0x20, 0x74, 0x68, 0x65, 0x20, 0x74, 0x6f, 0x70, 0x20, 0x6f, 0x66, 0x20, 0x74,
    0x68, 0x65, 0x20, 0x73, 0x74, 0x61, 0x72, 0x74, 0x20, 0x6d, 0x65, 0x6e, 0x75, 0x20, 0x74, 0x68,
    0x65, 0x20, 0x6f, 0x72, 0x62, 0x20, 0x6f, 0x70, 0x65, 0x6e, 0x73, 0x2c, 0x0a, 0x61, 0x6e, 0x64,
    0x20, 0x74, 0x68, 0x65, 0x20, 0x70, 0x72, 0x6f, 0x67, 0x72, 0x61, 0x6d, 0x73, 0x20, 0x61, 0x72,
    0x65, 0x20, 0x65, 0x6e, 0x74, 0x72, 0x69, 0x65, 0x73, 0x20, 0x75, 0x6e, 0x64, 0x65, 0x72, 0x20,
    0x61, 0x20, 0x72, 0x75, 0x6c, 0x65, 0x20, 0x62, 0x65, 0x6e, 0x65, 0x61, 0x74, 0x68, 0x20, 0x74,
    0x68, 0x65, 0x6d, 0x2e, 0x0a, 0x0a, 0x54, 0x68, 0x65, 0x20, 0x69, 0x63, 0x6f, 0x6e, 0x73, 0x20,
    0x74, 0x68, 0x65, 0x6d, 0x73, 0x65, 0x6c, 0x76, 0x65, 0x73, 0x20, 0x61, 0x72, 0x65, 0x20, 0x64,
    0x72, 0x61, 0x77, 0x6e, 0x20, 0x74, 0x68, 0x65, 0x20, 0x77, 0x61, 0x79, 0x20, 0x4d, 0x55, 0x49,
    0x20, 0x64, 0x72, 0x65, 0x77, 0x20, 0x69, 0x74, 0x73, 0x20, 0x6f, 0x77, 0x6e, 0x3a, 0x20, 0x61,
    0x20, 0x72, 0x6f, 0x75, 0x6e, 0x64, 0x65, 0x64, 0x0a, 0x74, 0x69, 0x6c, 0x65, 0x20, 0x77, 0x68,
    0x6f, 0x73, 0x65, 0x20, 0x62, 0x6f, 0x64, 0x79, 0x20, 0x72, 0x61, 0x6d, 0x70, 0x73, 0x20, 0x66,
    0x72, 0x6f, 0x6d, 0x20, 0x61, 0x20, 0x73, 0x61, 0x74, 0x75, 0x72, 0x61, 0x74, 0x65, 0x64, 0x20,
    0x74, 0x69, 0x6e, 0x74, 0x20, 0x74, 0x6f, 0x20, 0x61, 0x20, 0x64, 0x65, 0x65, 0x70, 0x20, 0x6f,
    0x6e, 0x65, 0x2c, 0x20, 0x61, 0x20, 0x77, 0x68, 0x69, 0x74, 0x65, 0x20, 0x72, 0x69, 0x6d, 0x0a,
    0x72, 0x6f, 0x75, 0x6e, 0x64, 0x20, 0x69, 0x74, 0x2c, 0x20, 0x61, 0x6e, 0x20, 0x61, 0x72, 0x63,
    0x20, 0x6f, 0x66, 0x20, 0x6c, 0x69, 0x67, 0x68, 0x74, 0x20, 0x61, 0x6c, 0x6f, 0x6e, 0x67, 0x20,
    0x74, 0x68, 0x65, 0x20, 0x74, 0x6f, 0x70, 0x20, 0x6f, 0x66, 0x20, 0x69, 0x74, 0x2c, 0x20, 0x61,
    0x6e, 0x64, 0x20, 0x74, 0x68, 0x65, 0x20, 0x6d, 0x61, 0x72, 0x6b, 0x20, 0x63, 0x75, 0x74, 0x20,
    0x6f, 0x75, 0x74, 0x20, 0x6f, 0x66, 0x0a, 0x74, 0x68, 0x65, 0x20, 0x72, 0x61, 0x6d, 0x70, 0x20,
    0x69, 0x6e, 0x20, 0x77, 0x68, 0x69, 0x74, 0x65, 0x2e, 0x20, 0x20, 0x4f, 0x6e, 0x65, 0x20, 0x72,
    0x6f, 0x75, 0x74, 0x69, 0x6e, 0x65, 0x20, 0x64, 0x72, 0x61, 0x77, 0x73, 0x20, 0x74, 0x68, 0x65,
    0x20, 0x74, 0x69, 0x6c, 0x65, 0x20, 0x61, 0x74, 0x20, 0x65, 0x76, 0x65, 0x72, 0x79, 0x20, 0x73,
    0x69, 0x7a, 0x65, 0x20, 0x69, 0x74, 0x20, 0x69, 0x73, 0x0a, 0x75, 0x73, 0x65, 0x64, 0x20, 0x61,
    0x74, 0x20, 0x2d, 0x2d, 0x20, 0x32, 0x34, 0x20, 0x70, 0x69, 0x78, 0x65, 0x6c, 0x73, 0x20, 0x69,
    0x6e, 0x20, 0x74, 0x68, 0x65, 0x20, 0x6d, 0x65, 0x6e, 0x75, 0x2c, 0x20, 0x31, 0x36, 0x20, 0x6f,
    0x6e, 0x20, 0x74, 0x68, 0x65, 0x20, 0x62, 0x61, 0x72, 0x2c, 0x20, 0x31, 0x34, 0x20, 0x66, 0x6f,
    0x72, 0x20, 0x74, 0x68, 0x65, 0x20, 0x70, 0x72, 0x6f, 0x67, 0x72, 0x61, 0x6d, 0x73, 0x2c, 0x0a,
    0x31, 0x32, 0x20, 0x69, 0x6e, 0x20, 0x61, 0x20, 0x64, 0x69, 0x72, 0x65, 0x63, 0x74, 0x6f, 0x72,
    0x79, 0x20, 0x72, 0x6f, 0x77, 0x20, 0x2d, 0x2d, 0x20, 0x73, 0x6f, 0x20, 0x74, 0x68, 0x65, 0x20,
    0x73, 0x65, 0x74, 0x20, 0x73, 0x74, 0x61, 0x79, 0x73, 0x20, 0x6f, 0x6e, 0x65, 0x20, 0x73, 0x65,
    0x74, 0x20, 0x61, 0x73, 0x20, 0x69, 0x74, 0x20, 0x67, 0x65, 0x74, 0x73, 0x20, 0x73, 0x6d, 0x61,
    0x6c, 0x6c, 0x65, 0x72, 0x2e, 0x0a, 0x46, 0x69, 0x76, 0x65, 0x20, 0x68, 0x75, 0x65, 0x73, 0x20,
    0x63, 0x61, 0x72, 0x72, 0x79, 0x20, 0x74, 0x68, 0x65, 0x20, 0x70, 0x6c, 0x61, 0x63, 0x65, 0x73,
    0x2c, 0x20, 0x61, 0x20, 0x73, 0x69, 0x78, 0x74, 0x68, 0x20, 0x6f, 0x66, 0x20, 0x73, 0x6c, 0x61,
    0x74, 0x65, 0x20, 0x63, 0x61, 0x72, 0x72, 0x69, 0x65, 0x73, 0x20, 0x61, 0x6e, 0x20, 0x6f, 0x72,
    0x64, 0x69, 0x6e, 0x61, 0x72, 0x79, 0x20, 0x66, 0x69, 0x6c, 0x65, 0x2c, 0x0a, 0x61, 0x6e, 0x64,
    0x20, 0x6e, 0x6f, 0x20, 0x69, 0x63, 0x6f, 0x6e, 0x20, 0x77, 0x65, 0x61, 0x72, 0x73, 0x20, 0x74,
    0x77, 0x6f, 0x20, 0x63, 0x6f, 0x6c, 0x6f, 0x75, 0x72, 0x73, 0x20, 0x66, 0x6f, 0x72, 0x20, 0x74,
    0x68, 0x65, 0x20, 0x73, 0x61, 0x6d, 0x65, 0x20, 0x74, 0x68, 0x69, 0x6e, 0x67, 0x2e, 0x0a, 0x0a,
    0x4f, 0x6e, 0x65, 0x20, 0x70, 0x72, 0x65, 0x73, 0x73, 0x20, 0x6e, 0x61, 0x6d, 0x65, 0x73, 0x20,
    0x61, 0x6e, 0x20, 0x65, 0x6e, 0x74, 0x72, 0x79, 0x3b, 0x20, 0x74, 0x68, 0x65, 0x20, 0x73, 0x65,
    0x63, 0x6f, 0x6e, 0x64, 0x20, 0x70, 0x72, 0x65, 0x73, 0x73, 0x2c, 0x20, 0x69, 0x6e, 0x73, 0x69,
    0x64, 0x65, 0x20, 0x68, 0x61, 0x6c, 0x66, 0x20, 0x61, 0x20, 0x73, 0x65, 0x63, 0x6f, 0x6e, 0x64,
    0x20, 0x61, 0x6e, 0x64, 0x0a, 0x74, 0x77, 0x65, 0x6e, 0x74, 0x79, 0x2d, 0x66, 0x6f, 0x75, 0x72,
    0x20, 0x70, 0x69, 0x78, 0x65, 0x6c, 0x73, 0x2c, 0x20, 0x6f, 0x70, 0x65, 0x6e, 0x73, 0x20, 0x69,
    0x74, 0x2e, 0x20, 0x20, 0x54, 0x68, 0x65, 0x20, 0x6f, 0x72, 0x62, 0x2c, 0x20, 0x74, 0x68, 0x65,
    0x20, 0x77, 0x69, 0x6e, 0x64, 0x6f, 0x77, 0x20, 0x63, 0x72, 0x6f, 0x73, 0x73, 0x65, 0x73, 0x2c,
    0x20, 0x74, 0x68, 0x65, 0x20, 0x74, 0x61, 0x73, 0x6b, 0x0a, 0x62, 0x75, 0x74, 0x74, 0x6f, 0x6e,
    0x73, 0x20, 0x61, 0x6e, 0x64, 0x20, 0x74, 0x68, 0x65, 0x20, 0x73, 0x6c, 0x69, 0x76, 0x65, 0x72,
    0x20, 0x61, 0x72, 0x65, 0x20, 0x63, 0x6f, 0x6e, 0x74, 0x72, 0x6f, 0x6c, 0x73, 0x20, 0x61, 0x6e,
    0x64, 0x20, 0x61, 0x6e, 0x73, 0x77, 0x65, 0x72, 0x20, 0x74, 0x6f, 0x20, 0x6f, 0x6e, 0x65, 0x20,
    0x70, 0x72, 0x65, 0x73, 0x73, 0x2c, 0x20, 0x61, 0x6e, 0x64, 0x20, 0x74, 0x68, 0x65, 0x0a, 0x72,
    0x69, 0x67, 0x68, 0x74, 0x20, 0x62, 0x75, 0x74, 0x74, 0x6f, 0x6e, 0x20, 0x6f, 0x70, 0x65, 0x6e,
    0x73, 0x20, 0x74, 0x68, 0x65, 0x20, 0x6d, 0x65, 0x6e, 0x75, 0x20, 0x69, 0x6e, 0x20, 0x74, 0x68,
    0x65, 0x20, 0x73, 0x74, 0x69, 0x63, 0x6b, 0x79, 0x20, 0x66, 0x6f, 0x72, 0x6d, 0x20, 0x74, 0x68,
    0x61, 0x74, 0x20, 0x73, 0x74, 0x61, 0x79, 0x73, 0x20, 0x75, 0x70, 0x20, 0x61, 0x63, 0x72, 0x6f,
    0x73, 0x73, 0x0a, 0x73, 0x65, 0x76, 0x65, 0x72, 0x61, 0x6c, 0x20, 0x63, 0x68, 0x6f, 0x69, 0x63,
    0x65, 0x73, 0x2e, 0x0a, 0x0a, 0x54, 0x68, 0x65, 0x20, 0x70, 0x72, 0x6f, 0x67, 0x72, 0x61, 0x6d,
    0x73, 0x0a, 0x2d, 0x2d, 0x2d, 0x2d, 0x2d, 0x2d, 0x2d, 0x2d, 0x2d, 0x2d, 0x2d, 0x2d, 0x0a, 0x0a,
    0x54, 0x68, 0x65, 0x20, 0x73, 0x74, 0x61, 0x72, 0x74, 0x20, 0x6d, 0x65, 0x6e, 0x75, 0x20, 0x6c,
    0x69, 0x73, 0x74, 0x73, 0x20, 0x74, 0x77, 0x6f, 0x20, 0x6f, 0x66, 0x20, 0x74, 0x68, 0x65, 0x6d,
    0x3a, 0x20, 0x46, 0x69, 0x6c, 0x65, 0x73, 0x2c, 0x20, 0x77, 0x68, 0x69, 0x63, 0x68, 0x20, 0x6c,
    0x65, 0x61, 0x64, 0x73, 0x20, 0x74, 0x68, 0x65, 0x20, 0x64, 0x72, 0x61, 0x77, 0x65, 0x72, 0x73,
    0x0a, 0x61, 0x62, 0x6f, 0x76, 0x65, 0x20, 0x74, 0x68, 0x65, 0x20, 0x72, 0x75, 0x6c, 0x65, 0x2c,
    0x20, 0x61, 0x6e, 0x64, 0x20, 0x41, 0x62, 0x6f, 0x75, 0x74, 0x2c, 0x20, 0x74, 0x68, 0x65, 0x20,
    0x6f, 0x6e, 0x6c, 0x79, 0x20, 0x72, 0x6f, 0x77, 0x20, 0x75, 0x6e, 0x64, 0x65, 0x72, 0x20, 0x69,
    0x74, 0x2e, 0x20, 0x20, 0x54, 0x68, 0x65, 0x20, 0x6f, 0x74, 0x68, 0x65, 0x72, 0x20, 0x66, 0x6f,
    0x75, 0x72, 0x20, 0x61, 0x72, 0x65, 0x0a, 0x66, 0x69, 0x6c, 0x65, 0x64, 0x20, 0x77, 0x68, 0x65,
    0x72, 0x65, 0x20, 0x74, 0x68, 0x65, 0x79, 0x20, 0x62, 0x65, 0x6c, 0x6f, 0x6e, 0x67, 0x20, 0x69,
    0x6e, 0x73, 0x74, 0x65, 0x61, 0x64, 0x20, 0x2d, 0x2d, 0x20, 0x43, 0x6c, 0x6f, 0x63, 0x6b, 0x2c,
    0x20, 0x4d, 0x6f, 0x6e, 0x69, 0x74, 0x6f, 0x72, 0x20, 0x61, 0x6e, 0x64, 0x20, 0x4e, 0x65, 0x6f,
    0x54, 0x65, 0x78, 0x74, 0x20, 0x69, 0x6e, 0x0a, 0x54, 0x6f, 0x6f, 0x6c, 0x73, 0x2f, 0x2c, 0x20,
    0x50, 0x72, 0x65, 0x66, 0x65, 0x72, 0x65, 0x6e, 0x63, 0x65, 0x73, 0x20, 0x69, 0x6e, 0x20, 0x43,
    0x6f, 0x6e, 0x66, 0x69, 0x67, 0x2f, 0x20, 0x62, 0x65, 0x73, 0x69, 0x64, 0x65, 0x20, 0x74, 0x68,
    0x65, 0x20, 0x66, 0x69, 0x6c, 0x65, 0x73, 0x20, 0x69, 0x74, 0x20, 0x63, 0x68, 0x61, 0x6e, 0x67,
    0x65, 0x73, 0x20, 0x2d, 0x2d, 0x20, 0x73, 0x6f, 0x20, 0x65, 0x61, 0x63, 0x68, 0x0a, 0x69, 0x73,
    0x20, 0x73, 0x74, 0x61, 0x72, 0x74, 0x65, 0x64, 0x20, 0x66, 0x72, 0x6f, 0x6d, 0x20, 0x74, 0x68,
    0x65, 0x20, 0x64, 0x72, 0x61, 0x77, 0x65, 0x72, 0x20, 0x69, 0x74, 0x20, 0x73, 0x74, 0x61, 0x6e,
    0x64, 0x73, 0x20, 0x69, 0x6e, 0x2e, 0x20, 0x20, 0x54, 0x6f, 0x6f, 0x6c, 0x73, 0x2f, 0x20, 0x69,
    0x73, 0x20, 0x77, 0x68, 0x65, 0x72, 0x65, 0x20, 0x4e, 0x65, 0x6f, 0x53, 0x68, 0x65, 0x6c, 0x6c,
    0x0a, 0x61, 0x6e, 0x64, 0x20, 0x74, 0x68, 0x65, 0x20, 0x63, 0x61, 0x6c, 0x63, 0x75, 0x6c, 0x61,
    0x74, 0x6f, 0x72, 0x20, 0x77, 0x69, 0x6c, 0x6c, 0x20, 0x73, 0x74, 0x61, 0x6e, 0x64, 0x20, 0x77,
    0x68, 0x65, 0x6e, 0x20, 0x74, 0x68, 0x65, 0x79, 0x20, 0x61, 0x72, 0x65, 0x20, 0x77, 0x72, 0x69,
    0x74, 0x74, 0x65, 0x6e, 0x2e, 0x0a, 0x0a, 0x20, 0x20, 0x46, 0x69, 0x6c, 0x65, 0x73, 0x20, 0x20,
    0x20, 0x20, 0x20, 0x20, 0x20, 0x20, 0x74, 0x68, 0x65, 0x20, 0x64, 0x69, 0x72, 0x65, 0x63, 0x74,
    0x6f, 0x72, 0x79, 0x20, 0x62, 0x72, 0x6f, 0x77, 0x73, 0x65, 0x72, 0x2c, 0x20, 0x72, 0x65, 0x61,
    0x64, 0x69, 0x6e, 0x67, 0x20, 0x74, 0x68, 0x65, 0x20, 0x73, 0x74, 0x6f, 0x72, 0x65, 0x20, 0x74,
    0x68, 0x65, 0x20, 0x69, 0x6d, 0x61, 0x67, 0x65, 0x20, 0x77, 0x61, 0x73, 0x0a, 0x20, 0x20, 0x20,
    0x20, 0x20, 0x20, 0x20, 0x20, 0x20, 0x20, 0x20, 0x20, 0x20, 0x20, 0x20, 0x62, 0x75, 0x69, 0x6c,
    0x74, 0x20, 0x77, 0x69, 0x74, 0x68, 0x3b, 0x20, 0x63, 0x68, 0x6f, 0x6f, 0x73, 0x69, 0x6e, 0x67,
    0x20, 0x61, 0x20, 0x66, 0x69, 0x6c, 0x65, 0x20, 0x69, 0x6e, 0x20, 0x69, 0x74, 0x20, 0x6f, 0x70,
    0x65, 0x6e, 0x73, 0x20, 0x4e, 0x65, 0x6f, 0x54, 0x65, 0x78, 0x74, 0x2c, 0x20, 0x61, 0x6e, 0x64,
    0x0a, 0x20, 0x20, 0x20, 0x20, 0x20, 0x20, 0x20, 0x20, 0x20, 0x20, 0x20, 0x20, 0x20, 0x20, 0x20,
    0x63, 0x68, 0x6f, 0x6f, 0x73, 0x69, 0x6e, 0x67, 0x20, 0x61, 0x20, 0x70, 0x72, 0x6f, 0x67, 0x72,
    0x61, 0x6d, 0x20, 0x65, 0x6e, 0x74, 0x72, 0x79, 0x20, 0x73, 0x74, 0x61, 0x72, 0x74, 0x73, 0x20,
    0x74, 0x68, 0x61, 0x74, 0x20, 0x70, 0x72, 0x6f, 0x67, 0x72, 0x61, 0x6d, 0x0a, 0x20, 0x20, 0x43,
    0x6c, 0x6f, 0x63, 0x6b, 0x20, 0x20, 0x20, 0x20, 0x20, 0x20, 0x20, 0x20, 0x61, 0x6e, 0x20, 0x61,
    0x6e, 0x61, 0x6c, 0x6f, 0x67, 0x75, 0x65, 0x20, 0x64, 0x69, 0x61, 0x6c, 0x2c, 0x20, 0x66, 0x72,
    0x6f, 0x6d, 0x20, 0x54, 0x6f, 0x6f, 0x6c, 0x73, 0x2f, 0x43, 0x6c, 0x6f, 0x63, 0x6b, 0x0a, 0x20,
    0x20, 0x4d, 0x6f, 0x6e, 0x69, 0x74, 0x6f, 0x72, 0x20, 0x20, 0x20, 0x20, 0x20, 0x20, 0x74, 0x77,
    0x6f, 0x20, 0x62, 0x61, 0x72, 0x73, 0x3a, 0x20, 0x66, 0x61, 0x73, 0x74, 0x20, 0x6d, 0x65, 0x6d,
    0x6f, 0x72, 0x79, 0x20, 0x69, 0x6e, 0x20, 0x75, 0x73, 0x65, 0x2c, 0x20, 0x61, 0x6e, 0x64, 0x20,
    0x74, 0x68, 0x65, 0x20, 0x75, 0x70, 0x74, 0x69, 0x6d, 0x65, 0x2c, 0x20, 0x66, 0x72, 0x6f, 0x6d,
    0x0a, 0x20, 0x20, 0x20, 0x20, 0x20, 0x20, 0x20, 0x20, 0x20, 0x20, 0x20, 0x20, 0x20, 0x20, 0x20,
    0x54, 0x6f, 0x6f, 0x6c, 0x73, 0x2f, 0x4d, 0x6f, 0x6e, 0x69, 0x74, 0x6f, 0x72, 0x0a, 0x20, 0x20,
    0x41, 0x62, 0x6f, 0x75, 0x74, 0x20, 0x20, 0x20, 0x20, 0x20, 0x20, 0x20, 0x20, 0x77, 0x68, 0x61,
    0x74, 0x20, 0x74, 0x68, 0x69, 0x73, 0x20, 0x62, 0x75, 0x69, 0x6c, 0x64, 0x20, 0x69, 0x73, 0x0a,
    0x20, 0x20, 0x4e, 0x65, 0x6f, 0x54, 0x65, 0x78, 0x74, 0x20, 0x20, 0x20, 0x20, 0x20, 0x20, 0x74,
    0x68, 0x65, 0x20, 0x72, 0x65, 0x61, 0x64, 0x65, 0x72, 0x2c, 0x20, 0x66, 0x72, 0x6f, 0x6d, 0x20,
    0x54, 0x6f, 0x6f, 0x6c, 0x73, 0x2f, 0x4e, 0x65, 0x6f, 0x54, 0x65, 0x78, 0x74, 0x0a, 0x20, 0x20,
    0x50, 0x72, 0x65, 0x66, 0x65, 0x72, 0x65, 0x6e, 0x63, 0x65, 0x73, 0x20, 0x20, 0x74, 0x68, 0x65,
    0x20, 0x62, 0x61, 0x63, 0x6b, 0x64, 0x72, 0x6f, 0x70, 0x2c, 0x20, 0x61, 0x6e, 0x64, 0x20, 0x74,
    0x68, 0x65, 0x20, 0x67, 0x72, 0x69, 0x64, 0x20, 0x61, 0x6e, 0x64, 0x20, 0x74, 0x68, 0x65, 0x20,
    0x67, 0x6c, 0x6f, 0x77, 0x20, 0x6f, 0x76, 0x65, 0x72, 0x20, 0x69, 0x74, 0x2c, 0x20, 0x66, 0x72,
    0x6f, 0x6d, 0x0a, 0x20, 0x20, 0x20, 0x20, 0x20, 0x20, 0x20, 0x20, 0x20, 0x20, 0x20, 0x20, 0x20,
    0x20, 0x20, 0x43, 0x6f, 0x6e, 0x66, 0x69, 0x67, 0x2f, 0x50, 0x72, 0x65, 0x66, 0x65, 0x72, 0x65,
    0x6e, 0x63, 0x65, 0x73, 0x0a, 0x0a, 0x50, 0x72, 0x65, 0x66, 0x65, 0x72, 0x65, 0x6e, 0x63, 0x65,
    0x73, 0x20, 0x6f, 0x66, 0x66, 0x65, 0x72, 0x73, 0x20, 0x66, 0x69, 0x76, 0x65, 0x20, 0x62, 0x61,
    0x63, 0x6b, 0x64, 0x72, 0x6f, 0x70, 0x73, 0x20, 0x2d, 0x2d, 0x20, 0x77, 0x61, 0x73, 0x68, 0x2c,
    0x20, 0x70, 0x61, 0x70, 0x65, 0x72, 0x2c, 0x20, 0x61, 0x7a, 0x75, 0x72, 0x65, 0x2c, 0x20, 0x64,
    0x75, 0x73, 0x6b, 0x20, 0x61, 0x6e, 0x64, 0x0a, 0x73, 0x6c, 0x61, 0x74, 0x65, 0x20, 0x2d, 0x2d,
    0x20, 0x61, 0x6e, 0x64, 0x20, 0x70, 0x61, 0x69, 0x6e, 0x74, 0x73, 0x20, 0x74, 0x68, 0x65, 0x20,
    0x6f, 0x6e, 0x65, 0x20, 0x79, 0x6f, 0x75, 0x20, 0x63, 0x68, 0x6f, 0x6f, 0x73, 0x65, 0x20, 0x61,
    0x74, 0x20, 0x6f, 0x6e, 0x63, 0x65, 0x3b, 0x20, 0x22, 0x62, 0x61, 0x63, 0x6b, 0x64, 0x72, 0x6f,
    0x70, 0x22, 0x20, 0x69, 0x6e, 0x0a, 0x43, 0x6f, 0x6e, 0x66, 0x69, 0x67, 0x2f, 0x73, 0x63, 0x72,
    0x65, 0x65, 0x6e, 0x2e, 0x63, 0x66, 0x67, 0x20, 0x73, 0x61, 0x79, 0x73, 0x20, 0x77, 0x68, 0x69,
    0x63, 0x68, 0x20, 0x74, 0x68, 0x65, 0x20, 0x6d, 0x61, 0x63, 0x68, 0x69, 0x6e, 0x65, 0x20, 0x63,
    0x6f, 0x6d, 0x65, 0x73, 0x20, 0x75, 0x70, 0x20, 0x77, 0x69, 0x74, 0x68, 0x2e, 0x20, 0x20, 0x54,
    0x68, 0x65, 0x20, 0x67, 0x72, 0x69, 0x64, 0x20, 0x61, 0x6e, 0x64, 0x0a, 0x74, 0x68, 0x65, 0x20,
    0x67, 0x6c, 0x6f, 0x77, 0x20, 0x61, 0x72, 0x65, 0x20, 0x63, 0x68, 0x65, 0x63, 0x6b, 0x20, 0x62,
    0x6f, 0x78, 0x65, 0x73, 0x20, 0x69, 0x6e, 0x20, 0x74, 0x68, 0x65, 0x20, 0x73, 0x61, 0x6d, 0x65,
    0x20, 0x70, 0x61, 0x6e, 0x65, 0x2e, 0x20, 0x20, 0x41, 0x6c, 0x6c, 0x20, 0x66, 0x69, 0x76, 0x65,
    0x20, 0x61, 0x72, 0x65, 0x20, 0x74, 0x68, 0x65, 0x20, 0x73, 0x61, 0x6d, 0x65, 0x0a, 0x6c, 0x69,
    0x67, 0x68, 0x74, 0x20, 0x66, 0x69, 0x65, 0x6c, 0x64, 0x20, 0x69, 0x6e, 0x20, 0x66, 0x69, 0x76,
    0x65, 0x20, 0x68, 0x75, 0x65, 0x73, 0x2c, 0x20, 0x73, 0x6f, 0x20, 0x74, 0x68, 0x65, 0x20, 0x6d,
    0x61, 0x72, 0x6b, 0x2c, 0x20, 0x74, 0x68, 0x65, 0x20, 0x77, 0x6f, 0x72, 0x64, 0x6d, 0x61, 0x72,
    0x6b, 0x20, 0x61, 0x6e, 0x64, 0x20, 0x74, 0x68, 0x65, 0x20, 0x63, 0x68, 0x72, 0x6f, 0x6d, 0x65,
    0x0a, 0x6f, 0x76, 0x65, 0x72, 0x20, 0x74, 0x68, 0x65, 0x6d, 0x20, 0x72, 0x65, 0x61, 0x64, 0x20,
    0x61, 0x6c, 0x69, 0x6b, 0x65, 0x20, 0x6f, 0x6e, 0x20, 0x65, 0x76, 0x65, 0x72, 0x79, 0x20, 0x6f,
    0x6e, 0x65, 0x2e, 0x0a, 0x0a, 0x4e, 0x65, 0x6f, 0x54, 0x65, 0x78, 0x74, 0x20, 0x6f, 0x70, 0x65,
    0x6e, 0x73, 0x20, 0x61, 0x6e, 0x79, 0x20, 0x66, 0x69, 0x6c, 0x65, 0x3a, 0x20, 0x70, 0x6c, 0x61,
    0x69, 0x6e, 0x20, 0x74, 0x65, 0x78, 0x74, 0x20, 0x61, 0x73, 0x20, 0x69, 0x74, 0x20, 0x69, 0x73,
    0x20, 0x77, 0x72, 0x69, 0x74, 0x74, 0x65, 0x6e, 0x2c, 0x20, 0x61, 0x20, 0x50, 0x44, 0x46, 0x20,
    0x77, 0x69, 0x74, 0x68, 0x20, 0x69, 0x74, 0x73, 0x0a, 0x74, 0x65, 0x78, 0x74, 0x20, 0x6c, 0x69,
    0x66, 0x74, 0x65, 0x64, 0x20, 0x6f, 0x75, 0x74, 0x20, 0x6f, 0x66, 0x20, 0x74, 0x68, 0x65, 0x20,
    0x70, 0x61, 0x67, 0x65, 0x2c, 0x20, 0x61, 0x6e, 0x64, 0x20, 0x61, 0x6e, 0x79, 0x74, 0x68, 0x69,
    0x6e, 0x67, 0x20, 0x65, 0x6c, 0x73, 0x65, 0x20, 0x61, 0x73, 0x20, 0x74, 0x68, 0x65, 0x20, 0x62,
    0x79, 0x74, 0x65, 0x73, 0x20, 0x69, 0x74, 0x20, 0x69, 0x73, 0x2c, 0x0a, 0x65, 0x69, 0x67, 0x68,
    0x74, 0x20, 0x74, 0x6f, 0x20, 0x61, 0x20, 0x6c, 0x69, 0x6e, 0x65, 0x2e, 0x20, 0x20, 0x49, 0x74,
    0x20, 0x66, 0x6f, 0x6c, 0x6c, 0x6f, 0x77, 0x73, 0x20, 0x74, 0x68, 0x65, 0x20, 0x63, 0x61, 0x72,
    0x65, 0x74, 0x20, 0x61, 0x73, 0x20, 0x79, 0x6f, 0x75, 0x20, 0x74, 0x79, 0x70, 0x65, 0x20, 0x61,
    0x6e, 0x64, 0x20, 0x73, 0x61, 0x79, 0x73, 0x20, 0x6f, 0x6e, 0x20, 0x69, 0x74, 0x73, 0x0a, 0x73,
    0x74, 0x61, 0x74, 0x75, 0x73, 0x20, 0x6c, 0x69, 0x6e, 0x65, 0x20, 0x77, 0x68, 0x61, 0x74, 0x20,
    0x69, 0x74, 0x20, 0x69, 0x73, 0x20, 0x73, 0x68, 0x6f, 0x77, 0x69, 0x6e, 0x67, 0x20, 0x61, 0x6e,
    0x64, 0x20, 0x77, 0x68, 0x65, 0x72, 0x65, 0x20, 0x79, 0x6f, 0x75, 0x20, 0x61, 0x72, 0x65, 0x20,
    0x69, 0x6e, 0x20, 0x69, 0x74, 0x2e, 0x20, 0x20, 0x54, 0x68, 0x65, 0x20, 0x73, 0x74, 0x6f, 0x72,
    0x65, 0x0a, 0x68, 0x61, 0x73, 0x20, 0x6e, 0x6f, 0x20, 0x77, 0x72, 0x69, 0x74, 0x65, 0x20, 0x70,
    0x61, 0x74, 0x68, 0x20, 0x79, 0x65, 0x74, 0x2c, 0x20, 0x73, 0x6f, 0x20, 0x61, 0x20, 0x66, 0x69,
    0x6c, 0x65, 0x20, 0x79, 0x6f, 0x75, 0x20, 0x68, 0x61, 0x76, 0x65, 0x20, 0x74, 0x79, 0x70, 0x65,
    0x64, 0x20, 0x69, 0x6e, 0x74, 0x6f, 0x20, 0x69, 0x73, 0x20, 0x6c, 0x61, 0x62, 0x65, 0x6c, 0x6c,
    0x65, 0x64, 0x0a, 0x65, 0x64, 0x69, 0x74, 0x65, 0x64, 0x20, 0x62, 0x75, 0x74, 0x20, 0x6e, 0x6f,
    0x74, 0x20, 0x73, 0x61, 0x76, 0x65, 0x64, 0x2e, 0x0a, 0x0a, 0x54, 0x68, 0x65, 0x20, 0x77, 0x69,
    0x6e, 0x64, 0x6f, 0x77, 0x73, 0x20, 0x61, 0x72, 0x65, 0x20, 0x64, 0x72, 0x61, 0x77, 0x6e, 0x20,
    0x69, 0x6e, 0x20, 0x41, 0x65, 0x72, 0x6f, 0x20, 0x74, 0x65, 0x72, 0x6d, 0x73, 0x20, 0x2d, 0x2d,
    0x20, 0x61, 0x20, 0x70, 0x61, 0x6e, 0x65, 0x20, 0x6f, 0x66, 0x20, 0x67, 0x6c, 0x61, 0x73, 0x73,
    0x20, 0x61, 0x63, 0x72, 0x6f, 0x73, 0x73, 0x20, 0x74, 0x68, 0x65, 0x0a, 0x63, 0x61, 0x70, 0x74,
    0x69, 0x6f, 0x6e, 0x20, 0x77, 0x69, 0x74, 0x68, 0x20, 0x74, 0x68, 0x65, 0x20, 0x62, 0x61, 0x63,
    0x6b, 0x64, 0x72, 0x6f, 0x70, 0x20, 0x73, 0x74, 0x69, 0x6c, 0x6c, 0x20, 0x72, 0x65, 0x61, 0x64,
    0x69, 0x6e, 0x67, 0x20, 0x74, 0x68, 0x72, 0x6f, 0x75, 0x67, 0x68, 0x20, 0x69, 0x74, 0x2c, 0x20,
    0x61, 0x20, 0x6c, 0x69, 0x67, 0x68, 0x74, 0x20, 0x73, 0x74, 0x65, 0x65, 0x6c, 0x20, 0x72, 0x69,
    0x6d, 0x0a, 0x72, 0x6f, 0x75, 0x6e, 0x64, 0x20, 0x74, 0x68, 0x65, 0x20, 0x66, 0x72, 0x61, 0x6d,
    0x65, 0x2c, 0x20, 0x61, 0x6e, 0x64, 0x20, 0x61, 0x20, 0x73, 0x68, 0x61, 0x64, 0x6f, 0x77, 0x20,
    0x74, 0x68, 0x72, 0x6f, 0x77, 0x6e, 0x20, 0x62, 0x65, 0x6c, 0x6f, 0x77, 0x20, 0x61, 0x6e, 0x64,
    0x20, 0x74, 0x6f, 0x20, 0x74, 0x68, 0x65, 0x20, 0x72, 0x69, 0x67, 0x68, 0x74, 0x20, 0x2d, 0x2d,
    0x20, 0x6f, 0x76, 0x65, 0x72, 0x0a, 0x57, 0x6f, 0x72, 0x6b, 0x62, 0x65, 0x6e, 0x63, 0x68, 0x27,
    0x73, 0x20, 0x67, 0x72, 0x65, 0x79, 0x20, 0x62, 0x6f, 0x64, 0x79, 0x20, 0x61, 0x6e, 0x64, 0x20,
    0x77, 0x68, 0x69, 0x74, 0x65, 0x20, 0x66, 0x69, 0x65, 0x6c, 0x64, 0x2e, 0x20, 0x20, 0x50, 0x72,
    0x65, 0x73, 0x73, 0x20, 0x74, 0x68, 0x65, 0x20, 0x63, 0x61, 0x70, 0x74, 0x69, 0x6f, 0x6e, 0x20,
    0x61, 0x6e, 0x79, 0x77, 0x68, 0x65, 0x72, 0x65, 0x0a, 0x74, 0x68, 0x61, 0x74, 0x20, 0x69, 0x73,
    0x20, 0x6e, 0x6f, 0x74, 0x20, 0x6f, 0x6e, 0x65, 0x20, 0x6f, 0x66, 0x20, 0x69, 0x74, 0x73, 0x20,
    0x74, 0x68, 0x72, 0x65, 0x65, 0x20, 0x62, 0x75, 0x74, 0x74, 0x6f, 0x6e, 0x73, 0x20, 0x61, 0x6e,
    0x64, 0x20, 0x74, 0x68, 0x65, 0x20, 0x77, 0x69, 0x6e, 0x64, 0x6f, 0x77, 0x20, 0x67, 0x6f, 0x65,
    0x73, 0x20, 0x77, 0x68, 0x65, 0x72, 0x65, 0x20, 0x74, 0x68, 0x65, 0x0a, 0x70, 0x6f, 0x69, 0x6e,
    0x74, 0x65, 0x72, 0x20, 0x67, 0x6f, 0x65, 0x73, 0x20, 0x75, 0x6e, 0x74, 0x69, 0x6c, 0x20, 0x74,
    0x68, 0x65, 0x20, 0x62, 0x75, 0x74, 0x74, 0x6f, 0x6e, 0x20, 0x63, 0x6f, 0x6d, 0x65, 0x73, 0x20,
    0x62, 0x61, 0x63, 0x6b, 0x20, 0x75, 0x70, 0x2c, 0x20, 0x74, 0x61, 0x6b, 0x69, 0x6e, 0x67, 0x20,
    0x74, 0x68, 0x65, 0x20, 0x6b, 0x65, 0x79, 0x62, 0x6f, 0x61, 0x72, 0x64, 0x20, 0x77, 0x69, 0x74,
    0x68, 0x0a, 0x69, 0x74, 0x20, 0x6f, 0x6e, 0x20, 0x74, 0x68, 0x65, 0x20, 0x77, 0x61, 0x79, 0x2e,
    0x20, 0x20, 0x54, 0x68, 0x65, 0x20, 0x63, 0x6c, 0x61, 0x6d, 0x70, 0x20, 0x6b, 0x65, 0x65, 0x70,
    0x73, 0x20, 0x74, 0x68, 0x65, 0x20, 0x63, 0x61, 0x70, 0x74, 0x69, 0x6f, 0x6e, 0x20, 0x6f, 0x6e,
    0x20, 0x74, 0x68, 0x65, 0x20, 0x73, 0x63, 0x72, 0x65, 0x65, 0x6e, 0x20, 0x72, 0x61, 0x74, 0x68,
    0x65, 0x72, 0x20, 0x74, 0x68, 0x61, 0x6e, 0x0a, 0x74, 0x68, 0x65, 0x20, 0x66, 0x72, 0x61, 0x6d,
    0x65, 0x2c, 0x20, 0x73, 0x6f, 0x20, 0x61, 0x20, 0x77, 0x69, 0x6e, 0x64, 0x6f, 0x77, 0x20, 0x6d,
    0x61, 0x79, 0x20, 0x73, 0x74, 0x61, 0x6e, 0x64, 0x20, 0x68, 0x61, 0x6c, 0x66, 0x20, 0x6f, 0x66,
    0x66, 0x20, 0x61, 0x6e, 0x20, 0x65, 0x64, 0x67, 0x65, 0x20, 0x61, 0x6e, 0x64, 0x20, 0x73, 0x74,
    0x69, 0x6c, 0x6c, 0x20, 0x62, 0x65, 0x20, 0x70, 0x69, 0x63, 0x6b, 0x65, 0x64, 0x0a, 0x75, 0x70,
    0x20, 0x62, 0x79, 0x20, 0x61, 0x67, 0x61, 0x69, 0x6e, 0x2e, 0x20, 0x20, 0x41, 0x6c, 0x6c, 0x20,
    0x73, 0x69, 0x78, 0x20, 0x6d, 0x6f, 0x76, 0x65, 0x3a, 0x20, 0x74, 0x68, 0x65, 0x20, 0x66, 0x6f,
    0x75, 0x72, 0x20, 0x70, 0x72, 0x6f, 0x67, 0x72, 0x61, 0x6d, 0x20, 0x77, 0x69, 0x6e, 0x64, 0x6f,
    0x77, 0x73, 0x20, 0x62, 0x79, 0x20, 0x74, 0x68, 0x65, 0x69, 0x72, 0x0a, 0x63, 0x61, 0x70, 0x74,
    0x69, 0x6f, 0x6e, 0x73, 0x2c, 0x20, 0x74, 0x68, 0x65, 0x20, 0x64, 0x69, 0x61, 0x6c, 0x20, 0x61,
    0x6e, 0x64, 0x20, 0x74, 0x68, 0x65, 0x20, 0x6d, 0x6f, 0x6e, 0x69, 0x74, 0x6f, 0x72, 0x20, 0x62,
    0x79, 0x20, 0x74, 0x68, 0x65, 0x69, 0x72, 0x20, 0x6f, 0x77, 0x6e, 0x20, 0x62, 0x6f, 0x64, 0x69,
    0x65, 0x73, 0x2e, 0x0a, 0x0a, 0x54, 0x68, 0x65, 0x20, 0x6b, 0x65, 0x79, 0x62, 0x6f, 0x61, 0x72,
    0x64, 0x20, 0x66, 0x6f, 0x6c, 0x6c, 0x6f, 0x77, 0x73, 0x20, 0x74, 0x68, 0x65, 0x20, 0x77, 0x69,
    0x6e, 0x64, 0x6f, 0x77, 0x20, 0x79, 0x6f, 0x75, 0x20, 0x61, 0x72, 0x65, 0x20, 0x69, 0x6e, 0x3a,
    0x20, 0x74, 0x68, 0x65, 0x20, 0x63, 0x75, 0x72, 0x73, 0x6f, 0x72, 0x20, 0x6b, 0x65, 0x79, 0x73,
    0x20, 0x77, 0x61, 0x6c, 0x6b, 0x20, 0x74, 0x68, 0x65, 0x0a, 0x6c, 0x69, 0x73, 0x74, 0x20, 0x74,
    0x68, 0x61, 0x74, 0x20, 0x69, 0x73, 0x20, 0x73, 0x74, 0x61, 0x6e, 0x64, 0x69, 0x6e, 0x67, 0x20,
    0x6f, 0x72, 0x20, 0x6d, 0x6f, 0x76, 0x65, 0x20, 0x74, 0x68, 0x65, 0x20, 0x63, 0x61, 0x72, 0x65,
    0x74, 0x2c, 0x20, 0x52, 0x65, 0x74, 0x75, 0x72, 0x6e, 0x20, 0x6f, 0x70, 0x65, 0x6e, 0x73, 0x20,
    0x77, 0x68, 0x61, 0x74, 0x20, 0x69, 0x73, 0x20, 0x6c, 0x69, 0x74, 0x20, 0x6f, 0x72, 0x0a, 0x73,
    0x74, 0x61, 0x72, 0x74, 0x73, 0x20, 0x61, 0x20, 0x6e, 0x65, 0x77, 0x20, 0x6c, 0x69, 0x6e, 0x65,
    0x2c, 0x20, 0x61, 0x6e, 0x64, 0x20, 0x45, 0x73, 0x63, 0x61, 0x70, 0x65, 0x20, 0x70, 0x75, 0x74,
    0x73, 0x20, 0x64, 0x6f, 0x77, 0x6e, 0x20, 0x77, 0x68, 0x69, 0x63, 0x68, 0x65, 0x76, 0x65, 0x72,
    0x20, 0x70, 0x72, 0x6f, 0x67, 0x72, 0x61, 0x6d, 0x20, 0x68, 0x61, 0x73, 0x20, 0x74, 0x68, 0x65,
    0x0a, 0x6b, 0x65, 0x79, 0x62, 0x6f, 0x61, 0x72, 0x64, 0x2e, 0x0a, 0x0a, 0x49, 0x6e, 0x73, 0x74,
    0x61, 0x6c, 0x6c, 0x69, 0x6e, 0x67, 0x0a, 0x2d, 0x2d, 0x2d, 0x2d, 0x2d, 0x2d, 0x2d, 0x2d, 0x2d,
    0x2d, 0x0a, 0x0a, 0x54, 0x77, 0x6f, 0x20, 0x72, 0x6f, 0x75, 0x74, 0x65, 0x73, 0x2c, 0x20, 0x61,
    0x6e, 0x64, 0x20, 0x74, 0x68, 0x65, 0x20, 0x6d, 0x61, 0x63, 0x68, 0x69, 0x6e, 0x65, 0x20, 0x63,
    0x61, 0x6e, 0x20, 0x74, 0x61, 0x6b, 0x65, 0x20, 0x65, 0x69, 0x74, 0x68, 0x65, 0x72, 0x2e, 0x0a,
    0x0a, 0x54, 0x68, 0x65, 0x20, 0x69, 0x6e, 0x73, 0x74, 0x61, 0x6c, 0x6c, 0x20, 0x64, 0x69, 0x73,
    0x63, 0x20, 0x69, 0x73, 0x20, 0x70, 0x72, 0x65, 0x73, 0x73, 0x65, 0x64, 0x20, 0x62, 0x79, 0x0a,
    0x0a, 0x20, 0x20, 0x6d, 0x61, 0x6b, 0x65, 0x20, 0x69, 0x73, 0x6f, 0x0a, 0x0a, 0x69, 0x6e, 0x74,
    0x6f, 0x20, 0x69, 0x6d, 0x61, 0x67, 0x65, 0x73, 0x2f, 0x4e, 0x65, 0x6f, 0x42, 0x65, 0x6e, 0x63,
    0x68, 0x2d, 0x30, 0x2e, 0x31, 0x2e, 0x37, 0x2e, 0x69, 0x73, 0x6f, 0x20, 0x2d, 0x2d, 0x20, 0x74,
    0x68, 0x65, 0x20, 0x64, 0x69, 0x73, 0x63, 0x20, 0x74, 0x68, 0x69, 0x73, 0x20, 0x66, 0x69, 0x6c,
    0x65, 0x20, 0x63, 0x61, 0x6d, 0x65, 0x20, 0x6f, 0x6e, 0x2c, 0x20, 0x69, 0x66, 0x20, 0x79, 0x6f,
    0x75, 0x0a, 0x61, 0x72, 0x65, 0x20, 0x72, 0x65, 0x61, 0x64, 0x69, 0x6e, 0x67, 0x20, 0x69, 0x74,
    0x20, 0x66, 0x72, 0x6f, 0x6d, 0x20, 0x6f, 0x6e, 0x65, 0x2e, 0x20, 0x20, 0x49, 0x74, 0x20, 0x63,
    0x61, 0x72, 0x72, 0x69, 0x65, 0x73, 0x20, 0x4e, 0x42, 0x46, 0x53, 0x2e, 0x49, 0x4d, 0x47, 0x20,
    0x61, 0x73, 0x20, 0x69, 0x74, 0x73, 0x20, 0x70, 0x61, 0x79, 0x6c, 0x6f, 0x61, 0x64, 0x2c, 0x20,
    0x74, 0x68, 0x65, 0x20, 0x68, 0x75, 0x6e, 0x6b, 0x0a, 0x65, 0x78, 0x65, 0x63, 0x75, 0x74, 0x61,
    0x62, 0x6c, 0x65, 0x20, 0x61, 0x6e, 0x64, 0x20, 0x74, 0x68, 0x65, 0x20, 0x52, 0x4f, 0x4d, 0x20,
    0x62, 0x65, 0x73, 0x69, 0x64, 0x65, 0x20, 0x69, 0x74, 0x2c, 0x20, 0x61, 0x6e, 0x64, 0x20, 0x4e,
    0x65, 0x6f, 0x42, 0x65, 0x6e, 0x63, 0x68, 0x27, 0x73, 0x20, 0x4e, 0x42, 0x49, 0x53, 0x4f, 0x20,
    0x62, 0x6c, 0x6f, 0x63, 0x6b, 0x20, 0x69, 0x6e, 0x20, 0x73, 0x65, 0x63, 0x74, 0x6f, 0x72, 0x0a,
    0x30, 0x2e, 0x20, 0x20, 0x41, 0x74, 0x74, 0x61, 0x63, 0x68, 0x20, 0x69, 0x74, 0x20, 0x74, 0x6f,
    0x20, 0x74, 0x68, 0x65, 0x20, 0x49, 0x44, 0x45, 0x20, 0x62, 0x75, 0x73, 0x20, 0x62, 0x65, 0x73,
    0x69, 0x64, 0x65, 0x20, 0x61, 0x20, 0x62, 0x6c, 0x61, 0x6e, 0x6b, 0x20, 0x64, 0x69, 0x73, 0x6b,
    0x20, 0x61, 0x6e, 0x64, 0x20, 0x62, 0x6f, 0x6f, 0x74, 0x3a, 0x20, 0x74, 0x68, 0x65, 0x20, 0x41,
    0x54, 0x41, 0x50, 0x49, 0x0a, 0x64, 0x72, 0x69, 0x76, 0x65, 0x72, 0x20, 0x72, 0x65, 0x61, 0x64,
    0x73, 0x20, 0x73, 0x65, 0x63, 0x74, 0x6f, 0x72, 0x20, 0x30, 0x2c, 0x20, 0x66, 0x69, 0x6e, 0x64,
    0x73, 0x20, 0x4e, 0x42, 0x49, 0x53, 0x4f, 0x2c, 0x20, 0x6d, 0x6f, 0x75, 0x6e, 0x74, 0x73, 0x20,
    0x74, 0x68, 0x65, 0x20, 0x49, 0x53, 0x4f, 0x20, 0x39, 0x36, 0x36, 0x30, 0x20, 0x76, 0x6f, 0x6c,
    0x75, 0x6d, 0x65, 0x20, 0x77, 0x69, 0x74, 0x68, 0x0a, 0x4e, 0x65, 0x6f, 0x42, 0x65, 0x6e, 0x63,
    0x68, 0x27, 0x73, 0x20, 0x6f, 0x77, 0x6e, 0x20, 0x72, 0x65, 0x61, 0x64, 0x65, 0x72, 0x20, 0x61,
    0x6e, 0x64, 0x20, 0x73, 0x74, 0x72, 0x65, 0x61, 0x6d, 0x73, 0x20, 0x4e, 0x42, 0x46, 0x53, 0x2e,
    0x49, 0x4d, 0x47, 0x20, 0x6f, 0x6e, 0x74, 0x6f, 0x20, 0x74, 0x68, 0x65, 0x20, 0x64, 0x69, 0x73,
    0x6b, 0x2e, 0x20, 0x20, 0x4f, 0x6e, 0x6c, 0x79, 0x20, 0x61, 0x0a, 0x62, 0x6c, 0x61, 0x6e, 0x6b,
    0x20, 0x64, 0x69, 0x73, 0x6b, 0x20, 0x69, 0x73, 0x20, 0x65, 0x76, 0x65, 0x72, 0x20, 0x77, 0x72,
    0x69, 0x74, 0x74, 0x65, 0x6e, 0x20, 0x2d, 0x2d, 0x20, 0x61, 0x20, 0x64, 0x69, 0x73, 0x6b, 0x20,
    0x74, 0x68, 0x61, 0x74, 0x20, 0x61, 0x6c, 0x72, 0x65, 0x61, 0x64, 0x79, 0x20, 0x68, 0x6f, 0x6c,
    0x64, 0x73, 0x20, 0x4e, 0x65, 0x6f, 0x42, 0x65, 0x6e, 0x63, 0x68, 0x0a, 0x72, 0x65, 0x70, 0x6f,
    0x72, 0x74, 0x73, 0x20, 0x74, 0x68, 0x65, 0x20, 0x76, 0x6f, 0x6c, 0x75, 0x6d, 0x65, 0x20, 0x62,
    0x79, 0x20, 0x6e, 0x61, 0x6d, 0x65, 0x2c, 0x20, 0x61, 0x20, 0x64, 0x61, 0x6d, 0x61, 0x67, 0x65,
    0x64, 0x20, 0x6f, 0x6e, 0x65, 0x20, 0x72, 0x65, 0x70, 0x6f, 0x72, 0x74, 0x73, 0x20, 0x69, 0x74,
    0x73, 0x65, 0x6c, 0x66, 0x20, 0x64, 0x61, 0x6d, 0x61, 0x67, 0x65, 0x64, 0x2c, 0x20, 0x61, 0x6e,
    0x64, 0x0a, 0x61, 0x6e, 0x79, 0x74, 0x68, 0x69, 0x6e, 0x67, 0x20, 0x65, 0x6c, 0x73, 0x65, 0x20,
    0x69, 0x73, 0x20, 0x72, 0x65, 0x66, 0x75, 0x73, 0x65, 0x64, 0x20, 0x77, 0x69, 0x74, 0x68, 0x20,
    0x6e, 0x6f, 0x74, 0x68, 0x69, 0x6e, 0x67, 0x20, 0x74, 0x6f, 0x75, 0x63, 0x68, 0x65, 0x64, 0x2e,
    0x20, 0x20, 0x49, 0x4e, 0x53, 0x54, 0x41, 0x4c, 0x4c, 0x2e, 0x54, 0x58, 0x54, 0x20, 0x69, 0x6e,
    0x20, 0x74, 0x68, 0x69, 0x73, 0x0a, 0x64, 0x69, 0x72, 0x65, 0x63, 0x74, 0x6f, 0x72, 0x79, 0x20,
    0x69, 0x73, 0x20, 0x74, 0x68, 0x65, 0x20, 0x73, 0x74, 0x65, 0x70, 0x2d, 0x62, 0x79, 0x2d, 0x73,
    0x74, 0x65, 0x70, 0x2e, 0x20, 0x20, 0x54, 0x68, 0x65, 0x20, 0x64, 0x69, 0x73, 0x63, 0x20, 0x64,
    0x6f, 0x65, 0x73, 0x20, 0x6e, 0x6f, 0x74, 0x20, 0x62, 0x6f, 0x6f, 0x74, 0x20, 0x74, 0x68, 0x65,
    0x20, 0x6d, 0x61, 0x63, 0x68, 0x69, 0x6e, 0x65, 0x0a, 0x69, 0x74, 0x73, 0x65, 0x6c, 0x66, 0x3b,
    0x20, 0x61, 0x20, 0x64, 0x65, 0x73, 0x6b, 0x74, 0x6f, 0x70, 0x20, 0x41, 0x6d, 0x69, 0x67, 0x61,
    0x20, 0x62, 0x6f, 0x6f, 0x74, 0x73, 0x20, 0x66, 0x72, 0x6f, 0x6d, 0x20, 0x68, 0x61, 0x72, 0x64,
    0x20, 0x64, 0x69, 0x73, 0x6b, 0x73, 0x20, 0x61, 0x6e, 0x64, 0x20, 0x66, 0x6c, 0x6f, 0x70, 0x70,
    0x69, 0x65, 0x73, 0x2c, 0x20, 0x73, 0x6f, 0x20, 0x74, 0x68, 0x65, 0x20, 0x52, 0x4f, 0x4d, 0x0a,
    0x61, 0x6c, 0x77, 0x61, 0x79, 0x73, 0x20, 0x73, 0x74, 0x61, 0x72, 0x74, 0x73, 0x20, 0x66, 0x69,
    0x72, 0x73, 0x74, 0x2e, 0x0a, 0x0a, 0x54, 0x68, 0x65, 0x20, 0x6f, 0x74, 0x68, 0x65, 0x72, 0x20,
    0x72, 0x6f, 0x75, 0x74, 0x65, 0x20, 0x69, 0x73, 0x20, 0x74, 0x68, 0x65, 0x20, 0x63, 0x68, 0x61,
    0x69, 0x6e, 0x6c, 0x6f, 0x61, 0x64, 0x2c, 0x20, 0x77, 0x68, 0x69, 0x63, 0x68, 0x20, 0x6e, 0x65,
    0x65, 0x64, 0x73, 0x20, 0x6e, 0x6f, 0x20, 0x64, 0x69, 0x73, 0x63, 0x20, 0x61, 0x66, 0x74, 0x65,
    0x72, 0x20, 0x74, 0x68, 0x65, 0x20, 0x63, 0x6f, 0x70, 0x79, 0x3a, 0x0a, 0x63, 0x6f, 0x70, 0x79,
    0x20, 0x4e, 0x45, 0x4f, 0x42, 0x45, 0x4e, 0x43, 0x48, 0x2e, 0x45, 0x58, 0x45, 0x20, 0x66, 0x72,
    0x6f, 0x6d, 0x20, 0x74, 0x68, 0x65, 0x20, 0x64, 0x69, 0x73, 0x63, 0x20, 0x74, 0x6f, 0x20, 0x74,
    0x68, 0x65, 0x20, 0x68, 0x61, 0x72, 0x64, 0x20, 0x64, 0x69, 0x73, 0x6b, 0x20, 0x61, 0x6e, 0x64,
    0x20, 0x72, 0x75, 0x6e, 0x20, 0x69, 0x74, 0x20, 0x66, 0x72, 0x6f, 0x6d, 0x0a, 0x53, 0x3a, 0x53,
    0x74, 0x61, 0x72, 0x74, 0x75, 0x70, 0x2d, 0x53, 0x65, 0x71, 0x75, 0x65, 0x6e, 0x63, 0x65, 0x2e,
    0x20, 0x20, 0x54, 0x68, 0x65, 0x20, 0x67, 0x65, 0x6e, 0x75, 0x69, 0x6e, 0x65, 0x20, 0x41, 0x6d,
    0x69, 0x67, 0x61, 0x4f, 0x53, 0x20, 0x33, 0x2e, 0x32, 0x2e, 0x33, 0x20, 0x52, 0x4f, 0x4d, 0x20,
    0x62, 0x6f, 0x6f, 0x74, 0x73, 0x20, 0x66, 0x69, 0x72, 0x73, 0x74, 0x2c, 0x20, 0x72, 0x75, 0x6e,
    0x73, 0x0a, 0x53, 0x74, 0x61, 0x72, 0x74, 0x75, 0x70, 0x2d, 0x53, 0x65, 0x71, 0x75, 0x65, 0x6e,
    0x63, 0x65, 0x2c, 0x20, 0x61, 0x6e, 0x64, 0x20, 0x53, 0x74, 0x61, 0x72, 0x74, 0x75, 0x70, 0x2d,
    0x53, 0x65, 0x71, 0x75, 0x65, 0x6e, 0x63, 0x65, 0x20, 0x68, 0x61, 0x6e, 0x64, 0x73, 0x20, 0x74,
    0x68, 0x65, 0x20, 0x6d, 0x61, 0x63, 0x68, 0x69, 0x6e, 0x65, 0x20, 0x74, 0x6f, 0x20, 0x4e, 0x65,
    0x6f, 0x42, 0x65, 0x6e, 0x63, 0x68, 0x2e, 0x0a, 0x54, 0x68, 0x61, 0x74, 0x20, 0x69, 0x73, 0x20,
    0x74, 0x68, 0x65, 0x20, 0x66, 0x69, 0x72, 0x73, 0x74, 0x20, 0x73, 0x74, 0x65, 0x70, 0x20, 0x6f,
    0x66, 0x20, 0x74, 0x68, 0x65, 0x20, 0x62, 0x6f, 0x6f, 0x74, 0x20, 0x64, 0x65, 0x73, 0x63, 0x72,
    0x69, 0x62, 0x65, 0x64, 0x20, 0x61, 0x62, 0x6f, 0x76, 0x65, 0x2e, 0x0a, 0x0a, 0x42, 0x75, 0x69,
    0x6c, 0x64, 0x69, 0x6e, 0x67, 0x0a, 0x2d, 0x2d, 0x2d, 0x2d, 0x2d, 0x2d, 0x2d, 0x2d, 0x0a, 0x0a,
    0x20, 0x20, 0x6d, 0x61, 0x6b, 0x65, 0x20, 0x2d, 0x43, 0x20, 0x62, 0x6f, 0x6f, 0x74, 0x2f, 0x72,
    0x6f, 0x6d, 0x0a, 0x0a, 0x54, 0x68, 0x65, 0x20, 0x72, 0x65, 0x73, 0x75, 0x6c, 0x74, 0x20, 0x69,
    0x73, 0x20, 0x62, 0x6f, 0x6f, 0x74, 0x2f, 0x72, 0x6f, 0x6d, 0x2f, 0x6e, 0x65, 0x6f, 0x62, 0x65,
    0x6e, 0x63, 0x68, 0x2e, 0x72, 0x6f, 0x6d, 0x2c, 0x20, 0x61, 0x20, 0x35, 0x31, 0x32, 0x20, 0x4b,
    0x69, 0x42, 0x20, 0x6b, 0x69, 0x63, 0x6b, 0x73, 0x74, 0x61, 0x72, 0x74, 0x2d, 0x73, 0x74, 0x79,
    0x6c, 0x65, 0x20, 0x69, 0x6d, 0x61, 0x67, 0x65, 0x2e, 0x0a, 0x00,
};

static const unsigned char d19[] = {
    0x4e, 0x65, 0x6f, 0x42, 0x65, 0x6e, 0x63, 0x68, 0x20, 0x6d, 0x65, 0x64, 0x69, 0x61, 0x0a, 0x3d,
    0x3d, 0x3d, 0x3d, 0x3d, 0x3d, 0x3d, 0x3d, 0x3d, 0x3d, 0x3d, 0x3d, 0x3d, 0x3d, 0x0a, 0x0a, 0x54,
    0x68, 0x65, 0x20, 0x64, 0x65, 0x73, 0x6b, 0x74, 0x6f, 0x70, 0x20, 0x69, 0x73, 0x20, 0x63, 0x6f,
    0x6d, 0x70, 0x6f, 0x73, 0x69, 0x74, 0x65, 0x64, 0x20, 0x61, 0x74, 0x20, 0x72, 0x75, 0x6e, 0x20,
    0x74, 0x69, 0x6d, 0x65, 0x3a, 0x20, 0x74, 0x68, 0x65, 0x72, 0x65, 0x20, 0x61, 0x72, 0x65, 0x20,
    0x6e, 0x6f, 0x20, 0x62, 0x69, 0x74, 0x6d, 0x61, 0x70, 0x73, 0x20, 0x69, 0x6e, 0x20, 0x74, 0x68,
    0x65, 0x0a, 0x52, 0x4f, 0x4d, 0x20, 0x69, 0x6d, 0x61, 0x67, 0x65, 0x2e, 0x20, 0x20, 0x45, 0x76,
    0x65, 0x72, 0x79, 0x20, 0x6d, 0x61, 0x72, 0x6b, 0x2c, 0x20, 0x74, 0x69, 0x6c, 0x65, 0x20, 0x61,
    0x6e, 0x64, 0x20, 0x67, 0x6c, 0x79, 0x70, 0x68, 0x20, 0x6f, 0x6e, 0x20, 0x73, 0x63, 0x72, 0x65,
    0x65, 0x6e, 0x20, 0x69, 0x73, 0x20, 0x62, 0x75, 0x69, 0x6c, 0x74, 0x20, 0x66, 0x72, 0x6f, 0x6d,
    0x20, 0x74, 0x68, 0x65, 0x0a, 0x67, 0x66, 0x78, 0x20, 0x70, 0x72, 0x69, 0x6d, 0x69, 0x74, 0x69,
    0x76, 0x65, 0x73, 0x20, 0x69, 0x6e, 0x20, 0x62, 0x6f, 0x6f, 0x74, 0x2f, 0x72, 0x6f, 0x6d, 0x2f,
    0x67, 0x66, 0x78, 0x2e, 0x63, 0x20, 0x61, 0x6e, 0x64, 0x20, 0x71, 0x75, 0x61, 0x6e, 0x74, 0x69,
    0x73, 0x65, 0x64, 0x20, 0x69, 0x6e, 0x74, 0x6f, 0x20, 0x74, 0x68, 0x65, 0x20, 0x41, 0x47, 0x41,
    0x20, 0x70, 0x61, 0x6c, 0x65, 0x74, 0x74, 0x65, 0x0a, 0x62, 0x79, 0x20, 0x61, 0x20, 0x6d, 0x65,
    0x64, 0x69, 0x61, 0x6e, 0x20, 0x63, 0x75, 0x74, 0x20, 0x6f, 0x76, 0x65, 0x72, 0x20, 0x74, 0x68,
    0x65, 0x20, 0x66, 0x69, 0x6e, 0x69, 0x73, 0x68, 0x65, 0x64, 0x20, 0x62, 0x61, 0x63, 0x6b, 0x20,
    0x62, 0x75, 0x66, 0x66, 0x65, 0x72, 0x2e, 0x0a, 0x0a, 0x20, 0x20, 0x73, 0x63, 0x72, 0x65, 0x65,
    0x6e, 0x20, 0x20, 0x20, 0x20, 0x20, 0x20, 0x68, 0x69, 0x72, 0x65, 0x73, 0x20, 0x36, 0x34, 0x30,
    0x78, 0x35, 0x31, 0x32, 0x2c, 0x20, 0x69, 0x6e, 0x74, 0x65, 0x72, 0x6c, 0x61, 0x63, 0x65, 0x64,
    0x2c, 0x20, 0x65, 0x69, 0x67, 0x68, 0x74, 0x20, 0x62, 0x69, 0x74, 0x70, 0x6c, 0x61, 0x6e, 0x65,
    0x73, 0x0a, 0x20, 0x20, 0x63, 0x6f, 0x6c, 0x6f, 0x75, 0x72, 0x73, 0x20, 0x20, 0x20, 0x20, 0x20,
    0x36, 0x34, 0x2c, 0x20, 0x70, 0x72, 0x6f, 0x64, 0x75, 0x63, 0x65, 0x64, 0x20, 0x70, 0x65, 0x72,
    0x20, 0x66, 0x72, 0x61, 0x6d, 0x65, 0x20, 0x72, 0x61, 0x74, 0x68, 0x65, 0x72, 0x20, 0x74, 0x68,
    0x61, 0x6e, 0x20, 0x63, 0x68, 0x6f, 0x73, 0x65, 0x6e, 0x20, 0x62, 0x79, 0x20, 0x68, 0x61, 0x6e,
    0x64, 0x0a, 0x20, 0x20, 0x66, 0x6f, 0x6e, 0x74, 0x20, 0x20, 0x20, 0x20, 0x20, 0x20, 0x20, 0x20,
    0x58, 0x65, 0x6e, 0x2c, 0x20, 0x6e, 0x69, 0x6e, 0x65, 0x20, 0x70, 0x69, 0x78, 0x65, 0x6c, 0x73,
    0x2c, 0x20, 0x61, 0x20, 0x72, 0x65, 0x63, 0x6f, 0x6e, 0x73, 0x74, 0x72, 0x75, 0x63, 0x74, 0x69,
    0x6f, 0x6e, 0x20, 0x6f, 0x66, 0x20, 0x74, 0x68, 0x65, 0x20, 0x41, 0x6d, 0x69, 0x67, 0x61, 0x20,
    0x66, 0x61, 0x63, 0x65, 0x0a, 0x20, 0x20, 0x6c, 0x6f, 0x67, 0x6f, 0x20, 0x20, 0x20, 0x20, 0x20,
    0x20, 0x20, 0x20, 0x76, 0x65, 0x63, 0x74, 0x6f, 0x72, 0x2c, 0x20, 0x64, 0x72, 0x61, 0x77, 0x6e,
    0x20, 0x66, 0x72, 0x6f, 0x6d, 0x20, 0x74, 0x68, 0x65, 0x20, 0x73, 0x61, 0x6d, 0x65, 0x20, 0x70,
    0x72, 0x69, 0x6d, 0x69, 0x74, 0x69, 0x76, 0x65, 0x73, 0x20, 0x61, 0x73, 0x20, 0x74, 0x68, 0x65,
    0x20, 0x69, 0x63, 0x6f, 0x6e, 0x73, 0x0a, 0x0a, 0x57, 0x61, 0x6c, 0x6c, 0x70, 0x61, 0x70, 0x65,
    0x72, 0x20, 0x63, 0x6f, 0x6c, 0x6f, 0x75, 0x72, 0x73, 0x2c, 0x20, 0x74, 0x68, 0x65, 0x20, 0x67,
    0x72, 0x69, 0x64, 0x20, 0x61, 0x6e, 0x64, 0x20, 0x74, 0x68, 0x65, 0x20, 0x68, 0x6f, 0x72, 0x69,
    0x7a, 0x6f, 0x6e, 0x20, 0x67, 0x6c, 0x6f, 0x77, 0x73, 0x20, 0x61, 0x72, 0x65, 0x20, 0x61, 0x6c,
    0x6c, 0x20, 0x70, 0x72, 0x65, 0x66, 0x65, 0x72, 0x65, 0x6e, 0x63, 0x65, 0x0a, 0x76, 0x61, 0x6c,
    0x75, 0x65, 0x73, 0x20, 0x2d, 0x2d, 0x20, 0x73, 0x65, 0x65, 0x20, 0x43, 0x6f, 0x6e, 0x66, 0x69,
    0x67, 0x2f, 0x73, 0x63, 0x72, 0x65, 0x65, 0x6e, 0x2e, 0x63, 0x66, 0x67, 0x2e, 0x0a, 0x00,
};

static const unsigned char d20[] = {
    0x52, 0x49, 0x46, 0x46, 0xde, 0x29, 0x00, 0x00, 0x57, 0x41, 0x56, 0x45, 0x66, 0x6d, 0x74, 0x20,
    0x10, 0x00, 0x00, 0x00, 0x01, 0x00, 0x01, 0x00, 0x40, 0x1f, 0x00, 0x00, 0x40, 0x1f, 0x00, 0x00,
    0x01, 0x00, 0x08, 0x00, 0x64, 0x61, 0x74, 0x61, 0xb9, 0x29, 0x00, 0x00, 0x7f, 0x80, 0x80, 0x80,
    0x80, 0x80, 0x80, 0x80, 0x7f, 0x80, 0x80, 0x80, 0x80, 0x80, 0x80, 0x80, 0x7f, 0x7f, 0x80, 0x80,
    0x7f, 0x81, 0x80, 0x80, 0x81, 0x7f, 0x7f, 0x7f, 0x80, 0x80, 0x7f, 0x7f, 0x80, 0x80, 0x80, 0x80,
    0x80, 0x80, 0x80, 0x80, 0x80, 0x80, 0x80, 0x80, 0x80, 0x80, 0x80, 0x80, 0x80, 0x80, 0x80, 0x80,
    0x7f, 0x80, 0x80, 0x80, 0x80, 0x81, 0x80, 0x80, 0x81, 0x80, 0x80, 0x81, 0x80, 0x80, 0x81, 0x80,
    0x80, 0x80, 0x80, 0x80, 0x80, 0x80, 0x80, 0x80, 0x80, 0x80, 0x80, 0x80, 0x7f, 0x80, 0x7f, 0x80,
    0x80, 0x80, 0x7f, 0x80, 0x80, 0x81, 0x80, 0x81, 0x80, 0x80, 0x80, 0x80, 0x7f, 0x80, 0x7f, 0x80,
    0x80, 0x80, 0x81, 0x80, 0x80, 0x80, 0x80, 0x80, 0x7f, 0x80, 0x81, 0x7f, 0x80, 0x80, 0x7f, 0x80,
    0x80, 0x80, 0x80, 0x7f, 0x80, 0x80, 0x80, 0x80, 0x81, 0x80, 0x80, 0x80, 0x81, 0x81, 0x7f, 0x80,
    0x7f, 0x80, 0x80, 0x7f, 0x80, 0x80, 0x80, 0x81, 0x81, 0x81, 0x80, 0x80, 0x80, 0x80, 0x80, 0x80,
    0x81, 0x80, 0x80, 0x80, 0x80, 0x80, 0x7f, 0x80, 0x80, 0x7f, 0x80, 0x81, 0x81, 0x81, 0x80, 0x7f,
    0x81, 0x7f, 0x80, 0x80, 0x81, 0x80, 0x81, 0x80, 0x80, 0x80, 0x7f, 0x81, 0x80, 0x80, 0x80, 0x81,
    0x80, 0x81, 0x81, 0x80, 0x80, 0x80, 0x80, 0x81, 0x80, 0x7f, 0x80, 0x80, 0x80, 0x80, 0x80, 0x80,
    0x80, 0x7f, 0x80, 0x80, 0x80, 0x81, 0x7f, 0x80, 0x80, 0x80, 0x80, 0x80, 0x80, 0x80, 0x80, 0x80,
    0x80, 0x80, 0x7f, 0x80, 0x81, 0x80, 0x80, 0x81, 0x80, 0x81, 0x80, 0x80, 0x81, 0x7f, 0x80, 0x80,
    0x80, 0x80, 0x80, 0x7f, 0x80, 0x80, 0x80, 0x80, 0x80, 0x80, 0x80, 0x80, 0x80, 0x80, 0x80, 0x80,
    0x7f, 0x80, 0x7f, 0x80, 0x80, 0x80, 0x81, 0x7f, 0x80, 0x7f, 0x80, 0x80, 0x80, 0x80, 0x80, 0x80,
    0x80, 0x80, 0x81, 0x80, 0x80, 0x80, 0x80, 0x80, 0x80, 0x80, 0x80, 0x80, 0x80, 0x81, 0x80, 0x80,
    0x80, 0x80, 0x7f, 0x81, 0x80, 0x7f, 0x7f, 0x80, 0x80, 0x80, 0x7f, 0x80, 0x80, 0x80, 0x80, 0x80,
    0x80, 0x80, 0x80, 0x80, 0x80, 0x80, 0x80, 0x80, 0x80, 0x80, 0x80, 0x80, 0x80, 0x80, 0x80, 0x80,
    0x80, 0x80, 0x80, 0x80, 0x80, 0x80, 0x80, 0x80, 0x80, 0x80, 0x80, 0x81, 0x80, 0x7f, 0x80, 0x80,
    0x80, 0x80, 0x80, 0x80, 0x7f, 0x80, 0x80, 0x80, 0x80, 0x80, 0x81, 0x81, 0x7f, 0x80, 0x81, 0x7f,
    0x7f, 0x80, 0x80, 0x80, 0x80, 0x80, 0x80, 0x80, 0x7f, 0x80, 0x80, 0x80, 0x81, 0x80, 0x80, 0x80,
    0x80, 0x7f, 0x80, 0x80, 0x7f, 0x80, 0x80, 0x81, 0x80, 0x80, 0x80, 0x80, 0x7f, 0x80, 0x80, 0x80,
    0x80, 0x80, 0x7f, 0x80, 0x80, 0x80, 0x80, 0x80, 0x80, 0x80, 0x81, 0x80, 0x7f, 0x80, 0x80, 0x80,
    0x80, 0x7f, 0x81, 0x80, 0x80, 0x81, 0x80, 0x7f, 0x80, 0x7f, 0x81, 0x80, 0x81, 0x80, 0x80, 0x80,
    0x81, 0x81, 0x80, 0x80, 0x80, 0x80, 0x81, 0x7f, 0x80, 0x80, 0x80, 0x81, 0x80, 0x80, 0x80, 0x80,
    0x80, 0x80, 0x80, 0x81, 0x80, 0x80, 0x80, 0x7f, 0x80, 0x7f, 0x7f, 0x80, 0x80, 0x7f, 0x81, 0x80,
    0x80, 0x7f, 0x80, 0x7f, 0x81, 0x80, 0x7f, 0x81, 0x81, 0x7f, 0x80, 0x80, 0x7f, 0x80, 0x80, 0x80,
    0x81, 0x80, 0x80, 0x80, 0x80, 0x80, 0x80, 0x81, 0x81, 0x80, 0x80, 0x80, 0x81, 0x80, 0x80, 0x80,
    0x80, 0x80, 0x80, 0x80, 0x81, 0x80, 0x7f, 0x80, 0x80, 0x80, 0x80, 0x80, 0x7f, 0x80, 0x80, 0x80,
    0x80, 0x80, 0x80, 0x80, 0x80, 0x80, 0x80, 0x80, 0x80, 0x80, 0x80, 0x80, 0x7f, 0x80, 0x80, 0x80,
    0x80, 0x80, 0x80, 0x7f, 0x80, 0x81, 0x80, 0x81, 0x80, 0x7f, 0x80, 0x80, 0x80, 0x7f, 0x80, 0x80,
    0x80, 0x80, 0x80, 0x80, 0x81, 0x81, 0x80, 0x80, 0x80, 0x80, 0x81, 0x81, 0x80, 0x80, 0x80, 0x80,
    0x80, 0x80, 0x81, 0x81, 0x81, 0x80, 0x80, 0x81, 0x80, 0x7f, 0x80, 0x80, 0x81, 0x80, 0x80, 0x7f,
    0x80, 0x81, 0x80, 0x80, 0x7f, 0x80, 0x80, 0x80, 0x80, 0x80, 0x7f, 0x81, 0x80, 0x7f, 0x7f, 0x7f,
    0x80, 0x80, 0x80, 0x80, 0x80, 0x7f, 0x7f, 0x80, 0x80, 0x7f, 0x81, 0x80, 0x80, 0x80, 0x80, 0x80,
    0x80, 0x80, 0x80, 0x80, 0x80, 0x80, 0x81, 0x81, 0x80, 0x80, 0x81, 0x80, 0x80, 0x81, 0x80, 0x80,
    0x80, 0x80, 0x80, 0x7f, 0x80, 0x80, 0x7f, 0x80, 0x80, 0x80, 0x80, 0x80, 0x80, 0x80, 0x80, 0x80,
    0x80, 0x81, 0x80, 0x81, 0x81, 0x81, 0x81, 0x80, 0x81, 0x81, 0x81, 0x81, 0x81, 0x80, 0x81, 0x81,
    0x81, 0x81, 0x81, 0x80, 0x80, 0x80, 0x80, 0x7f, 0x7f, 0x7f, 0x7f, 0x7f, 0x80, 0x7f, 0x7e, 0x7e,
    0x7e, 0x7e, 0x7d, 0x7e, 0x7c, 0x7c, 0x7d, 0x7d, 0x7c, 0x7e, 0x7e, 0x7d, 0x7e, 0x7e, 0x7e, 0x7e,
    0x7f, 0x7e, 0x80, 0x80, 0x7f, 0x80, 0x81, 0x81, 0x82, 0x81, 0x82, 0x83, 0x83, 0x85, 0x84, 0x84,
    0x85, 0x85, 0x85, 0x84, 0x84, 0x84, 0x83, 0x82, 0x82, 0x81, 0x82, 0x80, 0x7f, 0x7f, 0x7e, 0x7f,
    0x7d, 0x7d, 0x7d, 0x7d, 0x7b, 0x7a, 0x79, 0x78, 0x76, 0x75, 0x74, 0x73, 0x73, 0x74, 0x75, 0x77,
    0x7a, 0x7e, 0x81, 0x83, 0x86, 0x87, 0x89, 0x8a, 0x8a, 0x89, 0x88, 0x88, 0x86, 0x85, 0x83, 0x81,
    0x81, 0x80, 0x80, 0x80, 0x81, 0x80, 0x81, 0x81, 0x82, 0x83, 0x84, 0x85, 0x86, 0x87, 0x87, 0x88,
    0x89, 0x88, 0x88, 0x87, 0x85, 0x84, 0x82, 0x80, 0x7e, 0x7d, 0x7b, 0x7b, 0x7a, 0x79, 0x79, 0x77,
    0x76, 0x74, 0x72, 0x71, 0x6f, 0x6d, 0x6c, 0x6b, 0x6d, 0x6f, 0x72, 0x77, 0x7c, 0x80, 0x83, 0x86,
    0x89, 0x8b, 0x8b, 0x8c, 0x8b, 0x89, 0x88, 0x86, 0x85, 0x84, 0x83, 0x82, 0x81, 0x80, 0x7f, 0x7f,
    0x7d, 0x7d, 0x7d, 0x7e, 0x7f, 0x81, 0x82, 0x84, 0x85, 0x86, 0x87, 0x89, 0x89, 0x89, 0x89, 0x89,
    0x88, 0x87, 0x87, 0x86, 0x85, 0x83, 0x80, 0x7d, 0x7b, 0x79, 0x77, 0x74, 0x74, 0x73, 0x74, 0x75,
    0x75, 0x77, 0x77, 0x77, 0x78, 0x77, 0x77, 0x76, 0x77, 0x76, 0x79, 0x7b, 0x7e, 0x82, 0x85, 0x88,
    0x8b, 0x8d, 0x8d, 0x8c, 0x8b, 0x8a, 0x87, 0x85, 0x83, 0x82, 0x81, 0x80, 0x7f, 0x7f, 0x80, 0x7f,
    0x7f, 0x7d, 0x7c, 0x7c, 0x7c, 0x7d, 0x7e, 0x80, 0x82, 0x86, 0x88, 0x8a, 0x8c, 0x8c, 0x8b, 0x8a,
    0x86, 0x84, 0x81, 0x80, 0x7e, 0x80, 0x7f, 0x7f, 0x7e, 0x7f, 0x7e, 0x7f, 0x7f, 0x7e, 0x7d, 0x7c,
    0x7a, 0x79, 0x78, 0x77, 0x75, 0x75, 0x76, 0x75, 0x75, 0x74, 0x75, 0x77, 0x78, 0x79, 0x7b, 0x7d,
    0x80, 0x82, 0x84, 0x86, 0x89, 0x89, 0x89, 0x89, 0x88, 0x88, 0x87, 0x86, 0x85, 0x83, 0x82, 0x82,
    0x81, 0x81, 0x81, 0x81, 0x7f, 0x7f, 0x7f, 0x7e, 0x7f, 0x7f, 0x81, 0x83, 0x85, 0x86, 0x88, 0x88,
    0x88, 0x89, 0x86, 0x85, 0x82, 0x81, 0x81, 0x81, 0x82, 0x81, 0x81, 0x80, 0x80, 0x7f, 0x7f, 0x7f,
    0x7e, 0x7c, 0x7c, 0x7b, 0x79, 0x78, 0x77, 0x74, 0x73, 0x71, 0x6f, 0x6f, 0x70, 0x72, 0x74, 0x78,
    0x7b, 0x7f, 0x80, 0x82, 0x85, 0x87, 0x88, 0x89, 0x8a, 0x8a, 0x8b, 0x8b, 0x89, 0x8a, 0x88, 0x88,
    0x88, 0x87, 0x86, 0x85, 0x84, 0x83, 0x82, 0x81, 0x82, 0x80, 0x7f, 0x7d, 0x7c, 0x7c, 0x7b, 0x79,
    0x79, 0x78, 0x7a, 0x79, 0x7c, 0x7e, 0x80, 0x82, 0x83, 0x84, 0x84, 0x83, 0x83, 0x83, 0x82, 0x82,
    0x82, 0x81, 0x81, 0x81, 0x81, 0x81, 0x7f, 0x7f, 0x7f, 0x7d, 0x7d, 0x7c, 0x7d, 0x7b, 0x7a, 0x79,
    0x79, 0x79, 0x78, 0x77, 0x77, 0x77, 0x77, 0x79, 0x7a, 0x7c, 0x7e, 0x7f, 0x82, 0x82, 0x84, 0x86,
    0x87, 0x87, 0x88, 0x89, 0x8a, 0x8a, 0x89, 0x8a, 0x8a, 0x89, 0x88, 0x88, 0x87, 0x86, 0x84, 0x84,
    0x84, 0x83, 0x81, 0x81, 0x82, 0x82, 0x80, 0x80, 0x7f, 0x7e, 0x7e, 0x7d, 0x7d, 0x7d, 0x7d, 0x7c,
    0x7b, 0x7a, 0x78, 0x76, 0x74, 0x72, 0x71, 0x6f, 0x6e, 0x6d, 0x70, 0x72, 0x75, 0x79, 0x7d, 0x82,
    0x85, 0x87, 0x89, 0x8a, 0x88, 0x88, 0x86, 0x86, 0x85, 0x86, 0x88, 0x8a, 0x8b, 0x8c, 0x8a, 0x88,
    0x87, 0x85, 0x84, 0x82, 0x81, 0x81, 0x81, 0x81, 0x83, 0x83, 0x83, 0x83, 0x84, 0x83, 0x81, 0x81,
    0x7f, 0x7d, 0x7d, 0x7c, 0x7d, 0x7e, 0x81, 0x82, 0x81, 0x80, 0x81, 0x80, 0x80, 0x7f, 0x7f, 0x7f,
    0x7d, 0x7b, 0x79, 0x76, 0x74, 0x71, 0x6e, 0x6c, 0x6a, 0x6b, 0x6e, 0x72, 0x79, 0x7f, 0x86, 0x8a,
    0x8d, 0x8e, 0x8e, 0x8c, 0x8a, 0x88, 0x87, 0x86, 0x88, 0x89, 0x89, 0x87, 0x84, 0x7f, 0x7a, 0x77,
    0x77, 0x78, 0x7d, 0x81, 0x87, 0x8b, 0x8e, 0x90, 0x90, 0x8f, 0x8e, 0x8d, 0x8c, 0x8c, 0x8b, 0x89,
    0x85, 0x7e, 0x77, 0x74, 0x74, 0x78, 0x7e, 0x84, 0x88, 0x87, 0x84, 0x81, 0x7d, 0x7a, 0x75, 0x71,
    0x6f, 0x6b, 0x69, 0x67, 0x64, 0x63, 0x63, 0x65, 0x6a, 0x72, 0x7c, 0x86, 0x8e, 0x95, 0x98, 0x97,
    0x95, 0x93, 0x91, 0x90, 0x8f, 0x8e, 0x8b, 0x86, 0x80, 0x79, 0x71, 0x6d, 0x6c, 0x6c, 0x72, 0x79,
    0x81, 0x86, 0x8b, 0x8d, 0x8f, 0x92, 0x98, 0x9f, 0xa5, 0xa8, 0xa6, 0x9d, 0x8f, 0x80, 0x74, 0x6f,
    0x72, 0x78, 0x7f, 0x82, 0x7f, 0x79, 0x74, 0x72, 0x74, 0x78, 0x7b, 0x7b, 0x75, 0x6c, 0x60, 0x54,
    0x4e, 0x4d, 0x53, 0x61, 0x71, 0x7f, 0x8b, 0x94, 0x97, 0x98, 0x9b, 0x9d, 0xa1, 0xa4, 0xa4, 0x9e,
    0x94, 0x85, 0x74, 0x63, 0x58, 0x53, 0x55, 0x60, 0x6d, 0x7b, 0x88, 0x91, 0x95, 0x97, 0x98, 0x9b,
    0xa0, 0xac, 0xb3, 0xb5, 0xb2, 0xa3, 0x8d, 0x77, 0x69, 0x64, 0x6b, 0x78, 0x84, 0x8b, 0x89, 0x7e,
    0x74, 0x6c, 0x69, 0x6b, 0x71, 0x75, 0x72, 0x66, 0x56, 0x46, 0x3c, 0x3e, 0x4a, 0x62, 0x80, 0x96,
    0xa7, 0xaa, 0xa9, 0xa5, 0xa4, 0xad, 0xb0, 0xb1, 0xa6, 0x8d, 0x72, 0x55, 0x48, 0x46, 0x54, 0x6c,
    0x7b, 0x89, 0x8a, 0x89, 0x8c, 0x93, 0xa7, 0xb3, 0xbd, 0xb3, 0x9e, 0x86, 0x73, 0x70, 0x74, 0x7f,
    0x84, 0x80, 0x7a, 0x72, 0x75, 0x83, 0x96, 0xa5, 0xa5, 0x9a, 0x83, 0x6f, 0x63, 0x62, 0x68, 0x69,
    0x60, 0x4e, 0x38, 0x27, 0x26, 0x36, 0x58, 0x82, 0xa6, 0xb9, 0xba, 0xb2, 0xa8, 0xa7, 0xa9, 0xa9,
    0xa0, 0x8b, 0x6a, 0x4d, 0x40, 0x45, 0x59, 0x75, 0x8a, 0x91, 0x91, 0x92, 0x98, 0xa5, 0xb4, 0xb8,
    0xab, 0x93, 0x78, 0x60, 0x59, 0x69, 0x7b, 0x87, 0x92, 0x8d, 0x89, 0x91, 0x9e, 0xa9, 0xac, 0xa5,
    0x8e, 0x7e, 0x76, 0x74, 0x77, 0x73, 0x67, 0x53, 0x46, 0x47, 0x4b, 0x55, 0x5b, 0x53, 0x3d, 0x47,
    0x6c, 0x8d, 0xbe, 0xcf, 0xca, 0xaf, 0xa0, 0xa4, 0x99, 0x9d, 0x87, 0x5f, 0x3c, 0x2c, 0x43, 0x5b,
    0x82, 0x9b, 0x9a, 0x9d, 0xa4, 0xb8, 0xc3, 0xc5, 0xb5, 0x83, 0x61, 0x49, 0x46, 0x52, 0x5c, 0x6d,
    0x6f, 0x82, 0xa2, 0xbf, 0xd4, 0xce, 0xb8, 0x9b, 0x89, 0x8b, 0x8a, 0x88, 0x73, 0x5e, 0x4f, 0x4c,
    0x56, 0x60, 0x67, 0x67, 0x65, 0x65, 0x66, 0x64, 0x5a, 0x4d, 0x4c, 0x6c, 0x98, 0xb1, 0xbb, 0xb3,
    0x97, 0x87, 0x8f, 0x9b, 0x93, 0x7e, 0x60, 0x40, 0x40, 0x66, 0x88, 0x9d, 0xa2, 0x9e, 0x93, 0x9e,
    0xb4, 0xb1, 0xa2, 0x86, 0x64, 0x4e, 0x50, 0x65, 0x6c, 0x73, 0x75, 0x7b, 0x97, 0xb8, 0xd2, 0xcd,
    0xb5, 0x97, 0x7b, 0x77, 0x7d, 0x81, 0x7e, 0x74, 0x6f, 0x6c, 0x76, 0x79, 0x77, 0x70, 0x63, 0x5c,
    0x58, 0x54, 0x4a, 0x41, 0x34, 0x45, 0x78, 0xad, 0xc8, 0xc9, 0xbb, 0x9e, 0x95, 0x9c, 0x93, 0x77,
    0x58, 0x42, 0x38, 0x53, 0x7b, 0x93, 0x9a, 0xa2, 0xa6, 0xa7, 0xb8, 0xb4, 0x9d, 0x7a, 0x60, 0x4e,
    0x4f, 0x65, 0x6e, 0x74, 0x7d, 0x8d, 0xa1, 0xbf, 0xd0, 0xc0, 0xa3, 0x8a, 0x77, 0x76, 0x80, 0x80,
    0x76, 0x71, 0x72, 0x78, 0x82, 0x80, 0x74, 0x67, 0x63, 0x60, 0x5e, 0x55, 0x3e, 0x2d, 0x32, 0x65,
    0xa7, 0xc4, 0xc8, 0xb7, 0x99, 0x8f, 0x99, 0x99, 0x7d, 0x5e, 0x42, 0x35, 0x50, 0x7c, 0x9a, 0xa1,
    0xa4, 0xa3, 0xa5, 0xb3, 0xb5, 0x9a, 0x77, 0x59, 0x48, 0x50, 0x67, 0x79, 0x78, 0x80, 0x8d, 0x9a,
    0xb2, 0xcb, 0xc8, 0xaa, 0x91, 0x7a, 0x6f, 0x74, 0x79, 0x72, 0x6f, 0x75, 0x7b, 0x84, 0x85, 0x79,
    0x6a, 0x63, 0x60, 0x59, 0x50, 0x42, 0x2f, 0x3d, 0x6a, 0xa9, 0xcc, 0xcf, 0xbd, 0x97, 0x8e, 0x8d,
    0x8c, 0x79, 0x55, 0x40, 0x2f, 0x54, 0x80, 0xa4, 0xb7, 0xaf, 0xa9, 0x9f, 0xae, 0xa7, 0x90, 0x71,
    0x50, 0x45, 0x4e, 0x6f, 0x80, 0x8b, 0x92, 0x90, 0x9b, 0xac, 0xbb, 0xb6, 0xa7, 0x90, 0x77, 0x76,
    0x7b, 0x7e, 0x7b, 0x77, 0x74, 0x77, 0x7f, 0x7b, 0x76, 0x6b, 0x5d, 0x52, 0x4b, 0x46, 0x3e, 0x3c,
    0x4e, 0x8c, 0xbe, 0xd2, 0xd4, 0xac, 0x8b, 0x82, 0x88, 0x84, 0x6b, 0x51, 0x31, 0x34, 0x60, 0x95,
    0xb4, 0xbb, 0xb3, 0x9f, 0x9e, 0xa8, 0xa4, 0x87, 0x64, 0x42, 0x35, 0x4d, 0x6f, 0x8b, 0x98, 0x9f,
    0x9a, 0xa0, 0xb3, 0xc0, 0xb7, 0xa5, 0x87, 0x6b, 0x6d, 0x76, 0x7f, 0x82, 0x7d, 0x72, 0x72, 0x7a,
    0x7d, 0x7b, 0x74, 0x63, 0x55, 0x49, 0x41, 0x3a, 0x3a, 0x57, 0x8c, 0xc0, 0xd2, 0xcd, 0xaf, 0x86,
    0x7a, 0x7a, 0x7d, 0x70, 0x5b, 0x44, 0x40, 0x63, 0x90, 0xb4, 0xbe, 0xb7, 0x9f, 0x91, 0x95, 0x8a,
    0x80, 0x69, 0x54, 0x46, 0x56, 0x76, 0x90, 0xa6, 0xa6, 0xa0, 0x97, 0x9d, 0xa7, 0xa4, 0x97, 0x7e,
    0x71, 0x73, 0x83, 0x8f, 0x8c, 0x83, 0x72, 0x6f, 0x73, 0x7b, 0x7c, 0x71, 0x61, 0x4c, 0x43, 0x41,
    0x41, 0x48, 0x68, 0x95, 0xb5, 0xc8, 0xc5, 0xaa, 0x89, 0x7d, 0x76, 0x72, 0x67, 0x56, 0x44, 0x4a,
    0x70, 0x96, 0xb9, 0xc1, 0xb1, 0x9b, 0x8b, 0x8c, 0x87, 0x81, 0x6b, 0x52, 0x4b, 0x59, 0x79, 0x95,
    0xaa, 0xa9, 0x98, 0x92, 0x8f, 0x97, 0x9f, 0x9e, 0x8f, 0x81, 0x7b, 0x7d, 0x89, 0x91, 0x8d, 0x82,
    0x77, 0x71, 0x73, 0x74, 0x6e, 0x61, 0x4f, 0x3c, 0x2e, 0x29, 0x45, 0x72, 0xab, 0xcf, 0xd3, 0xc4,
    0x9d, 0x8b, 0x80, 0x82, 0x7c, 0x62, 0x49, 0x31, 0x40, 0x66, 0x96, 0xb9, 0xc0, 0xb3, 0x9b, 0x92,
    0x95, 0x95, 0x90, 0x77, 0x59, 0x46, 0x4c, 0x69, 0x86, 0x9f, 0x9e, 0x92, 0x86, 0x88, 0x97, 0xa8,
    0xaa, 0x9b, 0x86, 0x78, 0x7b, 0x8b, 0x95, 0x96, 0x89, 0x79, 0x6e, 0x6b, 0x70, 0x73, 0x70, 0x62,
    0x4f, 0x3c, 0x2f, 0x31, 0x46, 0x72, 0xa8, 0xc3, 0xce, 0xc2, 0xa9, 0x97, 0x8d, 0x8d, 0x7c, 0x6b,
    0x52, 0x3c, 0x40, 0x58, 0x7c, 0x9e, 0xb2, 0xb5, 0xa6, 0x9d, 0x96, 0x93, 0x91, 0x86, 0x72, 0x5c,
    0x53, 0x56, 0x68, 0x80, 0x90, 0x95, 0x93, 0x96, 0x9b, 0xa4, 0xad, 0xa4, 0x95, 0x83, 0x75, 0x73,
    0x7d, 0x87, 0x8c, 0x8a, 0x7d, 0x71, 0x6b, 0x68, 0x69, 0x6c, 0x68, 0x5c, 0x4c, 0x3e, 0x39, 0x4e,
    0x71, 0x9f, 0xbb, 0xc6, 0xbe, 0xa2, 0x8f, 0x83, 0x80, 0x7e, 0x74, 0x63, 0x4d, 0x48, 0x52, 0x6c,
    0x90, 0xaa, 0xba, 0xb5, 0xaa, 0x98, 0x8c, 0x86, 0x7f, 0x79, 0x6c, 0x62, 0x59, 0x5b, 0x68, 0x7b,
    0x90, 0xa5, 0xb2, 0xb2, 0xad, 0xa1, 0x93, 0x8a, 0x85, 0x80, 0x7f, 0x7e, 0x7d, 0x7b, 0x77, 0x71,
    0x6d, 0x68, 0x68, 0x66, 0x66, 0x64, 0x5c, 0x54, 0x4f, 0x57, 0x68, 0x88, 0xa3, 0xb5, 0xb8, 0xaa,
    0x9a, 0x89, 0x83, 0x7c, 0x77, 0x71, 0x63, 0x5d, 0x5a, 0x64, 0x74, 0x89, 0x9e, 0xa4, 0xa6, 0x9f,
    0x97, 0x8c, 0x88, 0x81, 0x7a, 0x76, 0x6c, 0x67, 0x66, 0x68, 0x72, 0x80, 0x95, 0xa7, 0xb0, 0xb0,
    0xa5, 0x97, 0x89, 0x81, 0x7f, 0x80, 0x82, 0x7f, 0x7a, 0x70, 0x6c, 0x67, 0x6c, 0x71, 0x75, 0x78,
    0x71, 0x69, 0x5d, 0x53, 0x52, 0x5e, 0x6f, 0x82, 0x97, 0xa2, 0xa0, 0x9e, 0x97, 0x90, 0x8f, 0x8d,
    0x89, 0x82, 0x78, 0x6a, 0x63, 0x63, 0x68, 0x75, 0x81, 0x8c, 0x90, 0x93, 0x90, 0x8d, 0x8d, 0x8c,
    0x8b, 0x88, 0x81, 0x77, 0x6f, 0x6a, 0x6c, 0x77, 0x86, 0x97, 0xa3, 0xa5, 0xa0, 0x96, 0x8e, 0x87,
    0x88, 0x89, 0x8b, 0x87, 0x7f, 0x77, 0x6f, 0x6d, 0x70, 0x77, 0x7f, 0x82, 0x82, 0x7d, 0x76, 0x6f,
    0x6a, 0x68, 0x65, 0x65, 0x66, 0x67, 0x6d, 0x78, 0x80, 0x8b, 0x92, 0x94, 0x91, 0x8d, 0x89, 0x84,
    0x83, 0x81, 0x82, 0x80, 0x7d, 0x79, 0x77, 0x76, 0x75, 0x79, 0x7d, 0x82, 0x84, 0x86, 0x87, 0x87,
    0x86, 0x87, 0x88, 0x89, 0x8c, 0x8e, 0x91, 0x91, 0x90, 0x8e, 0x89, 0x84, 0x7f, 0x7c, 0x7c, 0x7e,
    0x80, 0x80, 0x7f, 0x7a, 0x75, 0x73, 0x72, 0x74, 0x77, 0x7b, 0x7e, 0x80, 0x80, 0x7d, 0x7b, 0x79,
    0x78, 0x79, 0x7b, 0x7d, 0x7e, 0x7f, 0x7e, 0x7b, 0x7a, 0x77, 0x79, 0x7c, 0x83, 0x88, 0x8d, 0x8e,
    0x8c, 0x89, 0x83, 0x7f, 0x7c, 0x7e, 0x80, 0x83, 0x84, 0x84, 0x82, 0x7f, 0x7e, 0x7d, 0x7f, 0x82,
    0x84, 0x86, 0x86, 0x85, 0x84, 0x81, 0x7f, 0x7e, 0x7e, 0x7f, 0x81, 0x81, 0x82, 0x82, 0x81, 0x80,
    0x80, 0x7e, 0x7f, 0x7f, 0x7f, 0x7f, 0x7f, 0x7f, 0x7f, 0x7e, 0x7c, 0x7c, 0x7e, 0x7e, 0x7e, 0x80,
    0x7f, 0x7f, 0x7e, 0x7e, 0x7e, 0x7e, 0x80, 0x7f, 0x80, 0x80, 0x80, 0x7f, 0x7e, 0x7d, 0x7d, 0x7e,
    0x7e, 0x7f, 0x80, 0x80, 0x80, 0x80, 0x7f, 0x7f, 0x81, 0x82, 0x82, 0x84, 0x84, 0x83, 0x82, 0x80,
    0x81, 0x80, 0x80, 0x80, 0x81, 0x83, 0x83, 0x83, 0x82, 0x82, 0x81, 0x80, 0x81, 0x81, 0x82, 0x82,
    0x82, 0x82, 0x81, 0x80, 0x80, 0x80, 0x81, 0x81, 0x81, 0x80, 0x80, 0x7f, 0x7f, 0x7f, 0x7f, 0x7e,
    0x7f, 0x7f, 0x7f, 0x7e, 0x7e, 0x7d, 0x7e, 0x7e, 0x7e, 0x7e, 0x7f, 0x7e, 0x7e, 0x7f, 0x7e, 0x7f,
    0x7e, 0x7f, 0x7f, 0x7f, 0x7f, 0x80, 0x80, 0x7f, 0x80, 0x80, 0x80, 0x81, 0x81, 0x81, 0x80, 0x7f,
    0x80, 0x81, 0x80, 0x81, 0x80, 0x80, 0x80, 0x7f, 0x7f, 0x81, 0x80, 0x80, 0x81, 0x80, 0x80, 0x80,
    0x80, 0x80, 0x81, 0x7f, 0x80, 0x83, 0x82, 0x80, 0x7e, 0x7c, 0x7d, 0x81, 0x84, 0x86, 0x84, 0x80,
    0x7d, 0x7d, 0x7d, 0x80, 0x83, 0x84, 0x83, 0x81, 0x7f, 0x7f, 0x7f, 0x81, 0x83, 0x82, 0x82, 0x81,
    0x80, 0x7f, 0x7f, 0x80, 0x80, 0x80, 0x81, 0x81, 0x80, 0x80, 0x7f, 0x7f, 0x7e, 0x7f, 0x80, 0x80,
    0x81, 0x7f, 0x7f, 0x7f, 0x7f, 0x7f, 0x7f, 0x80, 0x7f, 0x80, 0x7f, 0x80, 0x7f, 0x7f, 0x7f, 0x7f,
    0x7f, 0x7e, 0x7f, 0x7f, 0x80, 0x80, 0x7f, 0x81, 0x80, 0x7f, 0x81, 0x80, 0x81, 0x81, 0x80, 0x80,
    0x80, 0x80, 0x80, 0x80, 0x7f, 0x7f, 0x7f, 0x7e, 0x7e, 0x7f, 0x80, 0x80, 0x81, 0x81, 0x7f, 0x7e,
    0x80, 0x82, 0x83, 0x81, 0x7f, 0x7e, 0x7e, 0x80, 0x83, 0x83, 0x82, 0x7f, 0x7d, 0x7e, 0x7f, 0x81,
    0x83, 0x82, 0x80, 0x80, 0x7f, 0x80, 0x81, 0x81, 0x81, 0x81, 0x80, 0x80, 0x81, 0x81, 0x81, 0x80,
    0x7f, 0x7f, 0x7f, 0x7f, 0x80, 0x80, 0x80, 0x7e, 0x7f, 0x7e, 0x80, 0x80, 0x81, 0x82, 0x7f, 0x7f,
    0x84, 0x8a, 0x88, 0x81, 0x79, 0x78, 0x7d, 0x82, 0x88, 0x87, 0x80, 0x7b, 0x7a, 0x7e, 0x84, 0x84,
    0x81, 0x7e, 0x7b, 0x7c, 0x7f, 0x81, 0x81, 0x81, 0x7e, 0x7e, 0x7e, 0x7f, 0x7f, 0x80, 0x7f, 0x7f,
    0x7f, 0x80, 0x80, 0x80, 0x81, 0x81, 0x81, 0x81, 0x80, 0x7f, 0x7e, 0x80, 0x81, 0x82, 0x80, 0x7f,
    0x7e, 0x80, 0x82, 0x84, 0x81, 0x7f, 0x7f, 0x81, 0x82, 0x83, 0x82, 0x7e, 0x7d, 0x80, 0x83, 0x82,
    0x7f, 0x7e, 0x80, 0x82, 0x82, 0x81, 0x7f, 0x7f, 0x80, 0x7f, 0x7d, 0x7e, 0x81, 0x81, 0x81, 0x7e,
    0x7e, 0x7f, 0x7d, 0x7f, 0x7f, 0x82, 0x82, 0x86, 0x88, 0x7f, 0x78, 0x7a, 0x85, 0x8b, 0x86, 0x7c,
    0x78, 0x7c, 0x83, 0x84, 0x82, 0x81, 0x7f, 0x7f, 0x81, 0x7f, 0x7f, 0x80, 0x80, 0x80, 0x7f, 0x80,
    0x82, 0x81, 0x7e, 0x7d, 0x7f, 0x82, 0x82, 0x7e, 0x7c, 0x7d, 0x80, 0x81, 0x7e, 0x7c, 0x7f, 0x81,
    0x80, 0x7e, 0x7e, 0x81, 0x81, 0x80, 0x7e, 0x7e, 0x82, 0x82, 0x80, 0x80, 0x80, 0x81, 0x7f, 0x7f,
    0x80, 0x81, 0x82, 0x82, 0x82, 0x82, 0x83, 0x85, 0x83, 0x81, 0x7e, 0x7e, 0x80, 0x81, 0x81, 0x82,
    0x80, 0x7d, 0x7b, 0x7e, 0x83, 0x83, 0x7d, 0x7f, 0x80, 0x7e, 0x7a, 0x7a, 0x85, 0x89, 0x85, 0x7f,
    0x7d, 0x81, 0x81, 0x7f, 0x7f, 0x81, 0x82, 0x81, 0x7d, 0x7c, 0x80, 0x84, 0x80, 0x7e, 0x7d, 0x81,
    0x84, 0x7f, 0x7b, 0x80, 0x85, 0x84, 0x80, 0x7d, 0x80, 0x81, 0x84, 0x82, 0x81, 0x82, 0x81, 0x80,
    0x7f, 0x7f, 0x81, 0x7f, 0x7c, 0x7c, 0x7e, 0x82, 0x82, 0x80, 0x7d, 0x7f, 0x81, 0x7e, 0x7e, 0x80,
    0x81, 0x7f, 0x7c, 0x7b, 0x7e, 0x7e, 0x7c, 0x7e, 0x80, 0x7f, 0x7f, 0x80, 0x87, 0x87, 0x83, 0x81,
    0x82, 0x85, 0x82, 0x80, 0x80, 0x82, 0x7f, 0x7f, 0x7f, 0x7f, 0x81, 0x81, 0x80, 0x80, 0x84, 0x85,
    0x7f, 0x7d, 0x82, 0x85, 0x7f, 0x7c, 0x7f, 0x81, 0x7e, 0x78, 0x7f, 0x83, 0x7f, 0x7b, 0x7e, 0x84,
    0x83, 0x7d, 0x7e, 0x84, 0x82, 0x7e, 0x7e, 0x81, 0x82, 0x7e, 0x7c, 0x81, 0x80, 0x7f, 0x7f, 0x84,
    0x85, 0x82, 0x82, 0x84, 0x81, 0x7f, 0x80, 0x82, 0x81, 0x7f, 0x7d, 0x7f, 0x7f, 0x7f, 0x80, 0x81,
    0x80, 0x80, 0x81, 0x83, 0x82, 0x82, 0x82, 0x81, 0x80, 0x7f, 0x7e, 0x7b, 0x7e, 0x7f, 0x7d, 0x7e,
    0x80, 0x82, 0x80, 0x7f, 0x82, 0x83, 0x80, 0x80, 0x7f, 0x81, 0x7e, 0x7d, 0x7d, 0x7d, 0x7d, 0x7c,
    0x7f, 0x80, 0x7f, 0x80, 0x81, 0x7e, 0x7c, 0x81, 0x84, 0x81, 0x7f, 0x82, 0x82, 0x7f, 0x7e, 0x81,
    0x83, 0x7f, 0x7e, 0x81, 0x83, 0x83, 0x7f, 0x80, 0x81, 0x84, 0x81, 0x7f, 0x84, 0x84, 0x7f, 0x80,
    0x85, 0x83, 0x7e, 0x7f, 0x81, 0x81, 0x7e, 0x7e, 0x82, 0x81, 0x7f, 0x7f, 0x82, 0x82, 0x80, 0x7e,
    0x81, 0x82, 0x7f, 0x7e, 0x80, 0x81, 0x7f, 0x7c, 0x7d, 0x81, 0x7f, 0x7e, 0x81, 0x81, 0x80, 0x7f,
    0x82, 0x81, 0x7e, 0x80, 0x80, 0x7f, 0x7b, 0x7e, 0x7e, 0x7b, 0x7e, 0x80, 0x7f, 0x7d, 0x7e, 0x7f,
    0x7e, 0x7c, 0x7c, 0x7e, 0x7f, 0x7d, 0x7c, 0x80, 0x82, 0x81, 0x7e, 0x83, 0x85, 0x84, 0x83, 0x84,
    0x86, 0x85, 0x85, 0x85, 0x85, 0x87, 0x86, 0x85, 0x86, 0x86, 0x86, 0x84, 0x85, 0x85, 0x87, 0x85,
    0x84, 0x85, 0x86, 0x84, 0x83, 0x83, 0x81, 0x80, 0x7e, 0x7e, 0x7e, 0x7b, 0x7a, 0x7b, 0x79, 0x77,
    0x78, 0x79, 0x79, 0x78, 0x75, 0x77, 0x78, 0x74, 0x72, 0x73, 0x74, 0x72, 0x71, 0x73, 0x76, 0x77,
    0x76, 0x79, 0x7e, 0x80, 0x80, 0x80, 0x84, 0x85, 0x84, 0x85, 0x87, 0x88, 0x86, 0x85, 0x87, 0x86,
    0x87, 0x87, 0x88, 0x8a, 0x8b, 0x8a, 0x8a, 0x8d, 0x8c, 0x8c, 0x8d, 0x8d, 0x8c, 0x8b, 0x89, 0x88,
    0x88, 0x87, 0x85, 0x86, 0x85, 0x84, 0x84, 0x82, 0x81, 0x81, 0x80, 0x7e, 0x7e, 0x7c, 0x7b, 0x7a,
    0x79, 0x78, 0x75, 0x73, 0x74, 0x71, 0x6f, 0x6e, 0x6e, 0x71, 0x6e, 0x6d, 0x6c, 0x72, 0x71, 0x70,
    0x71, 0x75, 0x78, 0x7b, 0x80, 0x86, 0x87, 0x89, 0x8b, 0x8d, 0x8d, 0x8c, 0x89, 0x89, 0x88, 0x85,
    0x83, 0x82, 0x81, 0x81, 0x80, 0x81, 0x82, 0x85, 0x85, 0x86, 0x87, 0x8a, 0x8b, 0x8a, 0x8d, 0x8d,
    0x8d, 0x8b, 0x8a, 0x89, 0x89, 0x8b, 0x8a, 0x8b, 0x8b, 0x8b, 0x8a, 0x8a, 0x89, 0x87, 0x86, 0x85,
    0x82, 0x7f, 0x7d, 0x7a, 0x78, 0x77, 0x74, 0x70, 0x6f, 0x6d, 0x6a, 0x67, 0x66, 0x65, 0x63, 0x60,
    0x5e, 0x63, 0x6b, 0x6e, 0x70, 0x80, 0x8d, 0x8b, 0x8b, 0x93, 0x9a, 0x94, 0x8e, 0x8e, 0x8b, 0x87,
    0x80, 0x7c, 0x7a, 0x7c, 0x7e, 0x7d, 0x7e, 0x82, 0x89, 0x89, 0x89, 0x8a, 0x8c, 0x8b, 0x86, 0x82,
    0x81, 0x80, 0x7a, 0x78, 0x78, 0x7a, 0x7b, 0x7c, 0x82, 0x89, 0x8f, 0x92, 0x94, 0x94, 0x93, 0x92,
    0x90, 0x8d, 0x8c, 0x8c, 0x8b, 0x89, 0x86, 0x85, 0x83, 0x84, 0x82, 0x80, 0x7f, 0x7d, 0x7c, 0x78,
    0x75, 0x73, 0x70, 0x6c, 0x67, 0x63, 0x62, 0x5f, 0x5c, 0x59, 0x5c, 0x66, 0x74, 0x80, 0x81, 0x82,
    0x8c, 0x96, 0x94, 0x8c, 0x8f, 0x91, 0x8b, 0x83, 0x7e, 0x7c, 0x79, 0x7e, 0x7e, 0x7e, 0x82, 0x88,
    0x8b, 0x8a, 0x8c, 0x8d, 0x8c, 0x88, 0x84, 0x81, 0x7c, 0x7b, 0x77, 0x73, 0x72, 0x74, 0x78, 0x79,
    0x79, 0x7f, 0x88, 0x90, 0x93, 0x90, 0x94, 0x98, 0x97, 0x90, 0x8e, 0x8d, 0x8f, 0x8d, 0x8b, 0x88,
    0x89, 0x89, 0x88, 0x83, 0x81, 0x82, 0x81, 0x7f, 0x7b, 0x79, 0x77, 0x73, 0x6e, 0x6b, 0x6a, 0x68,
    0x64, 0x61, 0x5c, 0x58, 0x58, 0x62, 0x6f, 0x7b, 0x7e, 0x80, 0x8a, 0x93, 0x96, 0x90, 0x92, 0x91,
    0x8f, 0x8b, 0x82, 0x7d, 0x79, 0x7c, 0x7d, 0x7c, 0x7e, 0x80, 0x86, 0x89, 0x8a, 0x8a, 0x89, 0x89,
    0x87, 0x82, 0x7e, 0x7b, 0x77, 0x73, 0x73, 0x72, 0x71, 0x72, 0x77, 0x7a, 0x7d, 0x81, 0x87, 0x8f,
    0x95, 0x99, 0x99, 0x99, 0x99, 0x98, 0x94, 0x8e, 0x8d, 0x8c, 0x8b, 0x89, 0x88, 0x85, 0x86, 0x85,
    0x84, 0x82, 0x80, 0x80, 0x7e, 0x7d, 0x79, 0x75, 0x72, 0x6f, 0x6b, 0x67, 0x64, 0x62, 0x60, 0x5d,
    0x5b, 0x56, 0x5b, 0x70, 0x81, 0x83, 0x80, 0x86, 0x92, 0x94, 0x94, 0x94, 0x92, 0x8d, 0x89, 0x8a,
    0x85, 0x7e, 0x7b, 0x7e, 0x81, 0x80, 0x81, 0x85, 0x86, 0x86, 0x88, 0x88, 0x84, 0x80, 0x81, 0x7f,
    0x7b, 0x78, 0x78, 0x76, 0x75, 0x77, 0x78, 0x79, 0x7c, 0x7f, 0x82, 0x84, 0x86, 0x8b, 0x8e, 0x91,
    0x94, 0x93, 0x91, 0x90, 0x8f, 0x8d, 0x8c, 0x8a, 0x88, 0x87, 0x86, 0x86, 0x85, 0x83, 0x82, 0x82,
    0x80, 0x80, 0x7e, 0x7d, 0x7c, 0x7a, 0x78, 0x75, 0x72, 0x71, 0x6e, 0x6d, 0x6b, 0x68, 0x67, 0x65,
    0x63, 0x66, 0x72, 0x7e, 0x7c, 0x7a, 0x7f, 0x87, 0x88, 0x8a, 0x8d, 0x8b, 0x88, 0x87, 0x89, 0x87,
    0x82, 0x80, 0x82, 0x83, 0x82, 0x84, 0x85, 0x84, 0x84, 0x85, 0x86, 0x85, 0x84, 0x82, 0x81, 0x7f,
    0x7d, 0x7c, 0x7a, 0x79, 0x78, 0x79, 0x78, 0x79, 0x7b, 0x7e, 0x80, 0x83, 0x86, 0x89, 0x8b, 0x8e,
    0x8e, 0x8f, 0x90, 0x90, 0x90, 0x8f, 0x8d, 0x8b, 0x8b, 0x89, 0x88, 0x87, 0x85, 0x84, 0x83, 0x83,
    0x81, 0x80, 0x7f, 0x7d, 0x7b, 0x7a, 0x79, 0x78, 0x77, 0x74, 0x73, 0x71, 0x70, 0x6e, 0x6c, 0x6a,
    0x68, 0x66, 0x68, 0x70, 0x75, 0x71, 0x71, 0x79, 0x80, 0x80, 0x86, 0x8b, 0x8a, 0x89, 0x8d, 0x91,
    0x8d, 0x8a, 0x89, 0x8a, 0x86, 0x85, 0x87, 0x86, 0x83, 0x81, 0x82, 0x83, 0x81, 0x82, 0x81, 0x80,
    0x7e, 0x7f, 0x7e, 0x7c, 0x7b, 0x7b, 0x7c, 0x7b, 0x7b, 0x7b, 0x7c, 0x7d, 0x80, 0x81, 0x84, 0x86,
    0x88, 0x89, 0x8b, 0x8e, 0x8f, 0x8f, 0x8f, 0x8f, 0x8f, 0x8e, 0x8c, 0x8b, 0x87, 0x85, 0x83, 0x81,
    0x80, 0x7f, 0x7d, 0x7c, 0x7b, 0x7b, 0x79, 0x78, 0x78, 0x77, 0x77, 0x76, 0x74, 0x71, 0x70, 0x6f,
    0x6d, 0x6a, 0x69, 0x68, 0x6c, 0x73, 0x73, 0x71, 0x75, 0x7c, 0x7f, 0x80, 0x87, 0x88, 0x88, 0x8b,
    0x8e, 0x8d, 0x8a, 0x8b, 0x8b, 0x88, 0x87, 0x88, 0x85, 0x83, 0x83, 0x83, 0x83, 0x82, 0x81, 0x81,
    0x80, 0x80, 0x7f, 0x7f, 0x7d, 0x7d, 0x7c, 0x7b, 0x7a, 0x7b, 0x7b, 0x7b, 0x7c, 0x7e, 0x81, 0x83,
    0x84, 0x87, 0x8a, 0x8c, 0x8e, 0x8f, 0x90, 0x90, 0x91, 0x90, 0x8e, 0x8c, 0x89, 0x87, 0x84, 0x82,
    0x81, 0x80, 0x7d, 0x7c, 0x7c, 0x7b, 0x7a, 0x7b, 0x7a, 0x79, 0x79, 0x79, 0x78, 0x76, 0x75, 0x73,
    0x72, 0x71, 0x6e, 0x6b, 0x6b, 0x6a, 0x6c, 0x71, 0x73, 0x70, 0x71, 0x79, 0x7e, 0x7d, 0x82, 0x87,
    0x87, 0x88, 0x8c, 0x8d, 0x8a, 0x89, 0x8a, 0x88, 0x87, 0x87, 0x86, 0x83, 0x84, 0x85, 0x84, 0x83,
    0x83, 0x82, 0x82, 0x80, 0x80, 0x80, 0x7e, 0x7e, 0x7e, 0x7e, 0x7d, 0x7c, 0x7d, 0x7d, 0x7e, 0x81,
    0x82, 0x82, 0x84, 0x89, 0x8a, 0x8a, 0x8b, 0x8e, 0x8e, 0x8f, 0x90, 0x8f, 0x8d, 0x8c, 0x8b, 0x88,
    0x86, 0x84, 0x81, 0x80, 0x7f, 0x7e, 0x7d, 0x7c, 0x7b, 0x7b, 0x7b, 0x7a, 0x79, 0x79, 0x78, 0x78,
    0x77, 0x76, 0x74, 0x73, 0x71, 0x70, 0x6e, 0x6e, 0x6c, 0x6b, 0x6d, 0x73, 0x76, 0x73, 0x75, 0x7b,
    0x7d, 0x7e, 0x83, 0x87, 0x87, 0x88, 0x8c, 0x8b, 0x8a, 0x8a, 0x8a, 0x88, 0x87, 0x87, 0x85, 0x84,
    0x83, 0x84, 0x83, 0x83, 0x83, 0x83, 0x82, 0x81, 0x81, 0x80, 0x80, 0x7f, 0x7e, 0x7d, 0x7d, 0x7c,
    0x7d, 0x7c, 0x7e, 0x80, 0x80, 0x82, 0x84, 0x86, 0x89, 0x8b, 0x8d, 0x8d, 0x8f, 0x90, 0x90, 0x8f,
    0x8e, 0x8d, 0x8a, 0x8a, 0x87, 0x85, 0x83, 0x81, 0x80, 0x7d, 0x7d, 0x7c, 0x7b, 0x7a, 0x7a, 0x79,
    0x79, 0x79, 0x79, 0x77, 0x77, 0x75, 0x74, 0x73, 0x72, 0x71, 0x6f, 0x6f, 0x6e, 0x6e, 0x6d, 0x6e,
    0x72, 0x77, 0x74, 0x76, 0x7b, 0x7e, 0x7e, 0x83, 0x86, 0x86, 0x87, 0x8a, 0x8a, 0x89, 0x8a, 0x89,
    0x88, 0x89, 0x89, 0x87, 0x85, 0x86, 0x85, 0x85, 0x85, 0x84, 0x82, 0x82, 0x82, 0x81, 0x80, 0x7f,
    0x7f, 0x7d, 0x7d, 0x7c, 0x7c, 0x7d, 0x7d, 0x7d, 0x7f, 0x81, 0x82, 0x83, 0x87, 0x88, 0x89, 0x8a,
    0x8b, 0x8c, 0x8d, 0x8e, 0x8d, 0x8c, 0x8b, 0x8a, 0x89, 0x87, 0x85, 0x84, 0x81, 0x80, 0x7f, 0x7f,
    0x7e, 0x7d, 0x7e, 0x7d, 0x7c, 0x7c, 0x7b, 0x7b, 0x7b, 0x7a, 0x78, 0x79, 0x78, 0x76, 0x76, 0x75,
    0x74, 0x74, 0x74, 0x72, 0x71, 0x71, 0x70, 0x71, 0x75, 0x77, 0x76, 0x77, 0x7b, 0x7c, 0x7d, 0x81,
    0x83, 0x85, 0x86, 0x88, 0x87, 0x86, 0x88, 0x88, 0x87, 0x89, 0x87, 0x87, 0x86, 0x86, 0x86, 0x85,
    0x85, 0x85, 0x83, 0x83, 0x83, 0x81, 0x80, 0x7f, 0x7f, 0x7e, 0x7d, 0x7c, 0x7c, 0x7d, 0x7e, 0x7f,
    0x80, 0x82, 0x83, 0x86, 0x86, 0x87, 0x8a, 0x8c, 0x8c, 0x8d, 0x8c, 0x8c, 0x8b, 0x8a, 0x89, 0x87,
    0x87, 0x84, 0x84, 0x83, 0x81, 0x81, 0x80, 0x80, 0x7f, 0x7e, 0x7e, 0x7e, 0x7e, 0x7c, 0x7d, 0x7b,
    0x7c, 0x7b, 0x7a, 0x7a, 0x7a, 0x79, 0x78, 0x78, 0x77, 0x77, 0x78, 0x78, 0x76, 0x76, 0x76, 0x76,
    0x74, 0x73, 0x73, 0x75, 0x77, 0x76, 0x78, 0x7a, 0x7b, 0x7b, 0x7f, 0x81, 0x81, 0x84, 0x86, 0x87,
    0x87, 0x88, 0x88, 0x88, 0x88, 0x89, 0x87, 0x86, 0x87, 0x85, 0x84, 0x84, 0x84, 0x82, 0x82, 0x82,
    0x81, 0x81, 0x80, 0x7f, 0x7f, 0x7f, 0x80, 0x7f, 0x7f, 0x80, 0x81, 0x81, 0x82, 0x83, 0x83, 0x85,
    0x85, 0x86, 0x86, 0x87, 0x87, 0x88, 0x86, 0x86, 0x86, 0x86, 0x85, 0x84, 0x84, 0x83, 0x82, 0x82,
    0x81, 0x80, 0x80, 0x7e, 0x7e, 0x7e, 0x7d, 0x7d, 0x7d, 0x7c, 0x7c, 0x7b, 0x7c, 0x7b, 0x7c, 0x7b,
    0x7b, 0x7b, 0x7b, 0x7b, 0x7b, 0x7c, 0x7b, 0x7a, 0x7b, 0x7b, 0x7b, 0x7b, 0x7b, 0x7a, 0x7b, 0x7b,
    0x7a, 0x7a, 0x7b, 0x7c, 0x7b, 0x7c, 0x7d, 0x7e, 0x7e, 0x80, 0x81, 0x82, 0x82, 0x84, 0x84, 0x85,
    0x85, 0x85, 0x85, 0x86, 0x85, 0x84, 0x85, 0x85, 0x85, 0x83, 0x83, 0x84, 0x83, 0x83, 0x82, 0x83,
    0x81, 0x82, 0x82, 0x82, 0x81, 0x81, 0x80, 0x81, 0x81, 0x80, 0x81, 0x80, 0x81, 0x81, 0x81, 0x81,
    0x82, 0x81, 0x82, 0x81, 0x81, 0x81, 0x82, 0x82, 0x82, 0x82, 0x81, 0x81, 0x81, 0x80, 0x81, 0x81,
    0x7f, 0x7f, 0x7f, 0x7e, 0x7f, 0x7f, 0x7f, 0x7e, 0x7e, 0x7e, 0x7e, 0x7d, 0x7d, 0x7e, 0x7e, 0x7e,
    0x7d, 0x7d, 0x7d, 0x7d, 0x7e, 0x7e, 0x7e, 0x7e, 0x7e, 0x7e, 0x7f, 0x7f, 0x7f, 0x7f, 0x7e, 0x7e,
    0x7e, 0x7f, 0x7f, 0x7f, 0x7f, 0x80, 0x7f, 0x7f, 0x80, 0x81, 0x80, 0x81, 0x81, 0x82, 0x81, 0x81,
    0x81, 0x81, 0x82, 0x82, 0x81, 0x81, 0x81, 0x82, 0x81, 0x81, 0x81, 0x82, 0x81, 0x81, 0x81, 0x81,
    0x81, 0x82, 0x81, 0x81, 0x82, 0x81, 0x81, 0x81, 0x81, 0x80, 0x81, 0x80, 0x81, 0x81, 0x80, 0x81,
    0x81, 0x81, 0x81, 0x81, 0x80, 0x81, 0x80, 0x81, 0x80, 0x80, 0x7f, 0x80, 0x80, 0x7e, 0x7e, 0x7f,
    0x80, 0x80, 0x80, 0x81, 0x80, 0x80, 0x7f, 0x80, 0x80, 0x80, 0x80, 0x80, 0x7f, 0x7f, 0x80, 0x7f,
    0x80, 0x7f, 0x80, 0x80, 0x80, 0x80, 0x80, 0x7f, 0x7f, 0x80, 0x7f, 0x80, 0x80, 0x80, 0x80, 0x7f,
    0x7f, 0x7f, 0x7f, 0x7e, 0x7f, 0x7f, 0x7f, 0x7e, 0x7f, 0x7f, 0x7e, 0x80, 0x7f, 0x7f, 0x80, 0x80,
    0x7f, 0x81, 0x81, 0x80, 0x81, 0x80, 0x81, 0x80, 0x7f, 0x7f, 0x81, 0x80, 0x80, 0x81, 0x81, 0x80,
    0x80, 0x81, 0x81, 0x81, 0x80, 0x80, 0x7f, 0x80, 0x80, 0x81, 0x80, 0x81, 0x7f, 0x7f, 0x80, 0x80,
    0x7f, 0x7f, 0x80, 0x81, 0x81, 0x80, 0x81, 0x81, 0x80, 0x80, 0x80, 0x81, 0x81, 0x81, 0x80, 0x80,
    0x7f, 0x80, 0x82, 0x80, 0x80, 0x80, 0x80, 0x80, 0x80, 0x80, 0x82, 0x81, 0x81, 0x80, 0x80, 0x81,
    0x80, 0x7e, 0x80, 0x80, 0x7f, 0x80, 0x81, 0x80, 0x7e, 0x7f, 0x80, 0x80, 0x7f, 0x7f, 0x7f, 0x80,
    0x80, 0x7f, 0x7f, 0x80, 0x81, 0x7e, 0x7f, 0x81, 0x81, 0x7f, 0x7f, 0x7e, 0x80, 0x7f, 0x7f, 0x7f,
    0x80, 0x7f, 0x80, 0x80, 0x80, 0x81, 0x80, 0x7f, 0x7e, 0x81, 0x81, 0x80, 0x81, 0x81, 0x7f, 0x80,
    0x81, 0x80, 0x80, 0x81, 0x80, 0x80, 0x80, 0x80, 0x81, 0x81, 0x81, 0x81, 0x81, 0x81, 0x80, 0x81,
    0x80, 0x80, 0x80, 0x80, 0x81, 0x7f, 0x80, 0x7f, 0x80, 0x81, 0x80, 0x7f, 0x7f, 0x80, 0x80, 0x7f,
    0x80, 0x80, 0x81, 0x81, 0x80, 0x81, 0x80, 0x7f, 0x80, 0x81, 0x82, 0x81, 0x80, 0x80, 0x81, 0x80,
    0x7f, 0x80, 0x7f, 0x80, 0x80, 0x7f, 0x7f, 0x7f, 0x81, 0x81, 0x80, 0x7f, 0x80, 0x81, 0x7f, 0x7f,
    0x80, 0x80, 0x80, 0x7e, 0x7e, 0x82, 0x82, 0x7f, 0x7f, 0x81, 0x80, 0x7f, 0x80, 0x80, 0x81, 0x82,
    0x82, 0x81, 0x80, 0x7f, 0x7d, 0x7f, 0x7e, 0x80, 0x80, 0x80, 0x80, 0x82, 0x82, 0x81, 0x80, 0x80,
    0x81, 0x82, 0x80, 0x80, 0x81, 0x80, 0x81, 0x80, 0x81, 0x83, 0x80, 0x7f, 0x80, 0x80, 0x81, 0x81,
    0x81, 0x80, 0x82, 0x80, 0x7f, 0x7f, 0x80, 0x81, 0x7f, 0x80, 0x7f, 0x80, 0x82, 0x7e, 0x7e, 0x81,
    0x80, 0x7f, 0x80, 0x80, 0x81, 0x81, 0x80, 0x7f, 0x7e, 0x81, 0x81, 0x7f, 0x80, 0x7f, 0x7f, 0x7f,
    0x81, 0x81, 0x81, 0x81, 0x80, 0x80, 0x80, 0x81, 0x7e, 0x7f, 0x7f, 0x80, 0x80, 0x80, 0x7f, 0x7f,
    0x80, 0x81, 0x81, 0x80, 0x82, 0x81, 0x81, 0x7f, 0x81, 0x80, 0x7e, 0x7d, 0x7e, 0x80, 0x7e, 0x7e,
    0x7e, 0x82, 0x80, 0x82, 0x80, 0x82, 0x82, 0x81, 0x80, 0x82, 0x80, 0x7d, 0x7f, 0x7f, 0x7f, 0x7f,
    0x81, 0x7f, 0x81, 0x81, 0x81, 0x80, 0x80, 0x80, 0x81, 0x81, 0x81, 0x84, 0x81, 0x81, 0x80, 0x7e,
    0x7f, 0x81, 0x7f, 0x80, 0x81, 0x81, 0x81, 0x7e, 0x80, 0x84, 0x81, 0x7f, 0x7f, 0x7f, 0x80, 0x7d,
    0x7d, 0x81, 0x81, 0x7e, 0x7e, 0x80, 0x80, 0x81, 0x82, 0x80, 0x80, 0x81, 0x81, 0x81, 0x7e, 0x80,
    0x7f, 0x7f, 0x7e, 0x80, 0x81, 0x81, 0x7f, 0x7f, 0x81, 0x83, 0x80, 0x7f, 0x82, 0x81, 0x81, 0x80,
    0x80, 0x7f, 0x80, 0x80, 0x7e, 0x80, 0x80, 0x81, 0x7f, 0x80, 0x81, 0x7f, 0x80, 0x80, 0x7e, 0x80,
    0x81, 0x7e, 0x7e, 0x7f, 0x7e, 0x7e, 0x7f, 0x80, 0x80, 0x81, 0x80, 0x80, 0x81, 0x81, 0x80, 0x7f,
    0x81, 0x7f, 0x7e, 0x7f, 0x7f, 0x80, 0x7f, 0x7e, 0x80, 0x82, 0x80, 0x80, 0x81, 0x81, 0x81, 0x81,
    0x80, 0x7f, 0x81, 0x81, 0x7f, 0x80, 0x80, 0x83, 0x83, 0x82, 0x82, 0x84, 0x83, 0x81, 0x81, 0x84,
    0x84, 0x83, 0x81, 0x81, 0x82, 0x82, 0x7f, 0x80, 0x80, 0x83, 0x82, 0x81, 0x82, 0x83, 0x84, 0x81,
    0x81, 0x80, 0x81, 0x80, 0x7e, 0x7f, 0x80, 0x80, 0x7e, 0x7f, 0x7e, 0x7f, 0x7d, 0x7d, 0x7d, 0x7d,
    0x7d, 0x7b, 0x7d, 0x7c, 0x7a, 0x7a, 0x7c, 0x7a, 0x7b, 0x7b, 0x7b, 0x7a, 0x7a, 0x7b, 0x78, 0x78,
    0x79, 0x79, 0x7c, 0x7e, 0x7e, 0x7e, 0x83, 0x83, 0x83, 0x83, 0x84, 0x84, 0x84, 0x84, 0x84, 0x86,
    0x87, 0x86, 0x86, 0x86, 0x85, 0x85, 0x84, 0x85, 0x86, 0x86, 0x86, 0x85, 0x87, 0x87, 0x87, 0x86,
    0x88, 0x87, 0x85, 0x84, 0x84, 0x84, 0x84, 0x84, 0x83, 0x83, 0x83, 0x82, 0x81, 0x81, 0x80, 0x7e,
    0x7e, 0x7d, 0x7c, 0x7c, 0x7b, 0x7a, 0x7b, 0x7b, 0x7d, 0x7d, 0x7d, 0x7c, 0x7c, 0x7c, 0x7b, 0x78,
    0x76, 0x75, 0x76, 0x75, 0x73, 0x74, 0x74, 0x73, 0x75, 0x75, 0x74, 0x75, 0x7a, 0x84, 0x85, 0x84,
    0x88, 0x8a, 0x8b, 0x89, 0x88, 0x84, 0x84, 0x83, 0x7e, 0x7b, 0x7c, 0x7c, 0x7c, 0x7c, 0x7e, 0x81,
    0x85, 0x85, 0x85, 0x87, 0x88, 0x88, 0x87, 0x87, 0x89, 0x88, 0x88, 0x87, 0x86, 0x88, 0x89, 0x87,
    0x87, 0x87, 0x88, 0x89, 0x88, 0x87, 0x86, 0x87, 0x86, 0x83, 0x83, 0x82, 0x82, 0x80, 0x81, 0x80,
    0x7d, 0x7c, 0x7b, 0x7a, 0x77, 0x76, 0x78, 0x77, 0x73, 0x73, 0x74, 0x73, 0x6f, 0x6f, 0x6f, 0x70,
    0x6d, 0x6d, 0x70, 0x75, 0x79, 0x7f, 0x88, 0x89, 0x8a, 0x8f, 0x8f, 0x8c, 0x8a, 0x86, 0x81, 0x7f,
    0x7b, 0x79, 0x77, 0x78, 0x79, 0x7b, 0x7e, 0x81, 0x84, 0x87, 0x89, 0x88, 0x89, 0x88, 0x86, 0x83,
    0x80, 0x7d, 0x7b, 0x7b, 0x7b, 0x7c, 0x80, 0x86, 0x88, 0x89, 0x8e, 0x90, 0x90, 0x92, 0x8f, 0x8e,
    0x8e, 0x8b, 0x87, 0x87, 0x86, 0x84, 0x84, 0x84, 0x83, 0x82, 0x81, 0x81, 0x80, 0x81, 0x7d, 0x7a,
    0x7a, 0x78, 0x76, 0x75, 0x75, 0x76, 0x74, 0x72, 0x71, 0x72, 0x70, 0x6f, 0x6d, 0x6a, 0x6a, 0x6e,
    0x71, 0x78, 0x85, 0x88, 0x87, 0x8c, 0x91, 0x8f, 0x8b, 0x8a, 0x85, 0x83, 0x80, 0x79, 0x75, 0x77,
    0x79, 0x79, 0x7b, 0x7f, 0x83, 0x88, 0x89, 0x89, 0x89, 0x8b, 0x88, 0x84, 0x7f, 0x7e, 0x7b, 0x79,
    0x78, 0x77, 0x7a, 0x7c, 0x7f, 0x81, 0x86, 0x88, 0x8b, 0x8f, 0x91, 0x90, 0x90, 0x8f, 0x8d, 0x8b,
    0x89, 0x88, 0x87, 0x87, 0x86, 0x87, 0x89, 0x88, 0x87, 0x85, 0x85, 0x83, 0x80, 0x7f, 0x7e, 0x7c,
    0x7a, 0x7a, 0x7b, 0x78, 0x76, 0x77, 0x78, 0x75, 0x73, 0x72, 0x6f, 0x6c, 0x6b, 0x69, 0x64, 0x64,
    0x68, 0x74, 0x84, 0x86, 0x85, 0x8e, 0x96, 0x93, 0x8e, 0x8d, 0x89, 0x84, 0x80, 0x79, 0x73, 0x74,
    0x75, 0x73, 0x76, 0x7c, 0x81, 0x83, 0x87, 0x89, 0x8c, 0x8c, 0x8a, 0x86, 0x83, 0x81, 0x7d, 0x78,
    0x77, 0x78, 0x78, 0x7a, 0x7c, 0x7f, 0x83, 0x87, 0x88, 0x88, 0x8b, 0x90, 0x8e, 0x8c, 0x8c, 0x8e,
    0x8d, 0x8b, 0x89, 0x89, 0x8b, 0x8a, 0x89, 0x89, 0x8a, 0x88, 0x87, 0x85, 0x85, 0x83, 0x81, 0x80,
    0x7e, 0x7e, 0x7d, 0x7d, 0x7c, 0x7a, 0x7a, 0x79, 0x77, 0x75, 0x73, 0x71, 0x6f, 0x6d, 0x6a, 0x68,
    0x68, 0x62, 0x61, 0x69, 0x75, 0x83, 0x85, 0x86, 0x8e, 0x97, 0x94, 0x8e, 0x8d, 0x8b, 0x86, 0x7e,
    0x77, 0x73, 0x74, 0x74, 0x73, 0x75, 0x7c, 0x81, 0x85, 0x89, 0x8b, 0x8d, 0x8e, 0x8b, 0x86, 0x82,
    0x80, 0x7c, 0x78, 0x77, 0x77, 0x78, 0x78, 0x7b, 0x7c, 0x80, 0x85, 0x87, 0x88, 0x8a, 0x8f, 0x90,
    0x8c, 0x8c, 0x8e, 0x8c, 0x89, 0x88, 0x89, 0x8a, 0x8a, 0x89, 0x89, 0x8a, 0x8a, 0x88, 0x86, 0x85,
    0x84, 0x81, 0x80, 0x80, 0x7f, 0x7f, 0x7e, 0x7c, 0x7c, 0x7c, 0x78, 0x77, 0x76, 0x74, 0x73, 0x71,
    0x6e, 0x6c, 0x6b, 0x66, 0x65, 0x65, 0x64, 0x6d, 0x7b, 0x83, 0x83, 0x89, 0x92, 0x92, 0x90, 0x8f,
    0x8e, 0x88, 0x84, 0x7f, 0x76, 0x73, 0x74, 0x73, 0x73, 0x76, 0x7b, 0x82, 0x88, 0x89, 0x8a, 0x8e,
    0x90, 0x8c, 0x89, 0x85, 0x82, 0x7d, 0x7a, 0x76, 0x74, 0x75, 0x78, 0x79, 0x7b, 0x7f, 0x83, 0x87,
    0x88, 0x8a, 0x8e, 0x91, 0x91, 0x90, 0x8f, 0x8f, 0x8d, 0x8b, 0x89, 0x87, 0x88, 0x86, 0x86, 0x85,
    0x85, 0x86, 0x85, 0x84, 0x83, 0x82, 0x83, 0x81, 0x80, 0x80, 0x7e, 0x7d, 0x7d, 0x7b, 0x79, 0x78,
    0x76, 0x76, 0x75, 0x74, 0x74, 0x72, 0x6f, 0x6e, 0x6e, 0x6b, 0x6a, 0x6b, 0x70, 0x78, 0x7c, 0x7b,
    0x7f, 0x84, 0x86, 0x88, 0x89, 0x8a, 0x88, 0x88, 0x87, 0x84, 0x82, 0x81, 0x7f, 0x7d, 0x7d, 0x7e,
    0x7e, 0x7e, 0x80, 0x81, 0x82, 0x83, 0x84, 0x84, 0x84, 0x83, 0x83, 0x81, 0x80, 0x80, 0x7f, 0x7e,
    0x7e, 0x7d, 0x7e, 0x7e, 0x7f, 0x81, 0x82, 0x83, 0x85, 0x88, 0x89, 0x8a, 0x8a, 0x89, 0x89, 0x8a,
    0x89, 0x89, 0x89, 0x88, 0x87, 0x86, 0x85, 0x85, 0x85, 0x84, 0x84, 0x84, 0x84, 0x83, 0x83, 0x81,
    0x81, 0x80, 0x80, 0x7e, 0x7e, 0x7c, 0x7b, 0x79, 0x78, 0x77, 0x74, 0x74, 0x73, 0x71, 0x70, 0x6f,
    0x6d, 0x6c, 0x6d, 0x70, 0x73, 0x74, 0x75, 0x78, 0x7b, 0x7b, 0x7e, 0x82, 0x84, 0x84, 0x86, 0x86,
    0x87, 0x86, 0x87, 0x87, 0x86, 0x86, 0x86, 0x85, 0x84, 0x84, 0x83, 0x83, 0x83, 0x83, 0x82, 0x82,
    0x81, 0x81, 0x80, 0x7f, 0x7f, 0x7e, 0x7e, 0x7c, 0x7d, 0x7c, 0x7e, 0x7f, 0x7f, 0x81, 0x84, 0x85,
    0x87, 0x89, 0x8a, 0x8c, 0x8d, 0x8e, 0x8e, 0x8e, 0x8f, 0x8e, 0x8c, 0x8c, 0x8a, 0x88, 0x86, 0x85,
    0x83, 0x81, 0x80, 0x80, 0x80, 0x7f, 0x7e, 0x7e, 0x7e, 0x7c, 0x7b, 0x7a, 0x7a, 0x78, 0x77, 0x75,
    0x73, 0x73, 0x72, 0x6f, 0x6e, 0x6c, 0x6b, 0x6a, 0x6c, 0x70, 0x73, 0x75, 0x75, 0x78, 0x7c, 0x7f,
    0x82, 0x85, 0x87, 0x87, 0x88, 0x8a, 0x88, 0x87, 0x88, 0x87, 0x85, 0x85, 0x85, 0x84, 0x83, 0x84,
    0x82, 0x83, 0x82, 0x83, 0x82, 0x81, 0x81, 0x80, 0x7f, 0x7f, 0x7d, 0x7d, 0x7b, 0x7c, 0x7c, 0x7c,
    0x7d, 0x7f, 0x81, 0x83, 0x85, 0x87, 0x89, 0x8c, 0x8c, 0x8e, 0x90, 0x90, 0x90, 0x90, 0x90, 0x8d,
    0x8c, 0x8a, 0x89, 0x87, 0x85, 0x84, 0x84, 0x82, 0x81, 0x80, 0x7f, 0x80, 0x7f, 0x7d, 0x7b, 0x7c,
    0x7b, 0x79, 0x79, 0x77, 0x75, 0x76, 0x73, 0x73, 0x72, 0x70, 0x6f, 0x6e, 0x6e, 0x6c, 0x6e, 0x72,
    0x75, 0x74, 0x76, 0x78, 0x7a, 0x7c, 0x81, 0x83, 0x82, 0x85, 0x86, 0x87, 0x85, 0x86, 0x86, 0x85,
    0x85, 0x85, 0x84, 0x83, 0x83, 0x83, 0x83, 0x83, 0x83, 0x83, 0x82, 0x81, 0x81, 0x80, 0x7f, 0x7f,
    0x7e, 0x7d, 0x7c, 0x7d, 0x7c, 0x7d, 0x7d, 0x7e, 0x7f, 0x83, 0x85, 0x86, 0x88, 0x8a, 0x8b, 0x8d,
    0x8e, 0x8f, 0x90, 0x90, 0x8f, 0x8e, 0x8d, 0x8c, 0x8a, 0x89, 0x87, 0x85, 0x83, 0x83, 0x80, 0x81,
    0x80, 0x7f, 0x7f, 0x7e, 0x7e, 0x7d, 0x7b, 0x7b, 0x79, 0x77, 0x77, 0x77, 0x75, 0x74, 0x73, 0x71,
    0x70, 0x6e, 0x6e, 0x6c, 0x6c, 0x6f, 0x73, 0x75, 0x74, 0x76, 0x79, 0x7b, 0x7e, 0x81, 0x83, 0x84,
    0x86, 0x86, 0x87, 0x86, 0x86, 0x86, 0x86, 0x86, 0x86, 0x85, 0x86, 0x85, 0x84, 0x84, 0x84, 0x84,
    0x83, 0x81, 0x80, 0x80, 0x7f, 0x7e, 0x7e, 0x7d, 0x7c, 0x7b, 0x7c, 0x7c, 0x7d, 0x7d, 0x7e, 0x80,
    0x82, 0x84, 0x87, 0x89, 0x89, 0x8c, 0x8d, 0x8e, 0x8f, 0x8f, 0x8f, 0x90, 0x8e, 0x8d, 0x8b, 0x8a,
    0x88, 0x87, 0x85, 0x83, 0x83, 0x82, 0x82, 0x80, 0x80, 0x80, 0x7f, 0x7d, 0x7d, 0x7c, 0x7a, 0x7a,
    0x78, 0x78, 0x77, 0x75, 0x74, 0x73, 0x72, 0x71, 0x70, 0x6f, 0x6e, 0x6b, 0x6d, 0x71, 0x73, 0x72,
    0x74, 0x77, 0x78, 0x7b, 0x7f, 0x82, 0x83, 0x84, 0x86, 0x87, 0x86, 0x87, 0x87, 0x86, 0x85, 0x86,
    0x85, 0x85, 0x85, 0x84, 0x84, 0x84, 0x83, 0x83, 0x83, 0x83, 0x82, 0x80, 0x81, 0x80, 0x7f, 0x7f,
    0x7d, 0x7d, 0x7d, 0x7c, 0x7c, 0x7d, 0x7c, 0x7f, 0x80, 0x83, 0x85, 0x86, 0x88, 0x89, 0x8b, 0x8b,
    0x8e, 0x8d, 0x8d, 0x8e, 0x8e, 0x8d, 0x8b, 0x89, 0x88, 0x87, 0x85, 0x85, 0x83, 0x83, 0x82, 0x82,
    0x81, 0x80, 0x80, 0x80, 0x7e, 0x7f, 0x7d, 0x7b, 0x7a, 0x79, 0x77, 0x76, 0x74, 0x73, 0x72, 0x70,
    0x6e, 0x6d, 0x6b, 0x6c, 0x6c, 0x70, 0x71, 0x73, 0x73, 0x76, 0x79, 0x7b, 0x7e, 0x81, 0x83, 0x85,
    0x85, 0x87, 0x86, 0x86, 0x87, 0x86, 0x86, 0x86, 0x86, 0x86, 0x86, 0x85, 0x86, 0x86, 0x85, 0x84,
    0x84, 0x83, 0x83, 0x82, 0x80, 0x80, 0x7e, 0x7d, 0x7c, 0x7b, 0x7c, 0x7b, 0x7b, 0x7c, 0x7c, 0x7d,
    0x7e, 0x80, 0x81, 0x84, 0x86, 0x87, 0x88, 0x8a, 0x8b, 0x8b, 0x8d, 0x8d, 0x8c, 0x8c, 0x8c, 0x8c,
    0x8a, 0x89, 0x89, 0x87, 0x86, 0x86, 0x85, 0x85, 0x83, 0x83, 0x82, 0x82, 0x81, 0x80, 0x7f, 0x7e,
    0x7d, 0x7c, 0x7a, 0x79, 0x78, 0x77, 0x76, 0x75, 0x73, 0x72, 0x71, 0x70, 0x6e, 0x6b, 0x6d, 0x6e,
    0x71, 0x74, 0x74, 0x75, 0x77, 0x7a, 0x7c, 0x80, 0x84, 0x85, 0x85, 0x86, 0x85, 0x85, 0x85, 0x86,
    0x85, 0x86, 0x85, 0x85, 0x85, 0x85, 0x86, 0x84, 0x85, 0x85, 0x85, 0x84, 0x83, 0x83, 0x82, 0x81,
    0x80, 0x7f, 0x7d, 0x7c, 0x7b, 0x7a, 0x7a, 0x7b, 0x7b, 0x7c, 0x7c, 0x7d, 0x7e, 0x80, 0x82, 0x83,
    0x85, 0x87, 0x88, 0x8a, 0x8a, 0x8c, 0x8d, 0x8c, 0x8a, 0x8c, 0x8e, 0x8b, 0x8a, 0x89, 0x88, 0x87,
    0x87, 0x86, 0x86, 0x85, 0x85, 0x85, 0x84, 0x84, 0x83, 0x80, 0x7f, 0x7e, 0x7c, 0x7a, 0x79, 0x78,
    0x78, 0x76, 0x74, 0x74, 0x72, 0x71, 0x70, 0x6e, 0x6c, 0x6a, 0x67, 0x65, 0x67, 0x6b, 0x71, 0x76,
    0x76, 0x7c, 0x84, 0x83, 0x83, 0x8a, 0x8e, 0x8b, 0x8b, 0x8c, 0x87, 0x84, 0x85, 0x83, 0x81, 0x81,
    0x82, 0x83, 0x83, 0x84, 0x86, 0x88, 0x87, 0x87, 0x88, 0x87, 0x84, 0x81, 0x7f, 0x7d, 0x7a, 0x7a,
    0x7b, 0x79, 0x79, 0x7a, 0x7c, 0x7e, 0x81, 0x82, 0x84, 0x85, 0x86, 0x86, 0x85, 0x85, 0x86, 0x86,
    0x87, 0x88, 0x89, 0x8a, 0x8b, 0x8c, 0x89, 0x8a, 0x8b, 0x8a, 0x8a, 0x8a, 0x8a, 0x87, 0x88, 0x87,
    0x86, 0x85, 0x85, 0x84, 0x83, 0x81, 0x80, 0x7e, 0x7d, 0x7b, 0x7a, 0x78, 0x74, 0x75, 0x73, 0x71,
    0x70, 0x6f, 0x6c, 0x6a, 0x68, 0x66, 0x62, 0x61, 0x67, 0x70, 0x78, 0x7a, 0x85, 0x89, 0x87, 0x8a,
    0x8e, 0x8d, 0x8b, 0x8a, 0x87, 0x84, 0x80, 0x7c, 0x7e, 0x7e, 0x7d, 0x7f, 0x84, 0x84, 0x86, 0x88,
    0x89, 0x8a, 0x8a, 0x87, 0x87, 0x84, 0x7f, 0x7d, 0x7b, 0x78, 0x75, 0x76, 0x76, 0x77, 0x79, 0x7a,
    0x7e, 0x81, 0x82, 0x85, 0x87, 0x87, 0x86, 0x86, 0x85, 0x85, 0x87, 0x87, 0x87, 0x88, 0x8a, 0x8a,
    0x8b, 0x8c, 0x8d, 0x8e, 0x8d, 0x8d, 0x8b, 0x8a, 0x89, 0x87, 0x86, 0x86, 0x84, 0x82, 0x83, 0x82,
    0x80, 0x81, 0x7f, 0x7e, 0x7d, 0x7d, 0x7a, 0x78, 0x76, 0x76, 0x74, 0x71, 0x71, 0x6e, 0x6c, 0x6c,
    0x6b, 0x69, 0x67, 0x66, 0x65, 0x69, 0x72, 0x78, 0x7a, 0x87, 0x88, 0x87, 0x8c, 0x8d, 0x8e, 0x8e,
    0x8d, 0x88, 0x84, 0x80, 0x7e, 0x7e, 0x7e, 0x7e, 0x81, 0x83, 0x85, 0x88, 0x89, 0x8b, 0x8c, 0x8a,
    0x88, 0x86, 0x81, 0x7d, 0x7a, 0x77, 0x75, 0x74, 0x74, 0x75, 0x77, 0x79, 0x7d, 0x82, 0x83, 0x87,
    0x8a, 0x8b, 0x89, 0x89, 0x88, 0x86, 0x86, 0x86, 0x86, 0x85, 0x86, 0x87, 0x88, 0x89, 0x89, 0x8b,
    0x8b, 0x8d, 0x8c, 0x8d, 0x8c, 0x8a, 0x89, 0x87, 0x86, 0x84, 0x83, 0x81, 0x80, 0x7e, 0x7e, 0x7c,
    0x7b, 0x7a, 0x7a, 0x79, 0x78, 0x79, 0x77, 0x73, 0x75, 0x73, 0x6f, 0x71, 0x6f, 0x6c, 0x69, 0x67,
    0x64, 0x66, 0x6d, 0x73, 0x79, 0x7d, 0x86, 0x87, 0x88, 0x8c, 0x8f, 0x8e, 0x8d, 0x8b, 0x88, 0x84,
    0x81, 0x80, 0x7e, 0x7e, 0x7e, 0x80, 0x83, 0x83, 0x85, 0x88, 0x89, 0x88, 0x89, 0x88, 0x87, 0x82,
    0x80, 0x7c, 0x7a, 0x77, 0x76, 0x75, 0x74, 0x75, 0x77, 0x79, 0x7c, 0x7f, 0x83, 0x86, 0x87, 0x89,
    0x89, 0x88, 0x89, 0x87, 0x87, 0x87, 0x86, 0x86, 0x86, 0x87, 0x87, 0x88, 0x88, 0x8a, 0x8b, 0x8c,
    0x8c, 0x8c, 0x8c, 0x8b, 0x8b, 0x8a, 0x87, 0x86, 0x83, 0x82, 0x7f, 0x7f, 0x7d, 0x7b, 0x7b, 0x7a,
    0x79, 0x79, 0x79, 0x77, 0x79, 0x79, 0x75, 0x76, 0x76, 0x72, 0x71, 0x70, 0x6f, 0x6c, 0x6a, 0x67,
    0x6b, 0x6c, 0x72, 0x7a, 0x7b, 0x82, 0x85, 0x86, 0x89, 0x8c, 0x8b, 0x8c, 0x8b, 0x88, 0x86, 0x83,
    0x81, 0x7f, 0x7f, 0x7e, 0x80, 0x81, 0x82, 0x83, 0x86, 0x86, 0x88, 0x87, 0x87, 0x86, 0x83, 0x81,
    0x7f, 0x7c, 0x79, 0x78, 0x77, 0x76, 0x78, 0x78, 0x7b, 0x7d, 0x7e, 0x81, 0x84, 0x86, 0x87, 0x88,
    0x88, 0x88, 0x87, 0x86, 0x86, 0x86, 0x86, 0x86, 0x86, 0x87, 0x87, 0x88, 0x8a, 0x8a, 0x8b, 0x8c,
    0x8c, 0x8c, 0x8b, 0x8b, 0x89, 0x88, 0x86, 0x85, 0x83, 0x81, 0x7f, 0x7d, 0x7c, 0x7b, 0x7b, 0x7b,
    0x7b, 0x79, 0x79, 0x79, 0x78, 0x78, 0x75, 0x77, 0x73, 0x73, 0x74, 0x6f, 0x6f, 0x6e, 0x6d, 0x69,
    0x68, 0x6e, 0x70, 0x74, 0x7b, 0x7d, 0x84, 0x86, 0x87, 0x8a, 0x8c, 0x8b, 0x8c, 0x8b, 0x87, 0x86,
    0x82, 0x80, 0x7f, 0x7e, 0x80, 0x81, 0x81, 0x83, 0x84, 0x85, 0x85, 0x87, 0x86, 0x86, 0x85, 0x83,
    0x81, 0x7f, 0x7c, 0x7b, 0x79, 0x79, 0x79, 0x78, 0x7a, 0x7a, 0x7b, 0x7d, 0x7f, 0x81, 0x82, 0x84,
    0x85, 0x85, 0x85, 0x86, 0x86, 0x86, 0x86, 0x87, 0x87, 0x87, 0x89, 0x88, 0x88, 0x8a, 0x8a, 0x8a,
    0x8c, 0x8d, 0x8c, 0x8b, 0x8a, 0x8a, 0x89, 0x87, 0x87, 0x85, 0x83, 0x81, 0x80, 0x7f, 0x7e, 0x7c,
    0x7c, 0x7a, 0x7a, 0x7a, 0x79, 0x7a, 0x77, 0x78, 0x77, 0x75, 0x76, 0x75, 0x72, 0x74, 0x70, 0x6e,
    0x6f, 0x6b, 0x69, 0x6a, 0x6f, 0x70, 0x76, 0x7d, 0x7e, 0x84, 0x86, 0x88, 0x8a, 0x8c, 0x8c, 0x8c,
    0x8c, 0x88, 0x87, 0x84, 0x82, 0x80, 0x7f, 0x7f, 0x80, 0x81, 0x83, 0x85, 0x84, 0x85, 0x86, 0x85,
    0x86, 0x83, 0x82, 0x80, 0x7e, 0x7b, 0x7a, 0x78, 0x77, 0x77, 0x78, 0x79, 0x7a, 0x7c, 0x7d, 0x80,
    0x81, 0x83, 0x84, 0x85, 0x85, 0x85, 0x85, 0x85, 0x84, 0x85, 0x84, 0x86, 0x88, 0x86, 0x8a, 0x8a,
    0x89, 0x8a, 0x8b, 0x8b, 0x8c, 0x8c, 0x8c, 0x8b, 0x89, 0x8a, 0x88, 0x86, 0x85, 0x85, 0x82, 0x82,
    0x81, 0x7f, 0x7e, 0x7d, 0x7c, 0x7b, 0x7b, 0x79, 0x7a, 0x78, 0x78, 0x78, 0x77, 0x77, 0x77, 0x76,
    0x77, 0x74, 0x73, 0x72, 0x71, 0x70, 0x6f, 0x6d, 0x6b, 0x71, 0x72, 0x74, 0x7e, 0x81, 0x82, 0x88,
    0x8a, 0x8a, 0x8a, 0x8b, 0x8b, 0x89, 0x86, 0x83, 0x83, 0x7f, 0x7e, 0x7f, 0x80, 0x81, 0x82, 0x84,
    0x85, 0x87, 0x87, 0x87, 0x87, 0x85, 0x83, 0x81, 0x7f, 0x7c, 0x7a, 0x77, 0x76, 0x76, 0x77, 0x78,
    0x79, 0x7c, 0x7f, 0x80, 0x82, 0x85, 0x86, 0x87, 0x86, 0x85, 0x84, 0x84, 0x81, 0x81, 0x80, 0x81,
    0x82, 0x83, 0x87, 0x89, 0x8a, 0x8d, 0x8e, 0x8e, 0x8e, 0x8d, 0x8c, 0x8b, 0x89, 0x89, 0x87, 0x86,
    0x85, 0x84, 0x84, 0x82, 0x82, 0x83, 0x80, 0x81, 0x80, 0x7f, 0x7e, 0x7b, 0x7a, 0x79, 0x77, 0x76,
    0x77, 0x76, 0x75, 0x76, 0x76, 0x75, 0x75, 0x74, 0x73, 0x73, 0x72, 0x6f, 0x70, 0x6c, 0x6d, 0x71,
    0x78, 0x78, 0x81, 0x86, 0x87, 0x8a, 0x8c, 0x8c, 0x89, 0x89, 0x86, 0x83, 0x81, 0x7e, 0x7d, 0x7d,
    0x7d, 0x7e, 0x82, 0x85, 0x86, 0x89, 0x8b, 0x8a, 0x89, 0x88, 0x85, 0x81, 0x7e, 0x7a, 0x78, 0x77,
    0x75, 0x76, 0x78, 0x7a, 0x7c, 0x7e, 0x82, 0x84, 0x85, 0x87, 0x86, 0x84, 0x84, 0x82, 0x81, 0x80,
    0x7f, 0x7f, 0x7f, 0x81, 0x86, 0x8a, 0x8c, 0x8f, 0x93, 0x90, 0x8d, 0x8c, 0x8b, 0x88, 0x86, 0x88,
    0x86, 0x86, 0x86, 0x86, 0x85, 0x86, 0x84, 0x84, 0x83, 0x81, 0x81, 0x7f, 0x7e, 0x7b, 0x7a, 0x78,
    0x77, 0x78, 0x78, 0x78, 0x79, 0x7a, 0x77, 0x76, 0x77, 0x74, 0x73, 0x75, 0x72, 0x70, 0x71, 0x6e,
    0x69, 0x6c, 0x71, 0x77, 0x7a, 0x86, 0x8c, 0x88, 0x8b, 0x8e, 0x8a, 0x82, 0x82, 0x80, 0x7c, 0x7a,
    0x7a, 0x7c, 0x7f, 0x82, 0x85, 0x8a, 0x8e, 0x8c, 0x8c, 0x8b, 0x88, 0x83, 0x7f, 0x7e, 0x7a, 0x78,
    0x78, 0x79, 0x7b, 0x7d, 0x80, 0x82, 0x84, 0x84, 0x83, 0x82, 0x81, 0x80, 0x7d, 0x7c, 0x7c, 0x7b,
    0x7c, 0x7d, 0x80, 0x81, 0x84, 0x85, 0x86, 0x88, 0x8a, 0x8e, 0x8d, 0x8c, 0x8d, 0x8a, 0x88, 0x86,
    0x87, 0x87, 0x88, 0x89, 0x8b, 0x8c, 0x8a, 0x89, 0x88, 0x87, 0x84, 0x81, 0x80, 0x80, 0x7d, 0x7d,
    0x7d, 0x7d, 0x7c, 0x7b, 0x7c, 0x7b, 0x79, 0x78, 0x77, 0x76, 0x75, 0x76, 0x79, 0x76, 0x75, 0x73,
    0x75, 0x70, 0x69, 0x6b, 0x6c, 0x68, 0x6e, 0x7b, 0x81, 0x85, 0x8f, 0x8f, 0x8c, 0x8c, 0x88, 0x81,
    0x7d, 0x7c, 0x77, 0x76, 0x7a, 0x7e, 0x81, 0x85, 0x8b, 0x8e, 0x8e, 0x8e, 0x8a, 0x88, 0x83, 0x7e,
    0x7b, 0x79, 0x78, 0x79, 0x7b, 0x7e, 0x82, 0x85, 0x86, 0x86, 0x85, 0x84, 0x80, 0x7e, 0x7b, 0x7a,
    0x7a, 0x7b, 0x7d, 0x7f, 0x82, 0x83, 0x85, 0x86, 0x85, 0x86, 0x85, 0x84, 0x85, 0x8a, 0x8b, 0x86,
    0x88, 0x8b, 0x89, 0x85, 0x88, 0x8a, 0x8a, 0x89, 0x89, 0x89, 0x89, 0x88, 0x85, 0x84, 0x84, 0x81,
    0x80, 0x7f, 0x7f, 0x7f, 0x7e, 0x7d, 0x7c, 0x7c, 0x7b, 0x79, 0x7a, 0x7a, 0x7a, 0x78, 0x76, 0x77,
    0x77, 0x76, 0x71, 0x6c, 0x6b, 0x6b, 0x68, 0x66, 0x67, 0x72, 0x7d, 0x84, 0x89, 0x8c, 0x91, 0x8d,
    0x86, 0x83, 0x81, 0x7e, 0x78, 0x76, 0x77, 0x7b, 0x7d, 0x82, 0x87, 0x8b, 0x8d, 0x8d, 0x8b, 0x89,
    0x86, 0x81, 0x7d, 0x7b, 0x7a, 0x7a, 0x7a, 0x7e, 0x80, 0x82, 0x84, 0x85, 0x85, 0x83, 0x82, 0x80,
    0x7e, 0x7c, 0x7c, 0x7b, 0x7c, 0x7e, 0x80, 0x80, 0x83, 0x86, 0x86, 0x86, 0x85, 0x86, 0x8c, 0x8c,
    0x89, 0x88, 0x8c, 0x8a, 0x85, 0x86, 0x87, 0x87, 0x88, 0x88, 0x89, 0x8b, 0x8b, 0x88, 0x85, 0x86,
    0x84, 0x81, 0x7e, 0x7e, 0x7e, 0x7e, 0x7d, 0x7e, 0x7d, 0x7d, 0x7d, 0x7d, 0x7b, 0x79, 0x7a, 0x79,
    0x76, 0x74, 0x72, 0x73, 0x72, 0x71, 0x6f, 0x6e, 0x6d, 0x68, 0x6b, 0x76, 0x7c, 0x80, 0x86, 0x8d,
    0x8c, 0x8a, 0x8a, 0x86, 0x81, 0x7e, 0x7c, 0x77, 0x77, 0x7a, 0x7b, 0x7d, 0x82, 0x88, 0x8a, 0x89,
    0x8b, 0x8a, 0x88, 0x83, 0x80, 0x7c, 0x7a, 0x79, 0x79, 0x79, 0x7d, 0x7f, 0x82, 0x82, 0x85, 0x86,
    0x85, 0x84, 0x81, 0x7f, 0x7e, 0x7c, 0x7b, 0x7c, 0x7c, 0x7d, 0x80, 0x80, 0x82, 0x84, 0x85, 0x85,
    0x85, 0x86, 0x89, 0x8a, 0x89, 0x86, 0x88, 0x88, 0x86, 0x85, 0x87, 0x89, 0x88, 0x89, 0x89, 0x8b,
    0x8b, 0x89, 0x88, 0x87, 0x86, 0x83, 0x81, 0x80, 0x7f, 0x7f, 0x7e, 0x7d, 0x7e, 0x7e, 0x7c, 0x7d,
    0x7c, 0x7b, 0x7a, 0x79, 0x77, 0x76, 0x76, 0x72, 0x73, 0x72, 0x70, 0x6e, 0x6c, 0x6a, 0x68, 0x6e,
    0x78, 0x7e, 0x81, 0x88, 0x8d, 0x8d, 0x8b, 0x89, 0x86, 0x80, 0x7e, 0x7a, 0x76, 0x76, 0x78, 0x7b,
    0x7d, 0x82, 0x87, 0x89, 0x8b, 0x8b, 0x8a, 0x87, 0x84, 0x81, 0x7e, 0x7b, 0x79, 0x79, 0x79, 0x7c,
    0x7e, 0x80, 0x82, 0x85, 0x86, 0x85, 0x84, 0x84, 0x82, 0x7f, 0x7d, 0x7c, 0x7b, 0x7a, 0x7b, 0x7d,
    0x7f, 0x81, 0x84, 0x84, 0x86, 0x86, 0x8a, 0x8b, 0x88, 0x87, 0x88, 0x89, 0x85, 0x84, 0x85, 0x85,
    0x87, 0x87, 0x88, 0x89, 0x8a, 0x8a, 0x88, 0x87, 0x87, 0x87, 0x85, 0x83, 0x81, 0x80, 0x7f, 0x7d,
    0x7e, 0x7d, 0x7c, 0x7a, 0x7b, 0x7c, 0x7b, 0x79, 0x78, 0x78, 0x78, 0x79, 0x76, 0x71, 0x70, 0x72,
    0x6f, 0x6b, 0x6a, 0x6b, 0x6e, 0x75, 0x7b, 0x82, 0x8a, 0x8d, 0x8c, 0x8c, 0x8e, 0x8a, 0x84, 0x81,
    0x7f, 0x7b, 0x77, 0x75, 0x78, 0x79, 0x7d, 0x82, 0x86, 0x8a, 0x8b, 0x8d, 0x8b, 0x89, 0x87, 0x83,
    0x7e, 0x7b, 0x7a, 0x79, 0x76, 0x77, 0x7a, 0x7b, 0x7e, 0x81, 0x82, 0x83, 0x85, 0x86, 0x85, 0x84,
    0x83, 0x80, 0x7e, 0x7d, 0x7d, 0x7c, 0x7d, 0x7d, 0x7f, 0x80, 0x84, 0x89, 0x8c, 0x8a, 0x8c, 0x8d,
    0x8c, 0x89, 0x87, 0x86, 0x84, 0x83, 0x84, 0x84, 0x85, 0x85, 0x87, 0x87, 0x87, 0x87, 0x88, 0x86,
    0x84, 0x83, 0x80, 0x7e, 0x7e, 0x7b, 0x79, 0x79, 0x7b, 0x7a, 0x79, 0x79, 0x7a, 0x79, 0x78, 0x79,
    0x78, 0x75, 0x73, 0x74, 0x71, 0x6e, 0x6e, 0x6d, 0x6d, 0x72, 0x79, 0x80, 0x85, 0x85, 0x8b, 0x8f,
    0x8e, 0x8c, 0x89, 0x88, 0x85, 0x80, 0x7b, 0x79, 0x79, 0x77, 0x78, 0x7b, 0x7d, 0x81, 0x83, 0x85,
    0x88, 0x89, 0x8a, 0x88, 0x87, 0x85, 0x82, 0x80, 0x7d, 0x7a, 0x78, 0x77, 0x78, 0x78, 0x7b, 0x7d,
    0x7f, 0x81, 0x83, 0x85, 0x85, 0x86, 0x86, 0x84, 0x83, 0x82, 0x80, 0x80, 0x7f, 0x80, 0x83, 0x83,
    0x83, 0x87, 0x89, 0x8a, 0x8a, 0x8b, 0x8a, 0x89, 0x89, 0x89, 0x87, 0x85, 0x85, 0x83, 0x82, 0x82,
    0x81, 0x82, 0x81, 0x80, 0x81, 0x82, 0x82, 0x81, 0x80, 0x7e, 0x7d, 0x7b, 0x79, 0x79, 0x79, 0x77,
    0x75, 0x77, 0x78, 0x77, 0x76, 0x76, 0x75, 0x75, 0x74, 0x73, 0x73, 0x75, 0x76, 0x7a, 0x81, 0x82,
    0x84, 0x85, 0x88, 0x8b, 0x8a, 0x89, 0x88, 0x87, 0x85, 0x82, 0x81, 0x7e, 0x7d, 0x7c, 0x7c, 0x7c,
    0x7d, 0x7e, 0x7f, 0x80, 0x83, 0x83, 0x83, 0x84, 0x84, 0x84, 0x83, 0x82, 0x80, 0x80, 0x7e, 0x7d,
    0x7d, 0x7c, 0x7c, 0x7c, 0x7c, 0x7d, 0x7e, 0x7f, 0x81, 0x82, 0x82, 0x82, 0x83, 0x83, 0x83, 0x82,
    0x83, 0x83, 0x82, 0x81, 0x81, 0x82, 0x82, 0x82, 0x82, 0x83, 0x83, 0x83, 0x84, 0x84, 0x84, 0x84,
    0x84, 0x83, 0x83, 0x83, 0x82, 0x81, 0x81, 0x81, 0x80, 0x81, 0x80, 0x7f, 0x7f, 0x7f, 0x7f, 0x80,
    0x80, 0x7f, 0x7f, 0x7f, 0x7f, 0x7e, 0x7d, 0x7d, 0x7d, 0x7d, 0x7c, 0x7c, 0x7b, 0x7a, 0x7a, 0x7a,
    0x7a, 0x7a, 0x7a, 0x7a, 0x7a, 0x7a, 0x7b, 0x7a, 0x7a, 0x7b, 0x7c, 0x7c, 0x7d, 0x7e, 0x7e, 0x80,
    0x81, 0x82, 0x83, 0x83, 0x83, 0x85, 0x85, 0x84, 0x84, 0x85, 0x84, 0x84, 0x84, 0x84, 0x84, 0x83,
    0x83, 0x83, 0x83, 0x83, 0x82, 0x83, 0x82, 0x81, 0x80, 0x80, 0x80, 0x80, 0x7f, 0x7f, 0x7f, 0x7e,
    0x7f, 0x7f, 0x7f, 0x80, 0x7f, 0x7f, 0x80, 0x81, 0x82, 0x81, 0x83, 0x82, 0x82, 0x83, 0x82, 0x83,
    0x82, 0x83, 0x83, 0x82, 0x82, 0x82, 0x81, 0x81, 0x81, 0x80, 0x81, 0x81, 0x80, 0x81, 0x7f, 0x80,
    0x80, 0x7f, 0x7e, 0x7e, 0x7e, 0x7e, 0x7e, 0x7e, 0x7d, 0x7d, 0x7e, 0x7d, 0x7e, 0x7d, 0x7d, 0x7d,
    0x7d, 0x7d, 0x7d, 0x7d, 0x7d, 0x7e, 0x7e, 0x7d, 0x7d, 0x7f, 0x7d, 0x7e, 0x7e, 0x7d, 0x7d, 0x7d,
    0x7e, 0x7e, 0x7e, 0x7e, 0x7f, 0x7f, 0x7f, 0x81, 0x80, 0x81, 0x80, 0x82, 0x82, 0x82, 0x82, 0x82,
    0x82, 0x83, 0x82, 0x83, 0x83, 0x82, 0x83, 0x82, 0x82, 0x83, 0x82, 0x82, 0x82, 0x82, 0x81, 0x81,
    0x80, 0x80, 0x7f, 0x7f, 0x7f, 0x7f, 0x7e, 0x7e, 0x7f, 0x7f, 0x7e, 0x7f, 0x7f, 0x7f, 0x80, 0x80,
    0x80, 0x80, 0x81, 0x80, 0x81, 0x82, 0x82, 0x81, 0x82, 0x81, 0x81, 0x81, 0x81, 0x82, 0x80, 0x81,
    0x81, 0x81, 0x80, 0x80, 0x80, 0x7f, 0x80, 0x7f, 0x7f, 0x7f, 0x7e, 0x7e, 0x7e, 0x7e, 0x7e, 0x7e,
    0x7e, 0x7e, 0x7e, 0x7e, 0x7e, 0x7e, 0x7e, 0x7e, 0x7e, 0x7f, 0x7f, 0x7e, 0x7e, 0x7f, 0x7f, 0x7e,
    0x7f, 0x7f, 0x7f, 0x7f, 0x7f, 0x7f, 0x7f, 0x7f, 0x7f, 0x7f, 0x7e, 0x7f, 0x7f, 0x7f, 0x7f, 0x7e,
    0x7f, 0x7f, 0x7f, 0x7f, 0x80, 0x80, 0x81, 0x81, 0x81, 0x80, 0x82, 0x81, 0x81, 0x82, 0x81, 0x81,
    0x82, 0x82, 0x82, 0x82, 0x81, 0x82, 0x81, 0x81, 0x82, 0x81, 0x81, 0x82, 0x82, 0x81, 0x81, 0x81,
    0x81, 0x81, 0x80, 0x80, 0x80, 0x80, 0x80, 0x81, 0x7f, 0x80, 0x80, 0x80, 0x81, 0x81, 0x81, 0x81,
    0x80, 0x80, 0x81, 0x81, 0x81, 0x81, 0x81, 0x81, 0x81, 0x82, 0x81, 0x81, 0x81, 0x81, 0x81, 0x80,
    0x80, 0x81, 0x80, 0x80, 0x80, 0x7f, 0x80, 0x7f, 0x7f, 0x7f, 0x7e, 0x7e, 0x7e, 0x7e, 0x7e, 0x7e,
    0x7d, 0x7d, 0x7d, 0x7d, 0x7c, 0x7c, 0x7c, 0x7d, 0x81, 0x80, 0x7e, 0x7f, 0x7f, 0x80, 0x80, 0x82,
    0x80, 0x81, 0x83, 0x81, 0x83, 0x81, 0x81, 0x7f, 0x80, 0x81, 0x80, 0x80, 0x80, 0x80, 0x7f, 0x7f,
    0x80, 0x7f, 0x7f, 0x7f, 0x7f, 0x7f, 0x7f, 0x80, 0x80, 0x7f, 0x80, 0x80, 0x80, 0x81, 0x80, 0x80,
    0x7f, 0x80, 0x7f, 0x80, 0x80, 0x7f, 0x7f, 0x80, 0x80, 0x80, 0x81, 0x82, 0x83, 0x84, 0x85, 0x85,
    0x85, 0x85, 0x85, 0x86, 0x85, 0x85, 0x85, 0x84, 0x84, 0x84, 0x84, 0x83, 0x84, 0x84, 0x85, 0x84,
    0x86, 0x85, 0x85, 0x84, 0x82, 0x83, 0x81, 0x81, 0x7f, 0x7e, 0x7e, 0x7d, 0x7d, 0x7c, 0x7c, 0x7c,
    0x7c, 0x7a, 0x7b, 0x7a, 0x78, 0x77, 0x75, 0x74, 0x72, 0x70, 0x6f, 0x6f, 0x70, 0x72, 0x77, 0x7f,
    0x85, 0x86, 0x88, 0x8a, 0x8d, 0x8c, 0x8c, 0x89, 0x85, 0x82, 0x80, 0x7d, 0x79, 0x77, 0x78, 0x79,
    0x7a, 0x7d, 0x7f, 0x81, 0x84, 0x87, 0x88, 0x88, 0x87, 0x86, 0x85, 0x82, 0x80, 0x7c, 0x7a, 0x79,
    0x7a, 0x7a, 0x7b, 0x7c, 0x7d, 0x7f, 0x82, 0x85, 0x87, 0x87, 0x8c, 0x8c, 0x8c, 0x8d, 0x8c, 0x89,
    0x88, 0x87, 0x86, 0x85, 0x84, 0x85, 0x84, 0x85, 0x86, 0x86, 0x85, 0x85, 0x86, 0x84, 0x83, 0x81,
    0x80, 0x7f, 0x7d, 0x7c, 0x7a, 0x79, 0x78, 0x77, 0x76, 0x75, 0x74, 0x72, 0x71, 0x71, 0x6f, 0x6b,
    0x68, 0x6c, 0x71, 0x76, 0x7e, 0x86, 0x8a, 0x8a, 0x8e, 0x93, 0x90, 0x8b, 0x88, 0x84, 0x7d, 0x79,
    0x76, 0x71, 0x6f, 0x73, 0x78, 0x7b, 0x7f, 0x85, 0x8a, 0x8c, 0x8f, 0x8f, 0x8c, 0x89, 0x85, 0x81,
    0x7c, 0x77, 0x75, 0x73, 0x73, 0x74, 0x75, 0x78, 0x7c, 0x81, 0x84, 0x87, 0x88, 0x8a, 0x8a, 0x88,
    0x85, 0x83, 0x81, 0x84, 0x87, 0x85, 0x85, 0x87, 0x8a, 0x8a, 0x8a, 0x8b, 0x8a, 0x8a, 0x8b, 0x8b,
    0x88, 0x87, 0x88, 0x88, 0x85, 0x85, 0x84, 0x83, 0x83, 0x83, 0x80, 0x7f, 0x7f, 0x7e, 0x7b, 0x79,
    0x78, 0x77, 0x75, 0x73, 0x72, 0x70, 0x6e, 0x6b, 0x69, 0x67, 0x66, 0x6c, 0x73, 0x79, 0x80, 0x89,
    0x8e, 0x8e, 0x92, 0x93, 0x8f, 0x8b, 0x86, 0x81, 0x7a, 0x74, 0x73, 0x72, 0x70, 0x73, 0x79, 0x7d,
    0x81, 0x87, 0x8c, 0x8e, 0x90, 0x8f, 0x8c, 0x87, 0x83, 0x7f, 0x7a, 0x75, 0x73, 0x72, 0x72, 0x73,
    0x77, 0x7a, 0x7e, 0x82, 0x87, 0x88, 0x8b, 0x8b, 0x89, 0x87, 0x83, 0x80, 0x7d, 0x7b, 0x79, 0x7a,
    0x7f, 0x84, 0x88, 0x8b, 0x90, 0x92, 0x92, 0x91, 0x8f, 0x8d, 0x8b, 0x88, 0x85, 0x82, 0x83, 0x83,
    0x82, 0x83, 0x86, 0x88, 0x87, 0x87, 0x88, 0x86, 0x84, 0x82, 0x7d, 0x79, 0x78, 0x74, 0x71, 0x73,
    0x75, 0x76, 0x74, 0x73, 0x72, 0x74, 0x72, 0x6e, 0x6e, 0x6f, 0x73, 0x75, 0x79, 0x83, 0x85, 0x86,
    0x8a, 0x8e, 0x8c, 0x89, 0x89, 0x85, 0x7f, 0x7c, 0x79, 0x75, 0x74, 0x76, 0x78, 0x7b, 0x7f, 0x85,
    0x89, 0x8a, 0x8b, 0x8c, 0x89, 0x87, 0x84, 0x7f, 0x7c, 0x78, 0x75, 0x74, 0x74, 0x77, 0x79, 0x7d,
    0x80, 0x84, 0x87, 0x89, 0x89, 0x88, 0x87, 0x83, 0x80, 0x7d, 0x7b, 0x78, 0x77, 0x77, 0x78, 0x7a,
    0x7d, 0x85, 0x8d, 0x8d, 0x8f, 0x93, 0x94, 0x8f, 0x8c, 0x8b, 0x89, 0x84, 0x82, 0x81, 0x82, 0x83,
    0x83, 0x84, 0x86, 0x8a, 0x89, 0x89, 0x89, 0x88, 0x85, 0x82, 0x80, 0x7e, 0x7a, 0x77, 0x76, 0x75,
    0x75, 0x74, 0x74, 0x77, 0x77, 0x76, 0x75, 0x74, 0x71, 0x70, 0x6f, 0x71, 0x73, 0x76, 0x7c, 0x81,
    0x83, 0x89, 0x8b, 0x8d, 0x8b, 0x8b, 0x88, 0x84, 0x7f, 0x7b, 0x78, 0x76, 0x76, 0x77, 0x78, 0x7d,
    0x81, 0x83, 0x86, 0x8a, 0x8b, 0x8b, 0x8a, 0x87, 0x84, 0x81, 0x7c, 0x7a, 0x78, 0x76, 0x75, 0x76,
    0x78, 0x7b, 0x7e, 0x80, 0x83, 0x86, 0x86, 0x86, 0x86, 0x86, 0x82, 0x81, 0x7f, 0x7e, 0x7b, 0x7b,
    0x7a, 0x7c, 0x7d, 0x7d, 0x84, 0x8a, 0x89, 0x89, 0x8e, 0x92, 0x8e, 0x8c, 0x8d, 0x8d, 0x89, 0x87,
    0x86, 0x86, 0x84, 0x83, 0x84, 0x86, 0x86, 0x85, 0x84, 0x83, 0x83, 0x81, 0x7f, 0x7f, 0x7d, 0x7b,
    0x7a, 0x7a, 0x78, 0x76, 0x74, 0x74, 0x75, 0x72, 0x70, 0x6e, 0x6f, 0x71, 0x72, 0x74, 0x78, 0x7f,
    0x82, 0x84, 0x87, 0x8a, 0x8b, 0x8a, 0x88, 0x86, 0x83, 0x81, 0x7c, 0x7a, 0x7a, 0x7a, 0x7a, 0x7c,
    0x7e, 0x81, 0x83, 0x85, 0x86, 0x89, 0x87, 0x86, 0x84, 0x82, 0x7f, 0x7d, 0x7a, 0x79, 0x78, 0x78,
    0x77, 0x7a, 0x7c, 0x7d, 0x7f, 0x81, 0x82, 0x82, 0x83, 0x83, 0x83, 0x83, 0x82, 0x81, 0x80, 0x7f,
    0x7e, 0x7e, 0x7e, 0x7e, 0x7e, 0x7e, 0x7f, 0x80, 0x84, 0x88, 0x88, 0x8a, 0x8d, 0x8d, 0x8c, 0x8c,
    0x8d, 0x8b, 0x88, 0x87, 0x87, 0x85, 0x84, 0x83, 0x83, 0x84, 0x84, 0x84, 0x83, 0x83, 0x83, 0x82,
    0x80, 0x80, 0x7e, 0x7c, 0x7b, 0x79, 0x78, 0x77, 0x76, 0x74, 0x73, 0x72, 0x70, 0x6e, 0x6d, 0x6b,
    0x6f, 0x74, 0x76, 0x79, 0x82, 0x86, 0x86, 0x8a, 0x8e, 0x8d, 0x8c, 0x8b, 0x88, 0x85, 0x81, 0x7d,
    0x7a, 0x79, 0x79, 0x79, 0x79, 0x7d, 0x81, 0x82, 0x84, 0x86, 0x88, 0x88, 0x86, 0x86, 0x84, 0x82,
    0x7f, 0x7c, 0x7a, 0x79, 0x78, 0x77, 0x77, 0x7a, 0x7c, 0x7d, 0x7f, 0x80, 0x82, 0x83, 0x84, 0x83,
    0x82, 0x82, 0x81, 0x80, 0x7f, 0x7f, 0x7e, 0x7e, 0x7e, 0x7e, 0x7f, 0x80, 0x80, 0x81, 0x82, 0x84,
    0x87, 0x88, 0x87, 0x89, 0x8b, 0x8c, 0x89, 0x88, 0x8a, 0x88, 0x86, 0x86, 0x86, 0x85, 0x84, 0x84,
    0x83, 0x84, 0x83, 0x82, 0x82, 0x82, 0x81, 0x80, 0x7f, 0x7f, 0x7c, 0x7b, 0x7b, 0x79, 0x78, 0x78,
    0x77, 0x76, 0x76, 0x76, 0x74, 0x72, 0x71, 0x71, 0x72, 0x75, 0x77, 0x79, 0x7d, 0x83, 0x83, 0x86,
    0x8c, 0x8e, 0x8a, 0x89, 0x8c, 0x89, 0x83, 0x81, 0x7f, 0x7d, 0x7a, 0x7a, 0x7a, 0x7a, 0x7b, 0x7d,
    0x80, 0x81, 0x84, 0x85, 0x86, 0x87, 0x86, 0x84, 0x82, 0x82, 0x7f, 0x7c, 0x7a, 0x79, 0x78, 0x78,
    0x78, 0x79, 0x7b, 0x7d, 0x7f, 0x80, 0x82, 0x84, 0x84, 0x85, 0x86, 0x84, 0x84, 0x83, 0x82, 0x80,
    0x7f, 0x7e, 0x7d, 0x7d, 0x7d, 0x7d, 0x7e, 0x7f, 0x81, 0x84, 0x85, 0x87, 0x8a, 0x8c, 0x8c, 0x8b,
    0x8c, 0x8b, 0x89, 0x88, 0x87, 0x85, 0x83, 0x81, 0x81, 0x7f, 0x7f, 0x7f, 0x7f, 0x80, 0x7f, 0x7f,
    0x80, 0x81, 0x81, 0x80, 0x7f, 0x7f, 0x7d, 0x7b, 0x7a, 0x7a, 0x79, 0x76, 0x74, 0x75, 0x73, 0x70,
    0x70, 0x74, 0x74, 0x75, 0x79, 0x7f, 0x82, 0x81, 0x85, 0x8a, 0x8c, 0x8a, 0x8b, 0x8c, 0x89, 0x86,
    0x83, 0x81, 0x80, 0x7d, 0x7b, 0x79, 0x7a, 0x7b, 0x7b, 0x7b, 0x7f, 0x81, 0x82, 0x83, 0x84, 0x86,
    0x85, 0x84, 0x84, 0x83, 0x81, 0x7f, 0x7e, 0x7c, 0x7b, 0x7a, 0x7a, 0x79, 0x7a, 0x7b, 0x7c, 0x7e,
    0x80, 0x81, 0x82, 0x84, 0x85, 0x85, 0x86, 0x86, 0x85, 0x84, 0x83, 0x82, 0x81, 0x7f, 0x7e, 0x7e,
    0x7d, 0x7d, 0x7e, 0x81, 0x82, 0x83, 0x85, 0x89, 0x89, 0x89, 0x8b, 0x8b, 0x8b, 0x89, 0x87, 0x86,
    0x83, 0x81, 0x80, 0x7f, 0x7d, 0x7e, 0x7d, 0x7d, 0x7e, 0x7f, 0x7f, 0x80, 0x80, 0x81, 0x7f, 0x7f,
    0x7f, 0x7e, 0x7b, 0x7a, 0x79, 0x76, 0x74, 0x74, 0x72, 0x72, 0x72, 0x74, 0x75, 0x78, 0x7c, 0x80,
    0x81, 0x86, 0x89, 0x89, 0x89, 0x8c, 0x8c, 0x89, 0x88, 0x86, 0x83, 0x80, 0x7d, 0x7c, 0x7b, 0x7a,
    0x7a, 0x7b, 0x7b, 0x7c, 0x7e, 0x7f, 0x81, 0x83, 0x84, 0x84, 0x85, 0x84, 0x83, 0x82, 0x81, 0x80,
    0x80, 0x7e, 0x7e, 0x7d, 0x7c, 0x7d, 0x7d, 0x7d, 0x7f, 0x7f, 0x81, 0x81, 0x82, 0x82, 0x83, 0x83,
    0x83, 0x83, 0x82, 0x82, 0x81, 0x80, 0x7f, 0x7f, 0x7e, 0x7d, 0x7d, 0x7d, 0x7e, 0x7e, 0x7e, 0x80,
    0x81, 0x82, 0x83, 0x84, 0x85, 0x86, 0x87, 0x86, 0x86, 0x86, 0x85, 0x84, 0x84, 0x83, 0x81, 0x81,
    0x81, 0x7f, 0x7f, 0x80, 0x7f, 0x81, 0x80, 0x80, 0x81, 0x81, 0x80, 0x80, 0x80, 0x7f, 0x7d, 0x7d,
    0x7b, 0x7a, 0x78, 0x78, 0x74, 0x75, 0x77, 0x77, 0x76, 0x79, 0x7c, 0x7d, 0x7f, 0x82, 0x85, 0x86,
    0x86, 0x87, 0x87, 0x87, 0x86, 0x84, 0x83, 0x82, 0x80, 0x7e, 0x7d, 0x7e, 0x7d, 0x7d, 0x7e, 0x80,
    0x80, 0x80, 0x81, 0x83, 0x82, 0x83, 0x83, 0x82, 0x83, 0x81, 0x80, 0x80, 0x7f, 0x7d, 0x7c, 0x7c,
    0x7c, 0x7c, 0x7c, 0x7c, 0x7d, 0x7e, 0x7f, 0x80, 0x81, 0x82, 0x83, 0x83, 0x83, 0x83, 0x82, 0x82,
    0x82, 0x81, 0x80, 0x80, 0x7f, 0x7f, 0x7e, 0x7e, 0x7e, 0x7e, 0x7f, 0x7f, 0x80, 0x80, 0x81, 0x81,
    0x83, 0x83, 0x83, 0x83, 0x83, 0x83, 0x82, 0x81, 0x81, 0x80, 0x7f, 0x7f, 0x7f, 0x7e, 0x7e, 0x7f,
    0x7f, 0x80, 0x80, 0x80, 0x81, 0x82, 0x82, 0x82, 0x81, 0x82, 0x82, 0x81, 0x81, 0x80, 0x81, 0x80,
    0x80, 0x7f, 0x7e, 0x7e, 0x7e, 0x7e, 0x7e, 0x7e, 0x7e, 0x7e, 0x7e, 0x7f, 0x7e, 0x7f, 0x7e, 0x7f,
    0x7e, 0x7f, 0x7e, 0x7e, 0x7e, 0x7e, 0x7e, 0x7f, 0x7f, 0x7f, 0x7f, 0x7f, 0x7f, 0x7f, 0x80, 0x81,
    0x81, 0x81, 0x81, 0x81, 0x82, 0x82, 0x82, 0x82, 0x82, 0x81, 0x82, 0x81, 0x81, 0x81, 0x81, 0x80,
    0x81, 0x80, 0x80, 0x81, 0x80, 0x81, 0x81, 0x81, 0x80, 0x80, 0x81, 0x81, 0x81, 0x82, 0x81, 0x81,
    0x81, 0x80, 0x80, 0x80, 0x80, 0x80, 0x80, 0x80, 0x80, 0x7f, 0x81, 0x80, 0x7f, 0x80, 0x80, 0x80,
    0x7f, 0x7f, 0x80, 0x7f, 0x80, 0x80, 0x80, 0x80, 0x7f, 0x80, 0x7f, 0x7f, 0x7f, 0x7f, 0x80, 0x7f,
    0x80, 0x80, 0x80, 0x7f, 0x80, 0x80, 0x80, 0x7f, 0x80, 0x7f, 0x80, 0x80, 0x80, 0x80, 0x80, 0x7f,
    0x80, 0x80, 0x81, 0x80, 0x80, 0x80, 0x81, 0x80, 0x80, 0x81, 0x81, 0x80, 0x80, 0x80, 0x80, 0x80,
    0x80, 0x7f, 0x7f, 0x80, 0x80, 0x80, 0x7f, 0x7f, 0x80, 0x80, 0x80, 0x7f, 0x80, 0x80, 0x80, 0x80,
    0x80, 0x80, 0x80, 0x81, 0x80, 0x81, 0x81, 0x81, 0x81, 0x80, 0x80, 0x80, 0x81, 0x80, 0x80, 0x81,
    0x80, 0x80, 0x80, 0x81, 0x80, 0x81, 0x81, 0x81, 0x80, 0x80, 0x81, 0x80, 0x80, 0x80, 0x80, 0x80,
    0x80, 0x80, 0x80, 0x80, 0x80, 0x81, 0x81, 0x80, 0x80, 0x7f, 0x80, 0x80, 0x81, 0x80, 0x7f, 0x80,
    0x7f, 0x80, 0x80, 0x80, 0x80, 0x80, 0x7f, 0x80, 0x7f, 0x80, 0x80, 0x7f, 0x80, 0x80, 0x80, 0x7f,
    0x80, 0x80, 0x80, 0x7f, 0x7f, 0x80, 0x80, 0x7f, 0x7f, 0x7f, 0x7f, 0x80, 0x80, 0x80, 0x80, 0x80,
    0x80, 0x80, 0x80, 0x81, 0x80, 0x81, 0x80, 0x7f, 0x81, 0x80, 0x80, 0x80, 0x80, 0x80, 0x80, 0x80,
    0x80, 0x80, 0x7f, 0x80, 0x80, 0x80, 0x80, 0x80, 0x81, 0x7f, 0x80, 0x80, 0x81, 0x81, 0x81, 0x80,
    0x80, 0x80, 0x80, 0x80, 0x80, 0x80, 0x81, 0x81, 0x7f, 0x80, 0x80, 0x80, 0x80, 0x80, 0x81, 0x81,
    0x80, 0x80, 0x80, 0x81, 0x80, 0x80, 0x80, 0x80, 0x81, 0x81, 0x80, 0x80, 0x80, 0x80, 0x80, 0x80,
    0x81, 0x80, 0x80, 0x80, 0x80, 0x80, 0x81, 0x80, 0x80, 0x80, 0x80, 0x80, 0x7f, 0x80, 0x80, 0x80,
    0x80, 0x80, 0x80, 0x80, 0x80, 0x7f, 0x80, 0x80, 0x80, 0x80, 0x80, 0x81, 0x80, 0x80, 0x80, 0x81,
    0x81, 0x80, 0x80, 0x80, 0x80, 0x80, 0x80, 0x80, 0x80, 0x80, 0x81, 0x80, 0x80, 0x80, 0x80, 0x7f,
    0x80, 0x7f, 0x80, 0x7f, 0x7f, 0x80, 0x7f, 0x80, 0x80, 0x7f, 0x80, 0x81, 0x80, 0x7f, 0x81, 0x80,
    0x81, 0x7f, 0x80, 0x80, 0x80, 0x81, 0x80, 0x80, 0x81, 0x81, 0x80, 0x80, 0x80, 0x80, 0x81, 0x80,
    0x80, 0x80, 0x80, 0x80, 0x80, 0x81, 0x81, 0x81, 0x80, 0x80, 0x80, 0x80, 0x80, 0x80, 0x80, 0x7f,
    0x80, 0x80, 0x81, 0x80, 0x80, 0x81, 0x80, 0x80, 0x80, 0x80, 0x80, 0x80, 0x80, 0x80, 0x80, 0x80,
    0x80, 0x80, 0x81, 0x80, 0x7f, 0x80, 0x80, 0x7f, 0x81, 0x80, 0x80, 0x7f, 0x80, 0x80, 0x80, 0x80,
    0x7f, 0x7f, 0x80, 0x81, 0x80, 0x80, 0x80, 0x7f, 0x7f, 0x7f, 0x80, 0x7f, 0x81, 0x7f, 0x80, 0x81,
    0x80, 0x80, 0x80, 0x81, 0x80, 0x80, 0x80, 0x80, 0x81, 0x80, 0x7f, 0x7f, 0x80, 0x81, 0x81, 0x81,
    0x80, 0x80, 0x80, 0x81, 0x80, 0x81, 0x7f, 0x80, 0x81, 0x80, 0x81, 0x80, 0x80, 0x81, 0x80, 0x80,
    0x80, 0x80, 0x80, 0x80, 0x81, 0x80, 0x80, 0x80, 0x81, 0x80, 0x80, 0x81, 0x80, 0x80, 0x7f, 0x81,
    0x81, 0x81, 0x7f, 0x80, 0x82, 0x80, 0x80, 0x80, 0x81, 0x80, 0x80, 0x80, 0x80, 0x80, 0x7f, 0x7f,
    0x81, 0x80, 0x80, 0x7f, 0x81, 0x81, 0x80, 0x80, 0x7f, 0x81, 0x80, 0x80, 0x7f, 0x7f, 0x80, 0x81,
    0x80, 0x80, 0x80, 0x80, 0x80, 0x80, 0x80, 0x81, 0x7f, 0x81, 0x80, 0x7f, 0x81, 0x7f, 0x7f, 0x7f,
    0x81, 0x80, 0x7f, 0x80, 0x80, 0x81, 0x80, 0x80, 0x80, 0x80, 0x7f, 0x80, 0x81, 0x81, 0x80, 0x81,
    0x80, 0x80, 0x80, 0x80, 0x80, 0x81, 0x81, 0x80, 0x7f, 0x7f, 0x80, 0x7f, 0x80, 0x7f, 0x80, 0x80,
    0x82, 0x80, 0x82, 0x80, 0x80, 0x80, 0x7f, 0x80, 0x80, 0x81, 0x80, 0x80, 0x80, 0x80, 0x80, 0x80,
    0x7f, 0x81, 0x81, 0x80, 0x80, 0x80, 0x80, 0x81, 0x80, 0x80, 0x7f, 0x80, 0x80, 0x7f, 0x7f, 0x80,
    0x81, 0x7f, 0x7f, 0x80, 0x80, 0x80, 0x80, 0x7f, 0x80, 0x81, 0x80, 0x80, 0x80, 0x80, 0x81, 0x80,
    0x7f, 0x80, 0x7f, 0x80, 0x80, 0x81, 0x82, 0x80, 0x80, 0x7f, 0x80, 0x81, 0x80, 0x80, 0x80, 0x80,
    0x7f, 0x7e, 0x80, 0x81, 0x80, 0x80, 0x81, 0x80, 0x80, 0x80, 0x7f, 0x80, 0x80, 0x81, 0x7f, 0x80,
    0x80, 0x81, 0x80, 0x7f, 0x80, 0x80, 0x80, 0x7f, 0x7f, 0x81, 0x7f, 0x7f, 0x81, 0x7f, 0x80, 0x80,
    0x80, 0x81, 0x80, 0x80, 0x80, 0x81, 0x7f, 0x80, 0x80, 0x81, 0x80, 0x7f, 0x80, 0x81, 0x81, 0x80,
    0x80, 0x80, 0x81, 0x80, 0x80, 0x80, 0x80, 0x82, 0x80, 0x7f, 0x80, 0x80, 0x80, 0x80, 0x7f, 0x80,
    0x80, 0x81, 0x7f, 0x7f, 0x80, 0x80, 0x7f, 0x7f, 0x7f, 0x81, 0x82, 0x7f, 0x80, 0x80, 0x80, 0x80,
    0x81, 0x80, 0x80, 0x81, 0x7f, 0x80, 0x7f, 0x80, 0x80, 0x80, 0x7f, 0x7f, 0x80, 0x80, 0x7f, 0x7f,
    0x80, 0x81, 0x80, 0x80, 0x80, 0x7f, 0x80, 0x80, 0x7f, 0x80, 0x81, 0x80, 0x7f, 0x80, 0x7f, 0x81,
    0x80, 0x80, 0x7f, 0x7f, 0x80, 0x81, 0x7f, 0x7f, 0x80, 0x81, 0x80, 0x7f, 0x81, 0x80, 0x81, 0x80,
    0x7e, 0x7f, 0x80, 0x81, 0x7f, 0x7f, 0x7f, 0x81, 0x7f, 0x80, 0x7f, 0x81, 0x81, 0x7f, 0x80, 0x81,
    0x81, 0x80, 0x7f, 0x7f, 0x81, 0x7f, 0x80, 0x7f, 0x81, 0x80, 0x80, 0x80, 0x80, 0x82, 0x81, 0x80,
    0x80, 0x82, 0x80, 0x81, 0x80, 0x7f, 0x80, 0x80, 0x80, 0x80, 0x80, 0x7f, 0x81, 0x80, 0x80, 0x80,
    0x81, 0x80, 0x81, 0x80, 0x80, 0x80, 0x80, 0x7f, 0x7f, 0x80, 0x80, 0x80, 0x80, 0x80, 0x81, 0x80,
    0x7f, 0x80, 0x81, 0x80, 0x80, 0x7f, 0x81, 0x7f, 0x7f, 0x80, 0x80, 0x80, 0x80, 0x7f, 0x80, 0x80,
    0x80, 0x80, 0x80, 0x80, 0x80, 0x81, 0x80, 0x80, 0x80, 0x80, 0x80, 0x81, 0x80, 0x7f, 0x80, 0x80,
    0x80, 0x80, 0x80, 0x80, 0x81, 0x81, 0x81, 0x7f, 0x80, 0x81, 0x80, 0x7f, 0x80, 0x80, 0x80, 0x80,
    0x7f, 0x80, 0x80, 0x82, 0x80, 0x80, 0x80, 0x81, 0x80, 0x7f, 0x80, 0x80, 0x81, 0x81, 0x81, 0x80,
    0x80, 0x7f, 0x80, 0x80, 0x80, 0x80, 0x80, 0x80, 0x7f, 0x80, 0x7f, 0x81, 0x7f, 0x80, 0x80, 0x80,
    0x80, 0x81, 0x81, 0x80, 0x80, 0x7f, 0x80, 0x80, 0x7f, 0x80, 0x80, 0x80, 0x7f, 0x80, 0x80, 0x80,
    0x7f, 0x80, 0x80, 0x80, 0x80, 0x81, 0x81, 0x80, 0x7f, 0x7f, 0x81, 0x81, 0x81, 0x80, 0x80, 0x80,
    0x80, 0x80, 0x81, 0x81, 0x80, 0x80, 0x80, 0x80, 0x81, 0x80, 0x80, 0x80, 0x7f, 0x80, 0x81, 0x80,
    0x81, 0x80, 0x80, 0x80, 0x80, 0x7f, 0x7f, 0x81, 0x81, 0x7f, 0x80, 0x81, 0x7f, 0x7f, 0x80, 0x80,
    0x80, 0x80, 0x80, 0x80, 0x80, 0x80, 0x80, 0x80, 0x80, 0x80, 0x80, 0x80, 0x80, 0x7f, 0x81, 0x80,
    0x7f, 0x80, 0x80, 0x80, 0x80, 0x7f, 0x80, 0x7f, 0x7f, 0x7f, 0x7f, 0x80, 0x80, 0x80, 0x80, 0x81,
    0x80, 0x80, 0x80, 0x80, 0x80, 0x80, 0x7f, 0x7f, 0x81, 0x80, 0x81, 0x80, 0x80, 0x80, 0x80, 0x81,
    0x7f, 0x80, 0x80, 0x81, 0x80, 0x81, 0x81, 0x80, 0x80, 0x80, 0x80, 0x81, 0x80, 0x80, 0x80, 0x7f,
    0x80, 0x80, 0x80, 0x80, 0x80, 0x80, 0x80, 0x7f, 0x80, 0x80, 0x80, 0x80, 0x80, 0x7f, 0x7f, 0x80,
    0x80, 0x7f, 0x80, 0x80, 0x80, 0x80, 0x80, 0x80, 0x80, 0x80, 0x7f, 0x7f, 0x7f, 0x7f, 0x80, 0x80,
    0x80, 0x80, 0x80, 0x7f, 0x80, 0x81, 0x81, 0x80, 0x7f, 0x80, 0x80, 0x80, 0x80, 0x81, 0x80, 0x80,
    0x80, 0x80, 0x80, 0x80, 0x7f, 0x80, 0x80, 0x80, 0x80, 0x81, 0x80, 0x80, 0x80, 0x80, 0x80, 0x80,
    0x81, 0x80, 0x81, 0x80, 0x80, 0x80, 0x80, 0x7f, 0x81, 0x80, 0x7f, 0x80, 0x80, 0x7f, 0x80, 0x7f,
    0x81, 0x80, 0x80, 0x80, 0x80, 0x80, 0x80, 0x80, 0x7f, 0x80, 0x7f, 0x80, 0x7f, 0x80, 0x80, 0x80,
    0x80, 0x80, 0x7f, 0x81, 0x80, 0x80, 0x80, 0x80, 0x81, 0x80, 0x80, 0x80, 0x81, 0x7f, 0x80, 0x80,
    0x81, 0x80, 0x81, 0x80, 0x81, 0x7f, 0x80, 0x80, 0x80, 0x80, 0x80, 0x80, 0x80, 0x7f, 0x80, 0x80,
    0x80, 0x80, 0x80, 0x80, 0x7f, 0x7f, 0x80, 0x80, 0x81, 0x80, 0x80, 0x80, 0x80, 0x7f, 0x80, 0x80,
    0x80, 0x80, 0x80, 0x80, 0x80, 0x7f, 0x80, 0x7f, 0x81, 0x80, 0x80, 0x7f, 0x80, 0x80, 0x7f, 0x80,
    0x7f, 0x80, 0x80, 0x80, 0x80, 0x81, 0x80, 0x80, 0x80, 0x81, 0x7f, 0x7f, 0x80, 0x80, 0x7f, 0x81,
    0x80, 0x7f, 0x81, 0x81, 0x80, 0x81, 0x80, 0x80, 0x81, 0x80, 0x80, 0x80, 0x80, 0x7f, 0x81, 0x80,
    0x80, 0x80, 0x80, 0x7f, 0x7f, 0x80, 0x81, 0x80, 0x80, 0x81, 0x7f, 0x7f, 0x80, 0x7f, 0x81, 0x80,
    0x7f, 0x80, 0x80, 0x7f, 0x80, 0x7f, 0x81, 0x80, 0x7f, 0x7f, 0x80, 0x7f, 0x80, 0x80, 0x80, 0x7f,
    0x7f, 0x80, 0x80, 0x80, 0x80, 0x80, 0x80, 0x80, 0x7f, 0x81, 0x80, 0x80, 0x80, 0x7f, 0x80, 0x80,
    0x80, 0x80, 0x80, 0x80, 0x80, 0x80, 0x80, 0x7f, 0x80, 0x80, 0x80, 0x80, 0x80, 0x80, 0x80, 0x80,
    0x80, 0x81, 0x7f, 0x7f, 0x80, 0x7f, 0x81, 0x80, 0x80, 0x80, 0x80, 0x80, 0x81, 0x80, 0x80, 0x80,
    0x80, 0x80, 0x80, 0x80, 0x80, 0x80, 0x80, 0x80, 0x80, 0x80, 0x7f, 0x80, 0x80, 0x80, 0x7f, 0x80,
    0x80, 0x80, 0x7f, 0x80, 0x80, 0x80, 0x80, 0x80, 0x80, 0x7f, 0x80, 0x80, 0x81, 0x80, 0x80, 0x80,
    0x80, 0x80, 0x80, 0x80, 0x80, 0x80, 0x80, 0x81, 0x80, 0x80, 0x80, 0x80, 0x80, 0x80, 0x7f, 0x80,
    0x81, 0x80, 0x7f, 0x80, 0x80, 0x80, 0x80, 0x7f, 0x80, 0x80, 0x81, 0x80, 0x80, 0x80, 0x80, 0x80,
    0x81, 0x80, 0x80, 0x80, 0x80, 0x80, 0x80, 0x80, 0x80, 0x81, 0x81, 0x80, 0x80, 0x80, 0x80, 0x80,
    0x80, 0x80, 0x80, 0x7f, 0x80, 0x00, 0x00,
};

static const unsigned char d21[] = {
    0x4e, 0x53, 0x4e, 0x44, 0x01, 0xbb, 0x00, 0x01, 0x00, 0x00, 0x2e, 0x72, 0x00, 0x00, 0x1f, 0x46,
    0x00, 0x00, 0x00, 0x00, 0x00, 0x00, 0x00, 0x00, 0x00, 0x00, 0x00, 0x00, 0x00, 0x00, 0x00, 0x00,
    0x00, 0x00, 0x00, 0x00, 0x00, 0x00, 0x00, 0x00, 0x00, 0x00, 0x00, 0x00, 0x00, 0x00, 0x00, 0x00,
    0x00, 0x00, 0x00, 0x00, 0x00, 0x00, 0x00, 0x00, 0x00, 0x00, 0x00, 0x00, 0x00, 0x00, 0x00, 0x00,
    0x00, 0x00, 0x00, 0x00, 0x00, 0x00, 0x00, 0x00, 0x00, 0x00, 0x00, 0x00, 0x00, 0x00, 0x00, 0x00,
    0x00, 0x00, 0x00, 0x00, 0x00, 0x00, 0x00, 0x00, 0x00, 0x00, 0x00, 0x00, 0x00, 0x00, 0x00, 0x00,
    0x00, 0x00, 0x00, 0x00, 0x00, 0x00, 0x00, 0x00, 0x00, 0x00, 0x00, 0x00, 0x00, 0x00, 0x00, 0x00,
    0x00, 0x00, 0x00, 0x00, 0x00, 0x00, 0x00, 0x00, 0x00, 0x00, 0x00, 0x00, 0x00, 0x00, 0x00, 0x00,
    0x00, 0x00, 0x00, 0x00, 0x00, 0x00, 0x00, 0x00, 0x00, 0x00, 0x00, 0x00, 0x00, 0x00, 0x00, 0x00,
    0x00, 0x00, 0x00, 0x00, 0x00, 0x00, 0x00, 0x00, 0x00, 0x00, 0x00, 0x00, 0x00, 0x00, 0x00, 0x00,
    0x00, 0x00, 0x00, 0x00, 0x00, 0x00, 0x00, 0x00, 0x00, 0x00, 0x00, 0x00, 0x00, 0x00, 0x00, 0x00,
    0x00, 0x00, 0x00, 0x00, 0x00, 0x00, 0x00, 0x00, 0x00, 0x00, 0x00, 0x00, 0x00, 0x00, 0x00, 0x00,
    0x00, 0x00, 0x00, 0x00, 0x00, 0x00, 0x00, 0x00, 0x00, 0x00, 0x00, 0x00, 0x00, 0x00, 0x00, 0x00,
    0x00, 0x00, 0x00, 0x00, 0x00, 0x00, 0x00, 0x00, 0x00, 0x00, 0x00, 0x00, 0x00, 0x00, 0x00, 0x00,
    0x00, 0x00, 0x00, 0x00, 0x00, 0x00, 0x00, 0x00, 0x00, 0x00, 0x00, 0x00, 0x00, 0x00, 0x00, 0x00,
    0x00, 0x00, 0x00, 0x00, 0x00, 0x00, 0x00, 0x00, 0x00, 0x00, 0x00, 0x00, 0x00, 0x00, 0x00, 0x00,
    0x00, 0x00, 0x00, 0x00, 0x00, 0x00, 0x00, 0x00, 0x00, 0x00, 0x00, 0x00, 0x00, 0x00, 0x00, 0x00,
    0x00, 0x00, 0x00, 0x00, 0x00, 0x00, 0x00, 0x00, 0x00, 0x00, 0x00, 0x00, 0x00, 0x00, 0x00, 0x00,
    0x00, 0x00, 0x00, 0x00, 0x00, 0x00, 0x00, 0x00, 0x00, 0x00, 0x00, 0x00, 0x00, 0x00, 0x00, 0x00,
    0x00, 0x00, 0x00, 0x00, 0x00, 0x00, 0x00, 0x00, 0x00, 0x00, 0x00, 0x00, 0x00, 0x00, 0x00, 0x00,
    0x00, 0x00, 0x00, 0x00, 0x00, 0x00, 0x00, 0x00, 0x00, 0x00, 0x00, 0x00, 0x00, 0x00, 0x00, 0x00,
    0x00, 0x00, 0x00, 0x00, 0x00, 0x00, 0x00, 0x00, 0x00, 0x00, 0x00, 0x00, 0x00, 0x00, 0x00, 0x00,
    0x00, 0x00, 0x00, 0x00, 0x00, 0x00, 0x00, 0x00, 0x00, 0x00, 0x00, 0x00, 0x00, 0x00, 0x00, 0x00,
    0x00, 0x00, 0x00, 0x00, 0x00, 0x00, 0x00, 0x00, 0x00, 0x00, 0x00, 0x00, 0x00, 0x00, 0x00, 0x00,
    0x00, 0x00, 0x00, 0x00, 0x00, 0x00, 0x00, 0x00, 0x00, 0x00, 0x00, 0x00, 0x00, 0x00, 0x00, 0x00,
    0x00, 0x00, 0x00, 0x00, 0x00, 0x00, 0x00, 0x00, 0x00, 0x00, 0x00, 0x00, 0x00, 0x00, 0x00, 0x00,
    0x00, 0x00, 0x00, 0x00, 0x00, 0x00, 0x00, 0x00, 0x00, 0x00, 0x00, 0x00, 0x00, 0x00, 0x00, 0x00,
    0x00, 0x00, 0x00, 0x00, 0x00, 0x00, 0x00, 0x00, 0x00, 0x00, 0x00, 0x00, 0x00, 0x00, 0x00, 0x00,
    0x00, 0x00, 0x00, 0x00, 0x00, 0x00, 0x00, 0x00, 0x00, 0x00, 0x00, 0x00, 0x00, 0x00, 0x00, 0x00,
    0x00, 0x00, 0x00, 0x00, 0x00, 0x00, 0x00, 0x00, 0x00, 0x00, 0x00, 0x00, 0x00, 0x00, 0x00, 0x00,
    0x00, 0x00, 0x00, 0x00, 0x00, 0x00, 0x00, 0x00, 0x00, 0x00, 0x00, 0x00, 0x00, 0x00, 0x00, 0x00,
    0x00, 0x00, 0x00, 0x00, 0x00, 0x00, 0x00, 0x00, 0x00, 0x00, 0x00, 0x00, 0x00, 0x00, 0x00, 0x00,
    0x00, 0x00, 0x00, 0x00, 0x00, 0x00, 0x00, 0x00, 0x00, 0x00, 0x00, 0x00, 0x00, 0x00, 0x00, 0x00,
    0x00, 0x00, 0x00, 0x00, 0x00, 0x00, 0x00, 0x00, 0x00, 0x00, 0x00, 0x00, 0x00, 0x00, 0x00, 0x00,
    0x00, 0x00, 0x00, 0x00, 0x00, 0x00, 0x00, 0x00, 0x00, 0x00, 0x00, 0x00, 0x00, 0x00, 0x00, 0x00,
    0x00, 0x00, 0x00, 0x00, 0x00, 0x00, 0x00, 0x00, 0x00, 0x00, 0x00, 0x00, 0x00, 0x00, 0x00, 0x00,
    0x00, 0x00, 0x00, 0x00, 0x00, 0x00, 0x00, 0x00, 0x00, 0x00, 0x00, 0x00, 0x00, 0x00, 0x00, 0x00,
    0x00, 0x00, 0x00, 0x00, 0x00, 0x00, 0x00, 0x00, 0x00, 0x00, 0x00, 0x00, 0x00, 0x00, 0x00, 0x00,
    0x00, 0x00, 0x00, 0x00, 0x00, 0x00, 0x00, 0x00, 0x00, 0x00, 0x00, 0x00, 0x00, 0x00, 0x00, 0x00,
    0x00, 0x00, 0x00, 0x00, 0x00, 0x00, 0x00, 0x00, 0x00, 0x00, 0x00, 0x00, 0x00, 0x00, 0x00, 0x00,
    0x00, 0x00, 0x00, 0x00, 0x00, 0x00, 0x00, 0x00, 0x00, 0x00, 0x00, 0x00, 0x00, 0x00, 0x00, 0x00,
    0x00, 0x00, 0x00, 0x00, 0x00, 0x00, 0x00, 0x00, 0x00, 0x00, 0x00, 0x00, 0x00, 0x00, 0x00, 0x00,
    0x00, 0x00, 0x00, 0x00, 0x00, 0x00, 0x00, 0x00, 0x00, 0x00, 0x00, 0x00, 0x00, 0x00, 0x00, 0x00,
    0x00, 0x00, 0x00, 0x00, 0x00, 0x00, 0x00, 0x00, 0x00, 0x00, 0x00, 0x00, 0x00, 0x00, 0x00, 0x00,
    0x00, 0x00, 0x00, 0x00, 0x00, 0x00, 0x00, 0x00, 0x00, 0x00, 0x00, 0x00, 0x00, 0x00, 0x00, 0x00,
    0x00, 0x00, 0x00, 0x00, 0x00, 0x00, 0x00, 0x00, 0x00, 0x00, 0x00, 0x00, 0x00, 0x00, 0x00, 0x00,
    0x00, 0x00, 0x00, 0x00, 0x00, 0x00, 0x00, 0x00, 0x00, 0x00, 0x00, 0x00, 0x00, 0x00, 0x00, 0x00,
    0x00, 0x00, 0x00, 0x00, 0x00, 0x00, 0x00, 0x00, 0x00, 0x00, 0x00, 0x00, 0x00, 0x00, 0x00, 0x00,
    0x00, 0x00, 0x00, 0x00, 0x00, 0x00, 0x00, 0x00, 0x00, 0x00, 0x00, 0x00, 0x00, 0x00, 0x00, 0x00,
    0x00, 0x00, 0x00, 0x00, 0x00, 0x00, 0x00, 0x00, 0x00, 0x00, 0x00, 0x00, 0x00, 0x00, 0x00, 0x00,
    0x00, 0x00, 0x00, 0x00, 0x00, 0x00, 0x00, 0x00, 0x00, 0x00, 0x00, 0x00, 0x00, 0x00, 0x00, 0x00,
    0x00, 0x00, 0x00, 0x00, 0x00, 0x00, 0x00, 0x00, 0x00, 0x00, 0x00, 0x00, 0x00, 0x00, 0x00, 0x00,
    0x00, 0x00, 0x00, 0x00, 0x00, 0x00, 0x00, 0x00, 0x00, 0x00, 0x00, 0x00, 0x00, 0x00, 0x00, 0x00,
    0x00, 0x00, 0x00, 0x00, 0x00, 0x00, 0x00, 0x00, 0x00, 0x00, 0x00, 0x00, 0x00, 0x00, 0x00, 0x00,
    0x00, 0x00, 0x00, 0x00, 0x00, 0x00, 0x00, 0x00, 0x00, 0x00, 0x00, 0x00, 0x00, 0x00, 0x00, 0x00,
    0x00, 0x00, 0x00, 0x00, 0x00, 0x00, 0x00, 0x00, 0x00, 0x00, 0x00, 0x00, 0x00, 0x00, 0x00, 0x00,
    0x00, 0x00, 0x00, 0x00, 0x00, 0x00, 0x00, 0x00, 0x00, 0x00, 0x00, 0x00, 0x00, 0x00, 0x00, 0x00,
    0x00, 0x00, 0x00, 0x00, 0x00, 0x00, 0x00, 0x00, 0x00, 0x00, 0x00, 0x00, 0x00, 0x00, 0x00, 0x00,
    0x00, 0x00, 0x00, 0x00, 0x00, 0x00, 0x00, 0x00, 0x00, 0x00, 0x00, 0x00, 0x00, 0x00, 0x00, 0x00,
    0x00, 0x00, 0x00, 0x00, 0x00, 0x00, 0x00, 0x00, 0x00, 0x00, 0x00, 0x00, 0x00, 0x00, 0x00, 0x00,
    0x00, 0x00, 0x00, 0x00, 0x00, 0x00, 0x00, 0x00, 0x00, 0x00, 0x00, 0x00, 0x00, 0x00, 0x00, 0x00,
    0x00, 0x00, 0x00, 0x00, 0x00, 0x00, 0x00, 0x00, 0x00, 0x00, 0x00, 0x00, 0x00, 0x00, 0x00, 0x00,
    0x00, 0x00, 0x00, 0x00, 0x00, 0x00, 0x00, 0x00, 0x00, 0x00, 0x00, 0x00, 0x00, 0x00, 0x00, 0x00,
    0x00, 0x00, 0x00, 0x00, 0x00, 0x00, 0x00, 0x00, 0x00, 0x00, 0x00, 0x00, 0x00, 0x00, 0x00, 0x00,
    0x00, 0x00, 0x00, 0x00, 0x00, 0x00, 0x00, 0x00, 0x00, 0x00, 0x00, 0x00, 0x00, 0x00, 0x00, 0x00,
    0x00, 0x00, 0x00, 0x00, 0x00, 0x00, 0x00, 0x00, 0x00, 0x00, 0x00, 0x00, 0x00, 0x00, 0x00, 0x00,
    0x00, 0x00, 0x00, 0x00, 0x00, 0x00, 0x00, 0x00, 0x00, 0x00, 0x00, 0x00, 0x00, 0x00, 0x00, 0x00,
    0x00, 0x00, 0x00, 0x00, 0x00, 0x00, 0x00, 0x00, 0x00, 0x00, 0x00, 0x00, 0x00, 0x00, 0x00, 0x00,
    0x00, 0x00, 0x00, 0x00, 0x00, 0x00, 0x00, 0x00, 0x00, 0x00, 0x00, 0x00, 0x00, 0x00, 0x00, 0x00,
    0x00, 0x00, 0x00, 0x00, 0x00, 0x00, 0x00, 0x00, 0x00, 0x00, 0x00, 0x00, 0x00, 0x00, 0x00, 0x00,
    0x00, 0x00, 0x00, 0x00, 0x00, 0x00, 0x00, 0x00, 0x00, 0x00, 0x00, 0x00, 0x00, 0x00, 0x00, 0x00,
    0x00, 0x00, 0x00, 0x00, 0x00, 0x00, 0x00, 0x00, 0x00, 0x00, 0x00, 0x00, 0x00, 0x00, 0x00, 0x00,
    0x00, 0x00, 0x00, 0x00, 0x00, 0x00, 0x00, 0x00, 0x00, 0x00, 0x00, 0x00, 0x00, 0x00, 0x00, 0x00,
    0x00, 0x00, 0x00, 0x00, 0x00, 0x00, 0x00, 0x00, 0x00, 0x00, 0x00, 0x00, 0x00, 0x00, 0x00, 0x00,
    0x00, 0x00, 0x00, 0x00, 0x00, 0x00, 0x00, 0x00, 0x00, 0x00, 0x00, 0x00, 0x00, 0x00, 0x00, 0x00,
    0x00, 0x00, 0x00, 0x00, 0x00, 0x00, 0x00, 0x00, 0x00, 0x00, 0x00, 0x00, 0x00, 0x00, 0x00, 0x00,
    0x00, 0x00, 0x00, 0x00, 0x00, 0x00, 0x00, 0x00, 0x00, 0x00, 0x00, 0x00, 0x00, 0x00, 0x00, 0x00,
    0x00, 0xff, 0xff, 0x00, 0x00, 0xff, 0x01, 0x00, 0x00, 0x01, 0xff, 0xff, 0xff, 0x00, 0x00, 0xff,
    0xff, 0x00, 0x00, 0x00, 0x00, 0x00, 0x00, 0x00, 0x00, 0x00, 0x00, 0x00, 0x00, 0x00, 0x00, 0x00,
    0x00, 0x00, 0x00, 0x00, 0x00, 0xff, 0x00, 0x00, 0x00, 0x00, 0x01, 0x00, 0x00, 0x01, 0x00, 0x00,
    0x01, 0x00, 0x00, 0x01, 0x00, 0x00, 0x00, 0x00, 0x00, 0x00, 0x00, 0x00, 0x00, 0x00, 0x00, 0x00,
    0x00, 0xff, 0x00, 0xff, 0x00, 0x00, 0x00, 0xff, 0x00, 0x00, 0x01, 0x00, 0x01, 0x00, 0x00, 0x00,
    0x00, 0xff, 0x00, 0xff, 0x00, 0x00, 0x00, 0x01, 0x00, 0x00, 0x00, 0x00, 0x00, 0xff, 0x00, 0x01,
    0xff, 0x00, 0x00, 0xff, 0x00, 0x00, 0x00, 0x00, 0xff, 0x00, 0x00, 0x00, 0x00, 0x01, 0x00, 0x00,
    0x00, 0x01, 0x01, 0xff, 0x00, 0xff, 0x00, 0x00, 0xff, 0x00, 0x00, 0x00, 0x01, 0x01, 0x01, 0x00,
    0x00, 0x00, 0x00, 0x00, 0x00, 0x01, 0x00, 0x00, 0x00, 0x00, 0x00, 0xff, 0x00, 0x00, 0xff, 0x00,
    0x01, 0x01, 0x01, 0x00, 0xff, 0x01, 0xff, 0x00, 0x00, 0x01, 0x00, 0x01, 0x00, 0x00, 0x00, 0xff,
    0x01, 0x00, 0x00, 0x00, 0x01, 0x00, 0x01, 0x01, 0x00, 0x00, 0x00, 0x00, 0x01, 0x00, 0xff, 0x00,
    0x00, 0x00, 0x00, 0x00, 0x00, 0x00, 0xff, 0x00, 0x00, 0x00, 0x01, 0xff, 0x00, 0x00, 0x00, 0x00,
    0x00, 0x00, 0x00, 0x00, 0x00, 0x00, 0x00, 0xff, 0x00, 0x01, 0x00, 0x00, 0x01, 0x00, 0x01, 0x00,
    0x00, 0x01, 0xff, 0x00, 0x00, 0x00, 0x00, 0x00, 0xff, 0x00, 0x00, 0x00, 0x00, 0x00, 0x00, 0x00,
    0x00, 0x00, 0x00, 0x00, 0x00, 0xff, 0x00, 0xff, 0x00, 0x00, 0x00, 0x01, 0xff, 0x00, 0xff, 0x00,
    0x00, 0x00, 0x00, 0x00, 0x00, 0x00, 0x00, 0x01, 0x00, 0x00, 0x00, 0x00, 0x00, 0x00, 0x00, 0x00,
    0x00, 0x00, 0x01, 0x00, 0x00, 0x00, 0x00, 0xff, 0x01, 0x00, 0xff, 0xff, 0x00, 0x00, 0x00, 0xff,
    0x00, 0x00, 0x00, 0x00, 0x00, 0x00, 0x00, 0x00, 0x00, 0x00, 0x00, 0x00, 0x00, 0x00, 0x00, 0x00,
    0x00, 0x00, 0x00, 0x00, 0x00, 0x00, 0x00, 0x00, 0x00, 0x00, 0x00, 0x00, 0x00, 0x00, 0x00, 0x00,
    0x01, 0x00, 0xff, 0x00, 0x00, 0x00, 0x00, 0x00, 0x00, 0xff, 0x00, 0x00, 0x00, 0x00, 0x00, 0x01,
    0x01, 0x00, 0x00, 0x01, 0x00, 0xff, 0x00, 0x00, 0x00, 0x00, 0x00, 0x00, 0x00, 0xff, 0x00, 0x00,
    0x00, 0x01, 0x00, 0x00, 0x00, 0x00, 0xff, 0x00, 0x00, 0xff, 0x00, 0x00, 0x01, 0x00, 0x00, 0x00,
    0x00, 0xff, 0x00, 0x00, 0x00, 0x00, 0x00, 0xff, 0x00, 0x00, 0x00, 0x00, 0x00, 0x00, 0x00, 0x01,
    0x00, 0xff, 0x00, 0x00, 0x00, 0x00, 0xff, 0x00, 0x00, 0x00, 0x01, 0x00, 0xff, 0x00, 0xff, 0x00,
    0x00, 0x01, 0x00, 0x00, 0x00, 0x01, 0x01, 0x00, 0x00, 0x00, 0x00, 0x01, 0x00, 0x00, 0x00, 0x00,
    0x01, 0x00, 0x00, 0x00, 0x00, 0x00, 0x00, 0x00, 0x01, 0x00, 0x00, 0x00, 0xff, 0x00, 0xff, 0xff,
    0x00, 0x00, 0xff, 0x00, 0x00, 0x00, 0xff, 0x00, 0xff, 0x00, 0x00, 0xff, 0x00, 0x01, 0x00, 0x00,
    0x00, 0xff, 0x00, 0x00, 0x00, 0x01, 0x00, 0x00, 0x00, 0x00, 0x00, 0x00, 0x01, 0x01, 0x00, 0x00,
    0x00, 0x01, 0x00, 0x00, 0x00, 0x00, 0x00, 0x00, 0x00, 0x01, 0x00, 0xff, 0x00, 0x00, 0x00, 0x00,
    0x00, 0xff, 0x00, 0x00, 0x00, 0x00, 0x00, 0x00, 0x00, 0x00, 0x00, 0x00, 0x00, 0x00, 0x00, 0x00,
    0x00, 0xff, 0x00, 0x00, 0x00, 0x00, 0x00, 0x00, 0xff, 0x00, 0x01, 0x00, 0x01, 0x00, 0xff, 0x00,
    0x00, 0x00, 0xff, 0x00, 0x00, 0x00, 0x00, 0x00, 0x00, 0x01, 0x01, 0x00, 0x00, 0x00, 0x00, 0x01,
    0x01, 0x00, 0x00, 0x00, 0x00, 0x00, 0x00, 0x01, 0x01, 0x01, 0x00, 0x00, 0x01, 0x00, 0xff, 0x00,
    0x00, 0x01, 0x00, 0x00, 0xff, 0x00, 0x01, 0x00, 0x00, 0xff, 0x00, 0x00, 0x00, 0x00, 0x00, 0xff,
    0x00, 0x00, 0xff, 0xff, 0xff, 0x00, 0x00, 0x00, 0x00, 0x00, 0xff, 0xff, 0x00, 0x00, 0xff, 0x00,
    0x00, 0x00, 0x00, 0x00, 0x00, 0x00, 0x00, 0x00, 0x00, 0x00, 0x00, 0x01, 0x01, 0x00, 0x00, 0x01,
    0x00, 0x00, 0x01, 0x00, 0x00, 0x00, 0x00, 0x00, 0xff, 0x00, 0x00, 0xff, 0x00, 0x00, 0x00, 0x00,
    0x00, 0x00, 0x00, 0x00, 0x00, 0x00, 0x01, 0x00, 0x01, 0x01, 0x01, 0x01, 0x00, 0x01, 0x01, 0x01,
    0x01, 0x01, 0x00, 0x01, 0x01, 0x01, 0x01, 0x01, 0x00, 0x00, 0x00, 0x00, 0xff, 0xff, 0xff, 0xff,
    0xff, 0x00, 0xff, 0xfe, 0xfe, 0xfe, 0xfe, 0xfe, 0xfe, 0xfd, 0xfc, 0xfd, 0xfd, 0xfd, 0xfd, 0xfe,
    0xfe, 0xfe, 0xfe, 0xfe, 0xfe, 0xff, 0xff, 0xff, 0x00, 0x00, 0x00, 0x00, 0x01, 0x01, 0x01, 0x01,
    0x02, 0x03, 0x04, 0x04, 0x04, 0x04, 0x05, 0x05, 0x04, 0x04, 0x04, 0x03, 0x02, 0x02, 0x02, 0x01,
    0x01, 0x00, 0xff, 0xff, 0xfe, 0xfe, 0xfd, 0xfd, 0xfd, 0xfc, 0xfb, 0xfa, 0xf9, 0xf7, 0xf6, 0xf5,
    0xf4, 0xf3, 0xf4, 0xf5, 0xf6, 0xf8, 0xfc, 0xff, 0x02, 0x04, 0x06, 0x08, 0x09, 0x0a, 0x09, 0x08,
    0x08, 0x07, 0x05, 0x04, 0x02, 0x01, 0x01, 0x00, 0x00, 0x00, 0x01, 0x00, 0x01, 0x01, 0x02, 0x03,
    0x04, 0x05, 0x06, 0x07, 0x07, 0x08, 0x08, 0x08, 0x07, 0x06, 0x05, 0x03, 0x01, 0xff, 0xfe, 0xfc,
    0xfb, 0xfb, 0xfa, 0xf9, 0xf8, 0xf7, 0xf5, 0xf3, 0xf2, 0xf0, 0xee, 0xed, 0xec, 0xec, 0xee, 0xf0,
    0xf4, 0xf9, 0xfe, 0x01, 0x04, 0x07, 0x0a, 0x0b, 0x0b, 0x0b, 0x0a, 0x09, 0x07, 0x06, 0x05, 0x04,
    0x03, 0x02, 0x01, 0x00, 0xff, 0xfe, 0xfd, 0xfd, 0xfd, 0xfe, 0x00, 0x01, 0x03, 0x04, 0x05, 0x06,
    0x08, 0x09, 0x09, 0x09, 0x09, 0x09, 0x08, 0x07, 0x07, 0x06, 0x04, 0x02, 0xff, 0xfc, 0xfa, 0xf8,
    0xf6, 0xf4, 0xf4, 0xf3, 0xf4, 0xf5, 0xf6, 0xf7, 0xf7, 0xf7, 0xf8, 0xf7, 0xf7, 0xf6, 0xf7, 0xf7,
    0xfa, 0xfc, 0x00, 0x03, 0x06, 0x09, 0x0c, 0x0d, 0x0d, 0x0c, 0x0b, 0x09, 0x06, 0x04, 0x03, 0x02,
    0x01, 0x00, 0xff, 0xff, 0x00, 0xff, 0xfe, 0xfd, 0xfc, 0xfc, 0xfc, 0xfd, 0xff, 0x01, 0x03, 0x07,
    0x09, 0x0b, 0x0c, 0x0c, 0x0b, 0x09, 0x05, 0x03, 0x01, 0xff, 0xff, 0x00, 0xff, 0xff, 0xfe, 0xff,
    0xfe, 0xff, 0xff, 0xfe, 0xfd, 0xfb, 0xfa, 0xf9, 0xf8, 0xf6, 0xf5, 0xf5, 0xf6, 0xf5, 0xf5, 0xf4,
    0xf6, 0xf7, 0xf8, 0xfa, 0xfc, 0xfe, 0x01, 0x03, 0x05, 0x07, 0x09, 0x09, 0x09, 0x09, 0x08, 0x08,
    0x07, 0x06, 0x04, 0x03, 0x02, 0x02, 0x01, 0x01, 0x01, 0x00, 0xff, 0xff, 0xff, 0xfe, 0xff, 0x00,
    0x02, 0x04, 0x05, 0x07, 0x08, 0x08, 0x08, 0x08, 0x06, 0x04, 0x02, 0x01, 0x01, 0x01, 0x02, 0x01,
    0x01, 0x00, 0x00, 0xff, 0xff, 0xff, 0xfd, 0xfc, 0xfc, 0xfa, 0xf9, 0xf8, 0xf6, 0xf4, 0xf3, 0xf1,
    0xef, 0xef, 0xf1, 0xf3, 0xf5, 0xf9, 0xfc, 0xff, 0x01, 0x03, 0x06, 0x07, 0x08, 0x09, 0x0a, 0x0a,
    0x0b, 0x0a, 0x09, 0x09, 0x08, 0x08, 0x08, 0x07, 0x06, 0x05, 0x04, 0x03, 0x02, 0x01, 0x01, 0x00,
    0xfe, 0xfd, 0xfc, 0xfc, 0xfb, 0xf9, 0xf9, 0xf9, 0xfa, 0xfa, 0xfd, 0xff, 0x00, 0x02, 0x03, 0x04,
    0x04, 0x03, 0x03, 0x03, 0x02, 0x02, 0x02, 0x01, 0x01, 0x01, 0x01, 0x01, 0xff, 0xff, 0xff, 0xfd,
    0xfd, 0xfc, 0xfd, 0xfb, 0xfa, 0xf9, 0xf9, 0xf9, 0xf8, 0xf7, 0xf7, 0xf7, 0xf8, 0xf9, 0xfa, 0xfc,
    0xfe, 0x00, 0x02, 0x02, 0x04, 0x06, 0x07, 0x07, 0x08, 0x09, 0x0a, 0x0a, 0x09, 0x0a, 0x0a, 0x09,
    0x08, 0x08, 0x07, 0x06, 0x04, 0x04, 0x04, 0x03, 0x01, 0x01, 0x02, 0x02, 0x00, 0x00, 0xff, 0xfe,
    0xfe, 0xfd, 0xfd, 0xfd, 0xfd, 0xfc, 0xfb, 0xfa, 0xf8, 0xf6, 0xf4, 0xf2, 0xf1, 0xef, 0xee, 0xee,
    0xf0, 0xf3, 0xf6, 0xfa, 0xfe, 0x03, 0x05, 0x07, 0x09, 0x0a, 0x08, 0x08, 0x06, 0x06, 0x05, 0x06,
    0x08, 0x0a, 0x0b, 0x0c, 0x0a, 0x08, 0x07, 0x05, 0x04, 0x02, 0x01, 0x01, 0x01, 0x01, 0x03, 0x03,
    0x03, 0x03, 0x04, 0x03, 0x01, 0x01, 0xff, 0xfd, 0xfd, 0xfc, 0xfd, 0xfe, 0x01, 0x02, 0x01, 0x00,
    0x01, 0x00, 0x00, 0xff, 0xff, 0xff, 0xfd, 0xfb, 0xf9, 0xf6, 0xf4, 0xf1, 0xee, 0xec, 0xea, 0xec,
    0xef, 0xf3, 0xfa, 0x00, 0x06, 0x0a, 0x0d, 0x0e, 0x0e, 0x0c, 0x0a, 0x08, 0x07, 0x06, 0x08, 0x09,
    0x09, 0x07, 0x03, 0xfe, 0xfa, 0xf7, 0xf7, 0xf9, 0xfd, 0x02, 0x07, 0x0b, 0x0e, 0x10, 0x10, 0x0f,
    0x0e, 0x0d, 0x0c, 0x0c, 0x0b, 0x08, 0x04, 0xfd, 0xf7, 0xf4, 0xf5, 0xf9, 0xff, 0x04, 0x08, 0x07,
    0x04, 0x01, 0xfd, 0xfa, 0xf5, 0xf1, 0xef, 0xeb, 0xe9, 0xe7, 0xe4, 0xe3, 0xe3, 0xe6, 0xeb, 0xf3,
    0xfd, 0x07, 0x0f, 0x15, 0x18, 0x17, 0x15, 0x13, 0x11, 0x10, 0x0f, 0x0e, 0x0b, 0x05, 0xff, 0xf8,
    0xf1, 0xed, 0xec, 0xed, 0xf3, 0xfa, 0x01, 0x06, 0x0b, 0x0d, 0x0f, 0x12, 0x18, 0x1f, 0x25, 0x28,
    0x25, 0x1c, 0x0e, 0xff, 0xf4, 0xef, 0xf2, 0xf8, 0xff, 0x02, 0xff, 0xf9, 0xf4, 0xf2, 0xf4, 0xf8,
    0xfb, 0xfb, 0xf5, 0xec, 0xe0, 0xd4, 0xce, 0xce, 0xd4, 0xe2, 0xf2, 0x00, 0x0b, 0x14, 0x17, 0x18,
    0x1b, 0x1d, 0x21, 0x24, 0x23, 0x1d, 0x13, 0x04, 0xf3, 0xe3, 0xd8, 0xd3, 0xd6, 0xe1, 0xee, 0xfb,
    0x08, 0x11, 0x15, 0x17, 0x18, 0x1b, 0x20, 0x2c, 0x33, 0x35, 0x31, 0x22, 0x0c, 0xf7, 0xe9, 0xe4,
    0xeb, 0xf8, 0x04, 0x0b, 0x09, 0xfe, 0xf4, 0xec, 0xe9, 0xeb, 0xf1, 0xf5, 0xf2, 0xe6, 0xd6, 0xc6,
    0xbd, 0xbf, 0xcb, 0xe2, 0x00, 0x16, 0x27, 0x2a, 0x29, 0x25, 0x24, 0x2d, 0x30, 0x31, 0x26, 0x0d,
    0xf2, 0xd6, 0xc9, 0xc6, 0xd4, 0xec, 0xfb, 0x09, 0x0a, 0x09, 0x0c, 0x13, 0x26, 0x32, 0x3c, 0x33,
    0x1e, 0x06, 0xf3, 0xf0, 0xf4, 0xff, 0x04, 0x00, 0xfa, 0xf2, 0xf5, 0x03, 0x15, 0x24, 0x25, 0x1a,
    0x04, 0xf0, 0xe4, 0xe2, 0xe8, 0xe9, 0xe1, 0xcf, 0xb9, 0xa8, 0xa7, 0xb6, 0xd7, 0x00, 0x24, 0x38,
    0x3a, 0x32, 0x28, 0x27, 0x29, 0x29, 0x20, 0x0c, 0xec, 0xcf, 0xc1, 0xc5, 0xd8, 0xf4, 0x09, 0x10,
    0x11, 0x12, 0x17, 0x24, 0x33, 0x37, 0x2b, 0x14, 0xfa, 0xe2, 0xda, 0xe8, 0xfa, 0x06, 0x11, 0x0d,
    0x09, 0x10, 0x1d, 0x28, 0x2b, 0x25, 0x10, 0xff, 0xf7, 0xf4, 0xf7, 0xf3, 0xe8, 0xd5, 0xc7, 0xc7,
    0xcb, 0xd5, 0xdb, 0xd4, 0xbf, 0xc7, 0xe9, 0x0a, 0x39, 0x4d, 0x4a, 0x31, 0x21, 0x23, 0x1a, 0x1c,
    0x09, 0xe3, 0xc0, 0xae, 0xc1, 0xd9, 0xfe, 0x18, 0x1a, 0x1c, 0x23, 0x36, 0x41, 0x44, 0x36, 0x08,
    0xe5, 0xcc, 0xc7, 0xd1, 0xdb, 0xeb, 0xef, 0x00, 0x1e, 0x3b, 0x51, 0x4e, 0x3a, 0x1e, 0x0b, 0x0b,
    0x0a, 0x08, 0xf6, 0xe1, 0xd1, 0xcd, 0xd5, 0xdf, 0xe6, 0xe7, 0xe5, 0xe5, 0xe6, 0xe4, 0xdc, 0xcf,
    0xcd, 0xe8, 0x12, 0x2d, 0x39, 0x34, 0x1a, 0x09, 0x0e, 0x19, 0x14, 0x01, 0xe4, 0xc5, 0xc0, 0xe1,
    0x03, 0x1a, 0x21, 0x1e, 0x14, 0x1c, 0x30, 0x31, 0x24, 0x0a, 0xe9, 0xd2, 0xd0, 0xe2, 0xeb, 0xf2,
    0xf5, 0xfa, 0x13, 0x33, 0x4d, 0x4d, 0x38, 0x1b, 0xff, 0xf8, 0xfc, 0x00, 0xfe, 0xf6, 0xf0, 0xed,
    0xf4, 0xf9, 0xf7, 0xf1, 0xe5, 0xdd, 0xd9, 0xd5, 0xcc, 0xc3, 0xb7, 0xc3, 0xef, 0x24, 0x43, 0x48,
    0x3d, 0x23, 0x16, 0x1b, 0x14, 0xfc, 0xde, 0xc6, 0xba, 0xce, 0xf4, 0x0f, 0x19, 0x20, 0x25, 0x27,
    0x34, 0x34, 0x21, 0x01, 0xe5, 0xd2, 0xcf, 0xe1, 0xec, 0xf3, 0xfb, 0x0a, 0x1d, 0x39, 0x4c, 0x43,
    0x28, 0x0f, 0xfb, 0xf6, 0xfe, 0x00, 0xf8, 0xf2, 0xf2, 0xf7, 0x00, 0x00, 0xf7, 0xea, 0xe4, 0xe1,
    0xdf, 0xd7, 0xc3, 0xb1, 0xb2, 0xda, 0x19, 0x3d, 0x47, 0x3a, 0x1f, 0x11, 0x17, 0x19, 0x03, 0xe5,
    0xc9, 0xb8, 0xca, 0xf2, 0x13, 0x1f, 0x23, 0x23, 0x24, 0x2f, 0x34, 0x20, 0xff, 0xe0, 0xcc, 0xcf,
    0xe2, 0xf5, 0xf8, 0xfe, 0x0a, 0x17, 0x2c, 0x44, 0x48, 0x31, 0x17, 0x00, 0xf2, 0xf3, 0xf8, 0xf4,
    0xf0, 0xf4, 0xfa, 0x02, 0x05, 0xfc, 0xee, 0xe5, 0xe1, 0xdb, 0xd3, 0xc6, 0xb4, 0xba, 0xdf, 0x19,
    0x42, 0x4e, 0x41, 0x21, 0x10, 0x0d, 0x0c, 0xfe, 0xdf, 0xc6, 0xb4, 0xcb, 0xf4, 0x1a, 0x32, 0x31,
    0x2a, 0x21, 0x2a, 0x29, 0x16, 0xfa, 0xd9, 0xc8, 0xcc, 0xe6, 0xfb, 0x08, 0x10, 0x10, 0x18, 0x27,
    0x36, 0x37, 0x2b, 0x16, 0xfe, 0xf6, 0xfa, 0xfd, 0xfc, 0xf8, 0xf5, 0xf6, 0xfd, 0xfc, 0xf8, 0xee,
    0xe1, 0xd6, 0xcd, 0xc8, 0xc1, 0xbd, 0xc9, 0xf9, 0x2f, 0x4b, 0x53, 0x38, 0x15, 0x05, 0x06, 0x05,
    0xf3, 0xd9, 0xbb, 0xb4, 0xd3, 0x05, 0x2a, 0x38, 0x35, 0x25, 0x1e, 0x25, 0x25, 0x10, 0xef, 0xcd,
    0xba, 0xc6, 0xe4, 0x02, 0x14, 0x1d, 0x1b, 0x1e, 0x2c, 0x3b, 0x39, 0x2b, 0x11, 0xf4, 0xec, 0xf3,
    0xfc, 0x01, 0xff, 0xf6, 0xf2, 0xf7, 0xfc, 0xfc, 0xf6, 0xe9, 0xda, 0xcd, 0xc4, 0xbd, 0xbb, 0xcd,
    0xfa, 0x2e, 0x4b, 0x4e, 0x39, 0x14, 0xfe, 0xfa, 0xfc, 0xf5, 0xe3, 0xcc, 0xc2, 0xd7, 0x00, 0x27,
    0x3a, 0x39, 0x27, 0x16, 0x13, 0x0e, 0x04, 0xf1, 0xdc, 0xcb, 0xd1, 0xeb, 0x07, 0x1e, 0x26, 0x22,
    0x1a, 0x1b, 0x23, 0x25, 0x1c, 0x07, 0xf6, 0xf2, 0xfd, 0x0a, 0x0d, 0x06, 0xf8, 0xf0, 0xf2, 0xf8,
    0xfc, 0xf5, 0xe7, 0xd4, 0xc7, 0xc2, 0xc1, 0xc6, 0xdc, 0x04, 0x28, 0x40, 0x46, 0x34, 0x16, 0x02,
    0xf9, 0xf4, 0xeb, 0xdd, 0xcb, 0xc8, 0xe1, 0x07, 0x2b, 0x3d, 0x37, 0x23, 0x11, 0x0c, 0x09, 0x03,
    0xf4, 0xdc, 0xce, 0xd4, 0xec, 0x0a, 0x21, 0x29, 0x1f, 0x14, 0x10, 0x14, 0x1b, 0x1e, 0x15, 0x07,
    0xfe, 0xfc, 0x04, 0x0e, 0x0f, 0x07, 0xfc, 0xf4, 0xf2, 0xf4, 0xf1, 0xe7, 0xd7, 0xc5, 0xb5, 0xac,
    0xba, 0xdf, 0x12, 0x3f, 0x51, 0x4a, 0x2d, 0x13, 0x05, 0x01, 0xff, 0xed, 0xd4, 0xbc, 0xba, 0xd6,
    0x01, 0x29, 0x3c, 0x38, 0x25, 0x16, 0x14, 0x15, 0x12, 0x02, 0xe7, 0xcf, 0xca, 0xdc, 0xf9, 0x14,
    0x1e, 0x17, 0x0b, 0x07, 0x10, 0x20, 0x29, 0x22, 0x0f, 0xfe, 0xfa, 0x04, 0x10, 0x15, 0x0f, 0x00,
    0xf3, 0xed, 0xee, 0xf2, 0xf2, 0xe9, 0xd8, 0xc5, 0xb6, 0xb1, 0xbd, 0xde, 0x0e, 0x36, 0x48, 0x47,
    0x34, 0x1f, 0x12, 0x0d, 0x04, 0xf3, 0xde, 0xc7, 0xbf, 0xcd, 0xeb, 0x0d, 0x28, 0x33, 0x2d, 0x21,
    0x19, 0x14, 0x12, 0x0b, 0xfc, 0xe7, 0xd8, 0xd5, 0xdf, 0xf4, 0x08, 0x12, 0x14, 0x14, 0x18, 0x1f,
    0x28, 0x28, 0x1c, 0x0c, 0xfc, 0xf4, 0xf8, 0x02, 0x09, 0x0b, 0x04, 0xf7, 0xee, 0xea, 0xe9, 0xeb,
    0xea, 0xe2, 0xd5, 0xc6, 0xbc, 0xc4, 0xdf, 0x07, 0x2c, 0x40, 0x42, 0x30, 0x19, 0x09, 0x02, 0xff,
    0xf9, 0xec, 0xd9, 0xcb, 0xcd, 0xdf, 0xfd, 0x1c, 0x31, 0x37, 0x2f, 0x21, 0x12, 0x09, 0x03, 0xfc,
    0xf3, 0xe8, 0xde, 0xda, 0xe1, 0xf1, 0x05, 0x19, 0x2b, 0x32, 0x2f, 0x27, 0x1a, 0x0f, 0x08, 0x03,
    0x00, 0xff, 0xfe, 0xfc, 0xf9, 0xf4, 0xef, 0xeb, 0xe8, 0xe7, 0xe6, 0xe5, 0xe1, 0xd9, 0xd2, 0xd3,
    0xdf, 0xf6, 0x14, 0x2b, 0x36, 0x31, 0x23, 0x12, 0x06, 0x00, 0xfa, 0xf4, 0xeb, 0xe1, 0xdc, 0xdf,
    0xeb, 0xfd, 0x12, 0x20, 0x25, 0x23, 0x1b, 0x12, 0x0a, 0x05, 0xfe, 0xf8, 0xf2, 0xea, 0xe7, 0xe7,
    0xec, 0xf8, 0x09, 0x1c, 0x2a, 0x30, 0x2b, 0x1f, 0x11, 0x06, 0x00, 0xff, 0x01, 0x01, 0xfd, 0xf6,
    0xef, 0xea, 0xe9, 0xee, 0xf3, 0xf6, 0xf5, 0xee, 0xe4, 0xd9, 0xd3, 0xd7, 0xe5, 0xf7, 0x0a, 0x1b,
    0x21, 0x1f, 0x1b, 0x14, 0x0f, 0x0e, 0x0b, 0x06, 0xfe, 0xf3, 0xe7, 0xe3, 0xe5, 0xed, 0xfa, 0x05,
    0x0d, 0x11, 0x12, 0x0f, 0x0d, 0x0d, 0x0c, 0x0a, 0x05, 0xfd, 0xf4, 0xed, 0xeb, 0xf0, 0xfd, 0x0c,
    0x1b, 0x23, 0x23, 0x1c, 0x13, 0x0b, 0x07, 0x08, 0x0a, 0x09, 0x04, 0xfc, 0xf4, 0xee, 0xee, 0xf3,
    0xfa, 0x00, 0x02, 0x00, 0xfb, 0xf4, 0xed, 0xe9, 0xe7, 0xe5, 0xe6, 0xe7, 0xe9, 0xf1, 0xfb, 0x04,
    0x0d, 0x13, 0x13, 0x10, 0x0c, 0x07, 0x04, 0x02, 0x01, 0x01, 0xff, 0xfc, 0xf8, 0xf7, 0xf6, 0xf6,
    0xfa, 0xff, 0x03, 0x05, 0x06, 0x07, 0x07, 0x06, 0x07, 0x08, 0x0a, 0x0d, 0x0f, 0x11, 0x11, 0x0f,
    0x0c, 0x07, 0x02, 0xfe, 0xfc, 0xfd, 0xff, 0x00, 0x00, 0xfd, 0xf8, 0xf4, 0xf3, 0xf3, 0xf5, 0xf8,
    0xfc, 0xff, 0x00, 0xff, 0xfc, 0xfa, 0xf9, 0xf8, 0xfa, 0xfc, 0xfd, 0xfe, 0xff, 0xfd, 0xfb, 0xf9,
    0xf8, 0xfa, 0xfe, 0x04, 0x09, 0x0d, 0x0d, 0x0b, 0x07, 0x02, 0xfe, 0xfd, 0xff, 0x01, 0x03, 0x04,
    0x03, 0x01, 0xff, 0xfe, 0xfe, 0x00, 0x03, 0x05, 0x06, 0x06, 0x05, 0x03, 0x00, 0xff, 0xfe, 0xfe,
    0x00, 0x01, 0x01, 0x02, 0x02, 0x01, 0x00, 0xff, 0xfe, 0xff, 0xff, 0xff, 0xff, 0xff, 0xff, 0xff,
    0xfd, 0xfc, 0xfd, 0xfe, 0xfe, 0xff, 0x00, 0xff, 0xff, 0xfe, 0xfe, 0xfe, 0xff, 0x00, 0xff, 0x00,
    0x00, 0x00, 0xff, 0xfe, 0xfd, 0xfd, 0xfe, 0xfe, 0xff, 0x00, 0x00, 0x00, 0x00, 0xff, 0xff, 0x01,
    0x02, 0x02, 0x04, 0x04, 0x03, 0x02, 0x00, 0x01, 0x00, 0x00, 0x00, 0x01, 0x03, 0x03, 0x03, 0x02,
    0x02, 0x01, 0x00, 0x01, 0x01, 0x02, 0x02, 0x02, 0x02, 0x01, 0x00, 0x00, 0x00, 0x01, 0x01, 0x01,
    0x00, 0x00, 0xff, 0xff, 0xff, 0xff, 0xfe, 0xff, 0xff, 0xff, 0xfe, 0xfe, 0xfd, 0xfe, 0xfe, 0xfe,
    0xfe, 0xff, 0xfe, 0xfe, 0xff, 0xfe, 0xff, 0xfe, 0xff, 0xff, 0xff, 0xff, 0x00, 0x00, 0xff, 0x00,
    0x00, 0x00, 0x01, 0x01, 0x01, 0x00, 0xff, 0x00, 0x01, 0x00, 0x01, 0x00, 0x00, 0x00, 0xff, 0xff,
    0x01, 0x00, 0x00, 0x01, 0x00, 0x00, 0x00, 0x00, 0x00, 0x01, 0xff, 0x01, 0x03, 0x02, 0x00, 0xfe,
    0xfc, 0xfe, 0x01, 0x04, 0x06, 0x03, 0x00, 0xfd, 0xfd, 0xfd, 0x00, 0x03, 0x04, 0x03, 0x01, 0xff,
    0xff, 0xff, 0x01, 0x03, 0x02, 0x02, 0x01, 0x00, 0xff, 0xff, 0x00, 0x00, 0x00, 0x01, 0x01, 0x00,
    0x00, 0xff, 0xff, 0xfe, 0xff, 0x00, 0x00, 0x01, 0xff, 0xff, 0xff, 0xff, 0xff, 0xff, 0x00, 0xff,
    0x00, 0xff, 0x00, 0xff, 0xff, 0xff, 0xff, 0xff, 0xfe, 0xff, 0xff, 0x00, 0x00, 0xff, 0x01, 0x00,
    0xff, 0x01, 0x00, 0x01, 0x01, 0x00, 0x00, 0x00, 0x00, 0x00, 0x00, 0xff, 0xff, 0xff, 0xfe, 0xfe,
    0xff, 0x00, 0x00, 0x01, 0x01, 0xff, 0xfe, 0x00, 0x02, 0x03, 0x01, 0xff, 0xfe, 0xfe, 0x00, 0x03,
    0x03, 0x02, 0xff, 0xfd, 0xfe, 0xff, 0x01, 0x03, 0x02, 0x00, 0x00, 0xff, 0x00, 0x01, 0x01, 0x01,
    0x01, 0x00, 0x00, 0x01, 0x01, 0x01, 0x00, 0xff, 0xff, 0xff, 0xff, 0x00, 0x00, 0x00, 0xfe, 0xff,
    0xfe, 0x00, 0x00, 0x01, 0x02, 0xff, 0xff, 0x04, 0x0a, 0x07, 0x00, 0xf9, 0xf8, 0xfd, 0x02, 0x08,
    0x07, 0x00, 0xfb, 0xfa, 0xfe, 0x04, 0x04, 0x01, 0xfe, 0xfb, 0xfc, 0xff, 0x01, 0x01, 0x01, 0xfe,
    0xfe, 0xfe, 0xff, 0xff, 0x00, 0xff, 0xff, 0xff, 0x00, 0x00, 0x00, 0x01, 0x01, 0x01, 0x01, 0x00,
    0xff, 0xfe, 0x00, 0x01, 0x02, 0x00, 0xff, 0xfe, 0x00, 0x02, 0x04, 0x01, 0xff, 0xff, 0x01, 0x02,
    0x03, 0x02, 0xfe, 0xfd, 0x00, 0x03, 0x02, 0xff, 0xfe, 0x00, 0x02, 0x02, 0x01, 0xff, 0xff, 0x00,
    0xff, 0xfd, 0xfe, 0x01, 0x01, 0x01, 0xfe, 0xfe, 0xff, 0xfd, 0xff, 0xff, 0x02, 0x02, 0x06, 0x08,
    0xff, 0xf8, 0xfa, 0x05, 0x0b, 0x06, 0xfc, 0xf8, 0xfc, 0x03, 0x04, 0x02, 0x01, 0xff, 0xff, 0x01,
    0xff, 0xff, 0x00, 0x00, 0x00, 0xff, 0x00, 0x02, 0x01, 0xfe, 0xfd, 0xff, 0x02, 0x02, 0xfe, 0xfc,
    0xfd, 0x00, 0x01, 0xfe, 0xfc, 0xff, 0x01, 0x00, 0xfe, 0xfe, 0x01, 0x01, 0x00, 0xfe, 0xfe, 0x02,
    0x02, 0x00, 0x00, 0x00, 0x01, 0xff, 0xff, 0x00, 0x01, 0x02, 0x02, 0x02, 0x02, 0x03, 0x05, 0x03,
    0x01, 0xfe, 0xfe, 0x00, 0x01, 0x01, 0x02, 0x00, 0xfd, 0xfb, 0xfe, 0x03, 0x03, 0xfd, 0xff, 0x00,
    0xfe, 0xfa, 0xfa, 0x04, 0x09, 0x05, 0xff, 0xfd, 0x01, 0x01, 0xff, 0xff, 0x01, 0x02, 0x01, 0xfd,
    0xfc, 0x00, 0x04, 0x00, 0xfe, 0xfd, 0x01, 0x04, 0xff, 0xfb, 0x00, 0x05, 0x04, 0x00, 0xfd, 0x00,
    0x01, 0x04, 0x02, 0x01, 0x02, 0x01, 0x00, 0xff, 0xff, 0x01, 0xff, 0xfc, 0xfc, 0xfe, 0x02, 0x02,
    0x00, 0xfd, 0xff, 0x01, 0xfe, 0xfe, 0x00, 0x01, 0xff, 0xfc, 0xfb, 0xfe, 0xfe, 0xfc, 0xfe, 0x00,
    0xff, 0xff, 0x00, 0x06, 0x07, 0x03, 0x01, 0x02, 0x05, 0x02, 0x00, 0x00, 0x02, 0xff, 0xff, 0xff,
    0xff, 0x01, 0x01, 0x00, 0x00, 0x03, 0x05, 0x00, 0xfd, 0x01, 0x05, 0x00, 0xfc, 0xff, 0x01, 0xfe,
    0xf9, 0xfe, 0x02, 0x00, 0xfc, 0xfe, 0x03, 0x03, 0xfe, 0xfe, 0x03, 0x02, 0xff, 0xfe, 0x01, 0x02,
    0xff, 0xfc, 0x00, 0x00, 0xff, 0xff, 0x03, 0x05, 0x02, 0x02, 0x04, 0x01, 0xff, 0x00, 0x02, 0x01,
    0xff, 0xfd, 0xff, 0xff, 0xff, 0x00, 0x01, 0x00, 0x00, 0x01, 0x03, 0x02, 0x02, 0x02, 0x01, 0x00,
    0xff, 0xfe, 0xfc, 0xfe, 0xff, 0xfd, 0xfe, 0x00, 0x02, 0x00, 0xff, 0x01, 0x03, 0x01, 0x00, 0xff,
    0x01, 0xff, 0xfd, 0xfd, 0xfd, 0xfd, 0xfc, 0xfe, 0x00, 0xff, 0x00, 0x01, 0xff, 0xfc, 0x00, 0x03,
    0x02, 0xff, 0x01, 0x02, 0x00, 0xfe, 0x00, 0x03, 0x00, 0xfe, 0x00, 0x03, 0x03, 0x00, 0x00, 0x01,
    0x03, 0x02, 0xff, 0x03, 0x04, 0x00, 0x00, 0x04, 0x03, 0xff, 0xff, 0x01, 0x01, 0xff, 0xfe, 0x01,
    0x01, 0xff, 0xff, 0x01, 0x02, 0x00, 0xfe, 0x00, 0x02, 0x00, 0xfe, 0x00, 0x01, 0xff, 0xfd, 0xfd,
    0x00, 0xff, 0xfe, 0x00, 0x01, 0x00, 0xff, 0x01, 0x01, 0xff, 0x00, 0x00, 0xff, 0xfc, 0xfd, 0xfe,
    0xfc, 0xfd, 0x00, 0xff, 0xfe, 0xfe, 0xff, 0xfe, 0xfd, 0xfc, 0xfe, 0xff, 0xfe, 0xfc, 0xff, 0x01,
    0x01, 0xff, 0x02, 0x04, 0x04, 0x03, 0x04, 0x05, 0x05, 0x05, 0x05, 0x05, 0x06, 0x06, 0x05, 0x06,
    0x06, 0x06, 0x04, 0x05, 0x05, 0x06, 0x05, 0x04, 0x05, 0x06, 0x05, 0x03, 0x03, 0x02, 0x00, 0xff,
    0xfe, 0xfe, 0xfc, 0xfa, 0xfb, 0xfa, 0xf8, 0xf8, 0xf9, 0xf9, 0xf8, 0xf6, 0xf7, 0xf8, 0xf5, 0xf3,
    0xf3, 0xf4, 0xf3, 0xf1, 0xf3, 0xf5, 0xf7, 0xf6, 0xf8, 0xfd, 0xff, 0x00, 0x00, 0x03, 0x05, 0x04,
    0x05, 0x06, 0x08, 0x07, 0x05, 0x06, 0x06, 0x07, 0x07, 0x08, 0x09, 0x0b, 0x0a, 0x0a, 0x0c, 0x0c,
    0x0c, 0x0d, 0x0d, 0x0c, 0x0b, 0x0a, 0x08, 0x08, 0x07, 0x06, 0x06, 0x05, 0x04, 0x04, 0x03, 0x01,
    0x01, 0x00, 0xff, 0xfe, 0xfd, 0xfb, 0xfa, 0xf9, 0xf8, 0xf6, 0xf4, 0xf4, 0xf2, 0xf0, 0xee, 0xee,
    0xf0, 0xef, 0xed, 0xec, 0xf0, 0xf1, 0xf0, 0xf1, 0xf4, 0xf7, 0xfa, 0xfe, 0x04, 0x07, 0x08, 0x0a,
    0x0c, 0x0d, 0x0c, 0x0a, 0x09, 0x08, 0x06, 0x04, 0x02, 0x01, 0x01, 0x00, 0x01, 0x02, 0x04, 0x05,
    0x06, 0x07, 0x09, 0x0b, 0x0a, 0x0c, 0x0d, 0x0d, 0x0c, 0x0a, 0x09, 0x09, 0x0a, 0x0a, 0x0b, 0x0b,
    0x0b, 0x0a, 0x0a, 0x09, 0x08, 0x06, 0x05, 0x03, 0x00, 0xfe, 0xfb, 0xf9, 0xf7, 0xf5, 0xf2, 0xf0,
    0xee, 0xeb, 0xe8, 0xe7, 0xe6, 0xe4, 0xe1, 0xdf, 0xe1, 0xe8, 0xed, 0xef, 0xfa, 0x08, 0x0c, 0x0b,
    0x10, 0x17, 0x16, 0x10, 0x0e, 0x0c, 0x09, 0x03, 0xfe, 0xfb, 0xfb, 0xfd, 0xfd, 0xfe, 0x00, 0x06,
    0x09, 0x09, 0x0a, 0x0b, 0x0b, 0x08, 0x04, 0x01, 0x00, 0xfd, 0xf9, 0xf8, 0xf9, 0xfb, 0xfc, 0xff,
    0x06, 0x0c, 0x11, 0x13, 0x14, 0x13, 0x12, 0x11, 0x0e, 0x0c, 0x0c, 0x0b, 0x0a, 0x07, 0x05, 0x04,
    0x04, 0x03, 0x01, 0xff, 0xfe, 0xfc, 0xfa, 0xf6, 0xf4, 0xf1, 0xee, 0xe9, 0xe5, 0xe3, 0xe1, 0xde,
    0xdb, 0xdb, 0xe2, 0xee, 0xfb, 0x01, 0x02, 0x07, 0x11, 0x15, 0x10, 0x0e, 0x10, 0x0e, 0x07, 0x00,
    0xfd, 0xfa, 0xfc, 0xfe, 0xfe, 0x00, 0x05, 0x0a, 0x0a, 0x0b, 0x0c, 0x0c, 0x0a, 0x06, 0x02, 0xfe,
    0xfc, 0xf9, 0xf5, 0xf3, 0xf3, 0xf6, 0xf9, 0xf9, 0xfc, 0x04, 0x0c, 0x11, 0x11, 0x12, 0x16, 0x17,
    0x13, 0x0f, 0x0d, 0x0e, 0x0e, 0x0c, 0x09, 0x08, 0x09, 0x08, 0x05, 0x02, 0x01, 0x01, 0x00, 0xfd,
    0xfa, 0xf8, 0xf5, 0xf1, 0xed, 0xeb, 0xe9, 0xe6, 0xe3, 0xdf, 0xda, 0xd8, 0xdd, 0xe9, 0xf5, 0xfd,
    0xff, 0x05, 0x0e, 0x14, 0x13, 0x11, 0x11, 0x10, 0x0d, 0x07, 0x00, 0xfb, 0xfb, 0xfd, 0xfd, 0xfd,
    0xff, 0x03, 0x07, 0x09, 0x0a, 0x09, 0x09, 0x08, 0x05, 0x00, 0xfd, 0xf9, 0xf5, 0xf3, 0xf3, 0xf2,
    0xf2, 0xf4, 0xf8, 0xfb, 0xff, 0x04, 0x0b, 0x12, 0x17, 0x19, 0x19, 0x19, 0x18, 0x16, 0x11, 0x0d,
    0x0c, 0x0b, 0x0a, 0x08, 0x07, 0x05, 0x06, 0x05, 0x03, 0x01, 0x00, 0xff, 0xfe, 0xfb, 0xf7, 0xf4,
    0xf1, 0xed, 0xe9, 0xe6, 0xe3, 0xe1, 0xdf, 0xdc, 0xd9, 0xd9, 0xe4, 0xf8, 0x02, 0x02, 0x03, 0x0b,
    0x13, 0x14, 0x14, 0x13, 0x10, 0x0b, 0x09, 0x08, 0x02, 0xfd, 0xfc, 0xff, 0x01, 0x00, 0x03, 0x05,
    0x06, 0x07, 0x08, 0x06, 0x02, 0x00, 0x00, 0xfd, 0xfa, 0xf8, 0xf7, 0xf6, 0xf6, 0xf7, 0xf8, 0xfa,
    0xfd, 0x00, 0x03, 0x05, 0x08, 0x0c, 0x0f, 0x12, 0x13, 0x12, 0x10, 0x0f, 0x0e, 0x0d, 0x0b, 0x09,
    0x08, 0x07, 0x06, 0x06, 0x04, 0x03, 0x02, 0x01, 0x00, 0xff, 0xfe, 0xfd, 0xfb, 0xf9, 0xf7, 0xf4,
    0xf2, 0xf0, 0xee, 0xec, 0xea, 0xe8, 0xe6, 0xe4, 0xe4, 0xeb, 0xf7, 0xfd, 0xfb, 0xfc, 0x02, 0x07,
    0x09, 0x0b, 0x0c, 0x0a, 0x08, 0x08, 0x08, 0x05, 0x01, 0x01, 0x02, 0x03, 0x03, 0x04, 0x05, 0x04,
    0x04, 0x05, 0x06, 0x05, 0x03, 0x02, 0x00, 0xfe, 0xfd, 0xfb, 0xfa, 0xf9, 0xf8, 0xf9, 0xf8, 0xfa,
    0xfc, 0xff, 0x01, 0x04, 0x07, 0x0a, 0x0c, 0x0e, 0x0e, 0x0f, 0x10, 0x10, 0x10, 0x0e, 0x0c, 0x0b,
    0x0a, 0x09, 0x08, 0x06, 0x05, 0x04, 0x03, 0x02, 0x01, 0x00, 0xfe, 0xfc, 0xfb, 0xfa, 0xf9, 0xf8,
    0xf6, 0xf4, 0xf2, 0xf1, 0xef, 0xed, 0xec, 0xea, 0xe8, 0xe7, 0xeb, 0xf2, 0xf4, 0xf1, 0xf4, 0xfb,
    0x00, 0x02, 0x08, 0x0b, 0x0a, 0x0a, 0x0e, 0x10, 0x0c, 0x0a, 0x09, 0x09, 0x06, 0x06, 0x07, 0x05,
    0x02, 0x01, 0x02, 0x02, 0x01, 0x02, 0x01, 0xff, 0xfe, 0xff, 0xfd, 0xfc, 0xfb, 0xfb, 0xfc, 0xfb,
    0xfb, 0xfb, 0xfc, 0xfe, 0x00, 0x02, 0x05, 0x07, 0x08, 0x09, 0x0c, 0x0e, 0x0f, 0x0f, 0x0f, 0x0f,
    0x0f, 0x0d, 0x0c, 0x0a, 0x06, 0x04, 0x02, 0x01, 0x00, 0xfe, 0xfd, 0xfc, 0xfb, 0xfb, 0xf9, 0xf8,
    0xf8, 0xf7, 0xf7, 0xf6, 0xf3, 0xf1, 0xf0, 0xef, 0xec, 0xea, 0xe9, 0xe9, 0xee, 0xf3, 0xf3, 0xf2,
    0xf7, 0xfd, 0xff, 0x02, 0x07, 0x08, 0x09, 0x0c, 0x0e, 0x0c, 0x0a, 0x0b, 0x0a, 0x08, 0x07, 0x07,
    0x04, 0x03, 0x03, 0x03, 0x03, 0x02, 0x01, 0x01, 0x00, 0x00, 0xff, 0xff, 0xfd, 0xfd, 0xfc, 0xfb,
    0xfa, 0xfb, 0xfb, 0xfb, 0xfc, 0xff, 0x01, 0x03, 0x05, 0x08, 0x0a, 0x0c, 0x0e, 0x0f, 0x10, 0x10,
    0x11, 0x0f, 0x0d, 0x0b, 0x09, 0x06, 0x04, 0x02, 0x01, 0xff, 0xfd, 0xfc, 0xfc, 0xfb, 0xfa, 0xfb,
    0xfa, 0xf9, 0xf9, 0xf9, 0xf8, 0xf6, 0xf5, 0xf3, 0xf2, 0xf1, 0xee, 0xeb, 0xeb, 0xeb, 0xed, 0xf2,
    0xf3, 0xf0, 0xf3, 0xfa, 0xfe, 0xfe, 0x03, 0x07, 0x07, 0x09, 0x0c, 0x0c, 0x0a, 0x09, 0x0a, 0x08,
    0x07, 0x07, 0x05, 0x03, 0x04, 0x05, 0x04, 0x03, 0x03, 0x02, 0x02, 0x00, 0x00, 0x00, 0xfe, 0xfe,
    0xfe, 0xfe, 0xfd, 0xfc, 0xfd, 0xfd, 0xff, 0x01, 0x02, 0x02, 0x05, 0x09, 0x0a, 0x0a, 0x0b, 0x0e,
    0x0e, 0x0f, 0x10, 0x0f, 0x0d, 0x0c, 0x0a, 0x08, 0x06, 0x04, 0x01, 0x00, 0xff, 0xfe, 0xfd, 0xfc,
    0xfb, 0xfb, 0xfb, 0xfa, 0xf9, 0xf9, 0xf8, 0xf8, 0xf7, 0xf6, 0xf4, 0xf3, 0xf1, 0xf0, 0xee, 0xee,
    0xec, 0xeb, 0xee, 0xf3, 0xf6, 0xf3, 0xf6, 0xfb, 0xfd, 0xff, 0x03, 0x07, 0x07, 0x08, 0x0c, 0x0b,
    0x0a, 0x0a, 0x0a, 0x08, 0x07, 0x07, 0x05, 0x04, 0x03, 0x04, 0x03, 0x03, 0x03, 0x03, 0x02, 0x01,
    0x01, 0x00, 0x00, 0xff, 0xfe, 0xfd, 0xfd, 0xfc, 0xfd, 0xfc, 0xfe, 0x00, 0x00, 0x02, 0x04, 0x06,
    0x09, 0x0b, 0x0d, 0x0d, 0x0f, 0x10, 0x10, 0x0f, 0x0e, 0x0d, 0x0a, 0x0a, 0x07, 0x05, 0x03, 0x01,
    0x00, 0xfd, 0xfd, 0xfc, 0xfb, 0xfa, 0xfa, 0xf9, 0xf9, 0xf9, 0xf9, 0xf7, 0xf7, 0xf5, 0xf4, 0xf3,
    0xf2, 0xf1, 0xef, 0xef, 0xee, 0xee, 0xed, 0xee, 0xf2, 0xf7, 0xf4, 0xf6, 0xfb, 0xfe, 0xfe, 0x03,
    0x06, 0x06, 0x07, 0x0a, 0x0a, 0x09, 0x0a, 0x09, 0x08, 0x09, 0x09, 0x07, 0x05, 0x06, 0x05, 0x05,
    0x05, 0x04, 0x02, 0x02, 0x02, 0x01, 0x00, 0xff, 0xff, 0xfd, 0xfd, 0xfc, 0xfc, 0xfd, 0xfd, 0xfd,
    0xff, 0x01, 0x02, 0x03, 0x07, 0x08, 0x09, 0x0a, 0x0b, 0x0c, 0x0d, 0x0e, 0x0d, 0x0c, 0x0b, 0x0a,
    0x09, 0x07, 0x05, 0x04, 0x01, 0x00, 0xff, 0xff, 0xfe, 0xfd, 0xfe, 0xfd, 0xfc, 0xfc, 0xfb, 0xfb,
    0xfb, 0xfa, 0xf8, 0xf9, 0xf8, 0xf6, 0xf6, 0xf5, 0xf4, 0xf4, 0xf4, 0xf2, 0xf1, 0xf1, 0xf0, 0xf1,
    0xf5, 0xf7, 0xf6, 0xf7, 0xfb, 0xfc, 0xfd, 0x01, 0x03, 0x05, 0x06, 0x08, 0x07, 0x06, 0x08, 0x08,
    0x07, 0x09, 0x07, 0x07, 0x06, 0x06, 0x06, 0x05, 0x05, 0x05, 0x03, 0x03, 0x03, 0x01, 0x00, 0xff,
    0xff, 0xfe, 0xfd, 0xfc, 0xfc, 0xfd, 0xfe, 0xff, 0x00, 0x02, 0x03, 0x06, 0x06, 0x07, 0x0a, 0x0c,
    0x0c, 0x0d, 0x0c, 0x0c, 0x0b, 0x0a, 0x09, 0x07, 0x07, 0x04, 0x04, 0x03, 0x01, 0x01, 0x00, 0x00,
    0xff, 0xfe, 0xfe, 0xfe, 0xfe, 0xfc, 0xfd, 0xfb, 0xfc, 0xfb, 0xfa, 0xfa, 0xfa, 0xf9, 0xf8, 0xf8,
    0xf7, 0xf7, 0xf8, 0xf8, 0xf6, 0xf6, 0xf6, 0xf6, 0xf4, 0xf3, 0xf3, 0xf5, 0xf7, 0xf6, 0xf8, 0xfa,
    0xfb, 0xfb, 0xff, 0x01, 0x01, 0x04, 0x06, 0x07, 0x07, 0x08, 0x08, 0x08, 0x08, 0x09, 0x07, 0x06,
    0x07, 0x05, 0x04, 0x04, 0x04, 0x02, 0x02, 0x02, 0x01, 0x01, 0x00, 0xff, 0xff, 0xff, 0x00, 0xff,
    0xff, 0x00, 0x01, 0x01, 0x02, 0x03, 0x03, 0x05, 0x05, 0x06, 0x06, 0x07, 0x07, 0x08, 0x06, 0x06,
    0x06, 0x06, 0x05, 0x04, 0x04, 0x03, 0x02, 0x02, 0x01, 0x00, 0x00, 0xfe, 0xfe, 0xfe, 0xfd, 0xfd,
    0xfd, 0xfc, 0xfc, 0xfb, 0xfc, 0xfb, 0xfc, 0xfb, 0xfb, 0xfb, 0xfb, 0xfb, 0xfb, 0xfc, 0xfb, 0xfa,
    0xfb, 0xfb, 0xfb, 0xfb, 0xfb, 0xfa, 0xfb, 0xfb, 0xfa, 0xfa, 0xfb, 0xfc, 0xfb, 0xfc, 0xfd, 0xfe,
    0xfe, 0x00, 0x01, 0x02, 0x02, 0x04, 0x04, 0x05, 0x05, 0x05, 0x05, 0x06, 0x05, 0x04, 0x05, 0x05,
    0x05, 0x03, 0x03, 0x04, 0x03, 0x03, 0x02, 0x03, 0x01, 0x02, 0x02, 0x02, 0x01, 0x01, 0x00, 0x01,
    0x01, 0x00, 0x01, 0x00, 0x01, 0x01, 0x01, 0x01, 0x02, 0x01, 0x02, 0x01, 0x01, 0x01, 0x02, 0x02,
    0x02, 0x02, 0x01, 0x01, 0x01, 0x00, 0x01, 0x01, 0xff, 0xff, 0xff, 0xfe, 0xff, 0xff, 0xff, 0xfe,
    0xfe, 0xfe, 0xfe, 0xfd, 0xfd, 0xfe, 0xfe, 0xfe, 0xfd, 0xfd, 0xfd, 0xfd, 0xfe, 0xfe, 0xfe, 0xfe,
    0xfe, 0xfe, 0xff, 0xff, 0xff, 0xff, 0xfe, 0xfe, 0xfe, 0xff, 0xff, 0xff, 0xff, 0x00, 0xff, 0xff,
    0x00, 0x01, 0x00, 0x01, 0x01, 0x02, 0x01, 0x01, 0x01, 0x01, 0x02, 0x02, 0x01, 0x01, 0x01, 0x02,
    0x01, 0x01, 0x01, 0x02, 0x01, 0x01, 0x01, 0x01, 0x01, 0x02, 0x01, 0x01, 0x02, 0x01, 0x01, 0x01,
    0x01, 0x00, 0x01, 0x00, 0x01, 0x01, 0x00, 0x01, 0x01, 0x01, 0x01, 0x01, 0x00, 0x01, 0x00, 0x01,
    0x00, 0x00, 0xff, 0x00, 0x00, 0xff, 0xfe, 0xff, 0x00, 0x00, 0x00, 0x01, 0x00, 0x00, 0xff, 0x00,
    0x00, 0x00, 0x00, 0x00, 0xff, 0xff, 0x00, 0xff, 0x00, 0xff, 0x00, 0x00, 0x00, 0x00, 0x00, 0xff,
    0xff, 0x00, 0xff, 0x00, 0x00, 0x00, 0x00, 0xff, 0xff, 0xff, 0xff, 0xfe, 0xff, 0xff, 0xff, 0xfe,
    0xff, 0xff, 0xfe, 0xff, 0xff, 0xff, 0x00, 0x00, 0xff, 0x00, 0x01, 0x00, 0x01, 0x00, 0x01, 0x00,
    0xff, 0xff, 0x00, 0x00, 0x00, 0x01, 0x01, 0x00, 0x00, 0x01, 0x01, 0x01, 0x00, 0x00, 0xff, 0x00,
    0x00, 0x01, 0x00, 0x01, 0x00, 0xff, 0x00, 0x00, 0xff, 0xff, 0x00, 0x01, 0x01, 0x00, 0x01, 0x01,
    0x00, 0x00, 0x00, 0x01, 0x01, 0x01, 0x00, 0x00, 0xff, 0x00, 0x01, 0x01, 0x00, 0x00, 0x00, 0x00,
    0x00, 0x00, 0x01, 0x01, 0x01, 0x00, 0x00, 0x01, 0x00, 0xff, 0xff, 0x00, 0xff, 0x00, 0x01, 0x00,
    0xff, 0xff, 0x00, 0x00, 0xff, 0xff, 0xff, 0x00, 0x00, 0xff, 0xff, 0x00, 0x01, 0xff, 0xff, 0x00,
    0x01, 0x00, 0xff, 0xfe, 0xff, 0xff, 0xff, 0xff, 0x00, 0xff, 0x00, 0x00, 0x00, 0x01, 0x00, 0xff,
    0xfe, 0x00, 0x01, 0x00, 0x01, 0x01, 0x00, 0x00, 0x01, 0x00, 0x00, 0x01, 0x00, 0x00, 0x00, 0x00,
    0x01, 0x01, 0x01, 0x01, 0x01, 0x01, 0x00, 0x01, 0x00, 0x00, 0x00, 0x00, 0x01, 0x00, 0x00, 0xff,
    0x00, 0x01, 0x00, 0xff, 0xff, 0x00, 0x00, 0xff, 0x00, 0x00, 0x01, 0x01, 0x00, 0x01, 0x00, 0xff,
    0x00, 0x01, 0x02, 0x01, 0x00, 0x00, 0x01, 0x00, 0xff, 0x00, 0xff, 0x00, 0x00, 0xff, 0xff, 0xff,
    0x00, 0x01, 0x00, 0xff, 0x00, 0x01, 0x00, 0xff, 0x00, 0x00, 0x00, 0xff, 0xfe, 0x00, 0x02, 0x00,
    0xff, 0x00, 0x00, 0xff, 0x00, 0x00, 0x01, 0x02, 0x02, 0x01, 0x00, 0xff, 0xfe, 0xfe, 0xfe, 0xff,
    0x00, 0x00, 0x00, 0x01, 0x02, 0x01, 0x00, 0x00, 0x01, 0x02, 0x01, 0x00, 0x01, 0x00, 0x01, 0x00,
    0x01, 0x02, 0x01, 0xff, 0x00, 0x00, 0x01, 0x01, 0x01, 0x00, 0x01, 0x01, 0xff, 0xff, 0x00, 0x01,
    0x00, 0x00, 0xff, 0x00, 0x01, 0x00, 0xfe, 0x00, 0x00, 0xff, 0x00, 0x00, 0x01, 0x01, 0x00, 0xff,
    0xfe, 0x00, 0x01, 0x00, 0x00, 0xff, 0xff, 0xff, 0x00, 0x01, 0x01, 0x01, 0x00, 0x00, 0x00, 0x01,
    0xff, 0xff, 0xff, 0x00, 0x00, 0x00, 0xff, 0xff, 0x00, 0x01, 0x01, 0x00, 0x01, 0x01, 0x01, 0x00,
    0x00, 0x00, 0xff, 0xfe, 0xfe, 0xff, 0xff, 0xfe, 0xfe, 0x00, 0x01, 0x01, 0x01, 0x01, 0x02, 0x02,
    0x01, 0x01, 0x01, 0xff, 0xfe, 0xff, 0xff, 0xff, 0x00, 0x00, 0x00, 0x01, 0x01, 0x01, 0x00, 0x00,
    0x00, 0x01, 0x01, 0x02, 0x03, 0x01, 0x01, 0xff, 0xfe, 0x00, 0x00, 0xff, 0x00, 0x01, 0x01, 0x00,
    0xff, 0x02, 0x03, 0x00, 0xff, 0xff, 0xff, 0xff, 0xfd, 0xff, 0x01, 0x00, 0xfe, 0xff, 0x00, 0x00,
    0x01, 0x01, 0x00, 0x00, 0x01, 0x01, 0x00, 0xff, 0x00, 0xff, 0xff, 0xff, 0x00, 0x01, 0x00, 0xff,
    0x00, 0x02, 0x02, 0x00, 0x00, 0x02, 0x01, 0x01, 0x00, 0x00, 0xff, 0x00, 0xff, 0xff, 0x00, 0x00,
    0x00, 0xff, 0x00, 0x00, 0xff, 0x00, 0xff, 0xff, 0x00, 0x00, 0xfe, 0xfe, 0xff, 0xfe, 0xfe, 0xff,
    0x00, 0x00, 0x01, 0x00, 0x00, 0x01, 0x01, 0x00, 0x00, 0x00, 0xff, 0xfe, 0xff, 0xff, 0x00, 0xff,
    0xff, 0x01, 0x01, 0x00, 0x00, 0x01, 0x01, 0x01, 0x01, 0x00, 0x00, 0x01, 0x00, 0xff, 0x00, 0x01,
    0x03, 0x03, 0x02, 0x03, 0x04, 0x02, 0x01, 0x02, 0x04, 0x04, 0x02, 0x01, 0x01, 0x02, 0x01, 0xff,
    0x00, 0x01, 0x03, 0x02, 0x01, 0x02, 0x03, 0x03, 0x01, 0x01, 0x00, 0x01, 0xff, 0xfe, 0xff, 0x00,
    0xff, 0xfe, 0xff, 0xfe, 0xfe, 0xfd, 0xfd, 0xfd, 0xfd, 0xfc, 0xfc, 0xfd, 0xfb, 0xfa, 0xfb, 0xfb,
    0xfa, 0xfb, 0xfb, 0xfb, 0xfa, 0xfa, 0xfa, 0xf8, 0xf8, 0xf9, 0xfa, 0xfd, 0xfe, 0xfe, 0x00, 0x03,
    0x03, 0x03, 0x03, 0x04, 0x04, 0x04, 0x04, 0x05, 0x06, 0x07, 0x06, 0x06, 0x06, 0x05, 0x05, 0x04,
    0x05, 0x06, 0x06, 0x06, 0x06, 0x07, 0x07, 0x07, 0x07, 0x08, 0x06, 0x05, 0x04, 0x04, 0x04, 0x04,
    0x04, 0x03, 0x03, 0x03, 0x02, 0x01, 0x01, 0xff, 0xfe, 0xfe, 0xfd, 0xfc, 0xfc, 0xfb, 0xfa, 0xfb,
    0xfc, 0xfd, 0xfd, 0xfd, 0xfc, 0xfc, 0xfc, 0xfa, 0xf7, 0xf6, 0xf5, 0xf6, 0xf4, 0xf3, 0xf4, 0xf4,
    0xf4, 0xf5, 0xf5, 0xf4, 0xf7, 0xfd, 0x04, 0x05, 0x05, 0x09, 0x0a, 0x0a, 0x09, 0x07, 0x04, 0x04,
    0x02, 0xfd, 0xfb, 0xfc, 0xfc, 0xfc, 0xfd, 0xff, 0x02, 0x05, 0x05, 0x06, 0x07, 0x08, 0x08, 0x07,
    0x07, 0x09, 0x08, 0x08, 0x07, 0x06, 0x08, 0x08, 0x07, 0x07, 0x07, 0x08, 0x09, 0x08, 0x07, 0x06,
    0x07, 0x05, 0x03, 0x03, 0x02, 0x01, 0x00, 0x01, 0xff, 0xfd, 0xfc, 0xfb, 0xf9, 0xf7, 0xf7, 0xf8,
    0xf6, 0xf3, 0xf3, 0xf4, 0xf2, 0xef, 0xef, 0xef, 0xef, 0xed, 0xee, 0xf1, 0xf6, 0xfa, 0x01, 0x08,
    0x09, 0x0b, 0x0f, 0x0e, 0x0b, 0x09, 0x05, 0x01, 0xfe, 0xfb, 0xf9, 0xf7, 0xf8, 0xfa, 0xfc, 0xff,
    0x02, 0x05, 0x07, 0x09, 0x08, 0x09, 0x08, 0x05, 0x02, 0xff, 0xfd, 0xfb, 0xfb, 0xfb, 0xfd, 0x01,
    0x06, 0x08, 0x0a, 0x0e, 0x10, 0x10, 0x11, 0x0f, 0x0e, 0x0d, 0x0a, 0x07, 0x07, 0x06, 0x04, 0x04,
    0x04, 0x03, 0x02, 0x01, 0x01, 0x00, 0x00, 0xfc, 0xfa, 0xfa, 0xf8, 0xf6, 0xf5, 0xf5, 0xf6, 0xf4,
    0xf2, 0xf1, 0xf2, 0xf0, 0xef, 0xed, 0xea, 0xeb, 0xef, 0xf2, 0xfa, 0x05, 0x08, 0x08, 0x0d, 0x11,
    0x0e, 0x0b, 0x09, 0x05, 0x02, 0xff, 0xf8, 0xf5, 0xf7, 0xf9, 0xf9, 0xfc, 0x00, 0x04, 0x08, 0x09,
    0x09, 0x09, 0x0a, 0x07, 0x03, 0xff, 0xfe, 0xfb, 0xf9, 0xf8, 0xf8, 0xfa, 0xfc, 0xff, 0x02, 0x06,
    0x08, 0x0c, 0x0f, 0x11, 0x10, 0x10, 0x0f, 0x0d, 0x0b, 0x09, 0x08, 0x07, 0x07, 0x06, 0x07, 0x09,
    0x08, 0x07, 0x05, 0x05, 0x03, 0x00, 0xff, 0xfe, 0xfc, 0xfa, 0xfa, 0xfb, 0xf8, 0xf6, 0xf7, 0xf8,
    0xf5, 0xf3, 0xf2, 0xef, 0xec, 0xeb, 0xe9, 0xe4, 0xe5, 0xea, 0xf6, 0x04, 0x06, 0x06, 0x0f, 0x15,
    0x12, 0x0e, 0x0c, 0x08, 0x04, 0xff, 0xf8, 0xf3, 0xf4, 0xf5, 0xf3, 0xf7, 0xfd, 0x01, 0x03, 0x07,
    0x09, 0x0c, 0x0c, 0x0a, 0x06, 0x03, 0x01, 0xfd, 0xf8, 0xf7, 0xf8, 0xf8, 0xfa, 0xfc, 0xff, 0x03,
    0x07, 0x08, 0x08, 0x0b, 0x10, 0x0e, 0x0c, 0x0c, 0x0e, 0x0d, 0x0b, 0x09, 0x09, 0x0b, 0x0a, 0x09,
    0x09, 0x0a, 0x08, 0x07, 0x05, 0x05, 0x03, 0x01, 0x00, 0xfe, 0xfe, 0xfd, 0xfd, 0xfc, 0xfa, 0xfa,
    0xf9, 0xf7, 0xf5, 0xf3, 0xf1, 0xef, 0xed, 0xea, 0xe8, 0xe8, 0xe2, 0xe2, 0xea, 0xf6, 0x03, 0x05,
    0x06, 0x0e, 0x17, 0x14, 0x0e, 0x0d, 0x0b, 0x06, 0xfe, 0xf7, 0xf3, 0xf4, 0xf4, 0xf3, 0xf5, 0xfc,
    0x01, 0x05, 0x09, 0x0b, 0x0d, 0x0e, 0x0b, 0x06, 0x02, 0x00, 0xfc, 0xf8, 0xf7, 0xf7, 0xf8, 0xf8,
    0xfb, 0xfc, 0x00, 0x05, 0x07, 0x08, 0x0a, 0x0f, 0x10, 0x0c, 0x0c, 0x0e, 0x0c, 0x09, 0x08, 0x09,
    0x0a, 0x0a, 0x09, 0x09, 0x0a, 0x0a, 0x08, 0x06, 0x05, 0x04, 0x01, 0x00, 0x00, 0xff, 0xff, 0xfe,
    0xfc, 0xfc, 0xfc, 0xf8, 0xf7, 0xf6, 0xf4, 0xf3, 0xf1, 0xee, 0xec, 0xeb, 0xe6, 0xe5, 0xe5, 0xe4,
    0xed, 0xfb, 0x03, 0x03, 0x09, 0x12, 0x12, 0x10, 0x0f, 0x0e, 0x08, 0x04, 0xff, 0xf6, 0xf3, 0xf4,
    0xf3, 0xf3, 0xf6, 0xfb, 0x02, 0x08, 0x09, 0x0a, 0x0e, 0x10, 0x0c, 0x09, 0x05, 0x02, 0xfd, 0xfa,
    0xf6, 0xf4, 0xf5, 0xf8, 0xf9, 0xfb, 0xff, 0x03, 0x07, 0x08, 0x0a, 0x0e, 0x11, 0x11, 0x10, 0x0f,
    0x0f, 0x0d, 0x0b, 0x09, 0x07, 0x08, 0x06, 0x06, 0x05, 0x05, 0x06, 0x05, 0x04, 0x03, 0x02, 0x03,
    0x01, 0x00, 0x00, 0xfe, 0xfd, 0xfd, 0xfb, 0xf9, 0xf8, 0xf6, 0xf6, 0xf5, 0xf4, 0xf4, 0xf2, 0xef,
    0xee, 0xee, 0xeb, 0xea, 0xeb, 0xf0, 0xf8, 0xfc, 0xfb, 0xff, 0x04, 0x06, 0x08, 0x09, 0x0a, 0x08,
    0x08, 0x07, 0x04, 0x02, 0x01, 0xff, 0xfd, 0xfd, 0xfe, 0xfe, 0xfe, 0x00, 0x01, 0x02, 0x03, 0x04,
    0x04, 0x04, 0x03, 0x03, 0x01, 0x00, 0x00, 0xff, 0xfe, 0xfe, 0xfd, 0xfe, 0xfe, 0xff, 0x01, 0x02,
    0x03, 0x05, 0x08, 0x09, 0x0a, 0x0a, 0x09, 0x09, 0x0a, 0x09, 0x09, 0x09, 0x08, 0x07, 0x06, 0x05,
    0x05, 0x05, 0x04, 0x04, 0x04, 0x04, 0x03, 0x03, 0x01, 0x01, 0x00, 0x00, 0xfe, 0xfe, 0xfc, 0xfb,
    0xf9, 0xf8, 0xf7, 0xf4, 0xf4, 0xf3, 0xf1, 0xf0, 0xef, 0xed, 0xec, 0xed, 0xf0, 0xf3, 0xf4, 0xf5,
    0xf8, 0xfb, 0xfb, 0xfe, 0x01, 0x04, 0x04, 0x06, 0x06, 0x07, 0x06, 0x07, 0x07, 0x06, 0x06, 0x06,
    0x05, 0x04, 0x04, 0x03, 0x03, 0x03, 0x03, 0x02, 0x02, 0x01, 0x01, 0x00, 0xff, 0xff, 0xfe, 0xfe,
    0xfc, 0xfd, 0xfc, 0xfe, 0xff, 0xff, 0x01, 0x03, 0x05, 0x07, 0x09, 0x0a, 0x0c, 0x0d, 0x0e, 0x0e,
    0x0e, 0x0f, 0x0e, 0x0c, 0x0c, 0x0a, 0x08, 0x06, 0x05, 0x03, 0x01, 0x00, 0x00, 0x00, 0xff, 0xfe,
    0xfe, 0xfe, 0xfc, 0xfb, 0xfa, 0xfa, 0xf8, 0xf7, 0xf5, 0xf3, 0xf3, 0xf2, 0xf0, 0xee, 0xed, 0xeb,
    0xea, 0xec, 0xef, 0xf3, 0xf5, 0xf5, 0xf7, 0xfb, 0xfe, 0x01, 0x04, 0x07, 0x07, 0x08, 0x0a, 0x08,
    0x07, 0x08, 0x07, 0x05, 0x05, 0x05, 0x04, 0x03, 0x04, 0x02, 0x03, 0x02, 0x03, 0x02, 0x01, 0x01,
    0x00, 0xff, 0xff, 0xfd, 0xfd, 0xfb, 0xfc, 0xfc, 0xfc, 0xfd, 0xff, 0x01, 0x03, 0x05, 0x06, 0x08,
    0x0b, 0x0c, 0x0d, 0x0f, 0x10, 0x10, 0x10, 0x10, 0x0e, 0x0c, 0x0a, 0x09, 0x07, 0x05, 0x04, 0x04,
    0x02, 0x01, 0x00, 0xff, 0x00, 0xff, 0xfe, 0xfc, 0xfc, 0xfb, 0xfa, 0xf9, 0xf8, 0xf6, 0xf6, 0xf4,
    0xf3, 0xf2, 0xf1, 0xef, 0xee, 0xee, 0xed, 0xee, 0xf1, 0xf4, 0xf4, 0xf6, 0xf8, 0xfa, 0xfc, 0x00,
    0x02, 0x02, 0x04, 0x06, 0x07, 0x06, 0x06, 0x06, 0x05, 0x05, 0x05, 0x04, 0x03, 0x03, 0x03, 0x03,
    0x03, 0x03, 0x03, 0x02, 0x01, 0x01, 0x00, 0xff, 0xff, 0xfe, 0xfd, 0xfc, 0xfd, 0xfc, 0xfd, 0xfd,
    0xfe, 0xff, 0x02, 0x04, 0x06, 0x07, 0x09, 0x0b, 0x0c, 0x0e, 0x0f, 0x10, 0x10, 0x0f, 0x0e, 0x0d,
    0x0c, 0x0b, 0x09, 0x08, 0x06, 0x04, 0x03, 0x01, 0x01, 0x00, 0xff, 0xff, 0xfe, 0xfe, 0xfd, 0xfc,
    0xfb, 0xfa, 0xf8, 0xf7, 0xf7, 0xf6, 0xf4, 0xf3, 0xf2, 0xf0, 0xef, 0xee, 0xed, 0xec, 0xee, 0xf2,
    0xf4, 0xf4, 0xf5, 0xf8, 0xfa, 0xfd, 0x00, 0x02, 0x04, 0x05, 0x06, 0x07, 0x06, 0x06, 0x06, 0x06,
    0x06, 0x06, 0x05, 0x06, 0x05, 0x04, 0x04, 0x04, 0x04, 0x03, 0x02, 0x00, 0x00, 0xff, 0xfe, 0xfe,
    0xfd, 0xfc, 0xfb, 0xfc, 0xfc, 0xfd, 0xfd, 0xfe, 0xff, 0x01, 0x03, 0x06, 0x08, 0x09, 0x0b, 0x0d,
    0x0e, 0x0f, 0x0f, 0x0f, 0x10, 0x0f, 0x0d, 0x0c, 0x0a, 0x09, 0x07, 0x06, 0x04, 0x03, 0x02, 0x02,
    0x01, 0x00, 0x00, 0xff, 0xfe, 0xfd, 0xfc, 0xfb, 0xfa, 0xf9, 0xf8, 0xf7, 0xf6, 0xf4, 0xf3, 0xf2,
    0xf2, 0xf1, 0xf0, 0xef, 0xec, 0xec, 0xf0, 0xf2, 0xf3, 0xf3, 0xf6, 0xf8, 0xfa, 0xfd, 0x01, 0x03,
    0x04, 0x05, 0x07, 0x06, 0x07, 0x07, 0x06, 0x05, 0x06, 0x05, 0x05, 0x05, 0x04, 0x04, 0x04, 0x03,
    0x03, 0x03, 0x03, 0x02, 0x01, 0x01, 0x00, 0xff, 0xff, 0xfe, 0xfd, 0xfd, 0xfc, 0xfc, 0xfd, 0xfc,
    0xfe, 0x00, 0x02, 0x04, 0x06, 0x07, 0x09, 0x0a, 0x0b, 0x0d, 0x0d, 0x0d, 0x0d, 0x0e, 0x0d, 0x0c,
    0x0a, 0x08, 0x07, 0x06, 0x05, 0x04, 0x03, 0x02, 0x02, 0x01, 0x00, 0x00, 0x00, 0xff, 0xff, 0xfe,
    0xfc, 0xfa, 0xfa, 0xf8, 0xf7, 0xf5, 0xf4, 0xf3, 0xf1, 0xef, 0xee, 0xec, 0xec, 0xec, 0xee, 0xf1,
    0xf2, 0xf3, 0xf5, 0xf8, 0xfa, 0xfd, 0x00, 0x02, 0x04, 0x05, 0x06, 0x06, 0x06, 0x06, 0x06, 0x06,
    0x06, 0x06, 0x06, 0x06, 0x05, 0x05, 0x06, 0x05, 0x04, 0x04, 0x03, 0x03, 0x02, 0x01, 0x00, 0xff,
    0xfe, 0xfd, 0xfc, 0xfc, 0xfc, 0xfb, 0xfc, 0xfc, 0xfd, 0xfe, 0xff, 0x01, 0x03, 0x05, 0x06, 0x07,
    0x09, 0x0a, 0x0b, 0x0c, 0x0d, 0x0c, 0x0c, 0x0c, 0x0c, 0x0b, 0x09, 0x09, 0x08, 0x06, 0x06, 0x05,
    0x05, 0x04, 0x03, 0x02, 0x02, 0x01, 0x01, 0x00, 0xff, 0xfe, 0xfd, 0xfb, 0xfa, 0xf9, 0xf8, 0xf7,
    0xf6, 0xf4, 0xf3, 0xf2, 0xf1, 0xef, 0xed, 0xec, 0xee, 0xf0, 0xf3, 0xf4, 0xf5, 0xf6, 0xf8, 0xfb,
    0xfe, 0x02, 0x04, 0x05, 0x05, 0x05, 0x05, 0x05, 0x05, 0x05, 0x05, 0x05, 0x05, 0x05, 0x05, 0x05,
    0x05, 0x04, 0x05, 0x05, 0x05, 0x04, 0x03, 0x03, 0x02, 0x01, 0x00, 0xfe, 0xfd, 0xfc, 0xfb, 0xfa,
    0xfa, 0xfb, 0xfb, 0xfc, 0xfc, 0xfd, 0xff, 0x01, 0x02, 0x04, 0x06, 0x07, 0x09, 0x0a, 0x0b, 0x0c,
    0x0c, 0x0b, 0x0b, 0x0d, 0x0d, 0x0a, 0x09, 0x09, 0x08, 0x07, 0x07, 0x06, 0x06, 0x05, 0x05, 0x05,
    0x04, 0x04, 0x02, 0x00, 0xff, 0xfd, 0xfb, 0xfa, 0xf9, 0xf8, 0xf7, 0xf5, 0xf4, 0xf3, 0xf2, 0xf1,
    0xef, 0xed, 0xeb, 0xe9, 0xe6, 0xe6, 0xe9, 0xee, 0xf3, 0xf6, 0xf8, 0xff, 0x04, 0x03, 0x06, 0x0b,
    0x0d, 0x0b, 0x0b, 0x0a, 0x06, 0x04, 0x04, 0x02, 0x01, 0x01, 0x02, 0x03, 0x03, 0x05, 0x07, 0x08,
    0x07, 0x07, 0x08, 0x06, 0x03, 0x00, 0xfe, 0xfc, 0xfa, 0xfa, 0xfa, 0xf9, 0xf9, 0xfb, 0xfd, 0xff,
    0x01, 0x03, 0x04, 0x05, 0x06, 0x06, 0x05, 0x05, 0x06, 0x06, 0x07, 0x08, 0x09, 0x0a, 0x0b, 0x0b,
    0x09, 0x0a, 0x0b, 0x0a, 0x0a, 0x0a, 0x09, 0x07, 0x08, 0x07, 0x06, 0x05, 0x05, 0x04, 0x02, 0x01,
    0xff, 0xfe, 0xfc, 0xfb, 0xf9, 0xf7, 0xf4, 0xf4, 0xf2, 0xf1, 0xf0, 0xee, 0xeb, 0xea, 0xe8, 0xe5,
    0xe2, 0xe3, 0xea, 0xf3, 0xf9, 0xfe, 0x06, 0x08, 0x08, 0x0b, 0x0e, 0x0c, 0x0b, 0x09, 0x06, 0x03,
    0xff, 0xfd, 0xfe, 0xfe, 0xfe, 0x01, 0x04, 0x05, 0x07, 0x08, 0x09, 0x0a, 0x09, 0x07, 0x06, 0x02,
    0xfe, 0xfc, 0xfa, 0xf7, 0xf5, 0xf6, 0xf6, 0xf8, 0xf9, 0xfb, 0xff, 0x01, 0x03, 0x06, 0x07, 0x07,
    0x06, 0x06, 0x05, 0x06, 0x07, 0x07, 0x07, 0x09, 0x0a, 0x0a, 0x0b, 0x0c, 0x0d, 0x0e, 0x0d, 0x0c,
    0x0b, 0x0a, 0x08, 0x07, 0x06, 0x05, 0x03, 0x02, 0x03, 0x01, 0x00, 0x00, 0xff, 0xfe, 0xfd, 0xfc,
    0xf9, 0xf8, 0xf6, 0xf6, 0xf3, 0xf1, 0xf0, 0xee, 0xec, 0xec, 0xeb, 0xe9, 0xe7, 0xe6, 0xe6, 0xec,
    0xf4, 0xf9, 0xfd, 0x07, 0x08, 0x08, 0x0c, 0x0d, 0x0e, 0x0e, 0x0c, 0x07, 0x03, 0xff, 0xfe, 0xfe,
    0xfe, 0xff, 0x01, 0x03, 0x06, 0x08, 0x09, 0x0b, 0x0b, 0x09, 0x07, 0x05, 0x00, 0xfc, 0xf9, 0xf7,
    0xf5, 0xf4, 0xf4, 0xf6, 0xf8, 0xfa, 0xfe, 0x02, 0x04, 0x08, 0x0a, 0x0a, 0x09, 0x09, 0x07, 0x06,
    0x06, 0x06, 0x06, 0x05, 0x06, 0x07, 0x08, 0x09, 0x09, 0x0b, 0x0b, 0x0d, 0x0c, 0x0d, 0x0b, 0x0a,
    0x09, 0x07, 0x06, 0x04, 0x03, 0x01, 0x00, 0xfe, 0xfe, 0xfc, 0xfb, 0xfa, 0xfa, 0xf9, 0xf8, 0xf9,
    0xf6, 0xf4, 0xf5, 0xf2, 0xf0, 0xf1, 0xef, 0xec, 0xe9, 0xe7, 0xe5, 0xe8, 0xee, 0xf4, 0xfa, 0xff,
    0x06, 0x07, 0x09, 0x0c, 0x0f, 0x0e, 0x0d, 0x0a, 0x07, 0x03, 0x01, 0x00, 0xfe, 0xfe, 0xfe, 0x01,
    0x03, 0x03, 0x05, 0x08, 0x09, 0x08, 0x09, 0x08, 0x06, 0x02, 0xff, 0xfc, 0xfa, 0xf7, 0xf6, 0xf5,
    0xf4, 0xf5, 0xf7, 0xfa, 0xfd, 0x00, 0x03, 0x06, 0x07, 0x09, 0x09, 0x08, 0x09, 0x07, 0x07, 0x07,
    0x06, 0x06, 0x06, 0x07, 0x07, 0x08, 0x08, 0x0a, 0x0b, 0x0c, 0x0c, 0x0c, 0x0c, 0x0b, 0x0b, 0x09,
    0x07, 0x06, 0x03, 0x02, 0xff, 0xff, 0xfd, 0xfb, 0xfb, 0xfa, 0xf9, 0xf9, 0xf9, 0xf7, 0xf9, 0xf9,
    0xf5, 0xf6, 0xf6, 0xf2, 0xf1, 0xf0, 0xef, 0xec, 0xea, 0xe8, 0xeb, 0xed, 0xf3, 0xfa, 0xfc, 0x02,
    0x05, 0x06, 0x09, 0x0c, 0x0b, 0x0c, 0x0b, 0x08, 0x06, 0x03, 0x01, 0xff, 0xff, 0xfe, 0x00, 0x01,
    0x02, 0x03, 0x06, 0x06, 0x08, 0x07, 0x07, 0x06, 0x03, 0x01, 0xff, 0xfc, 0xf9, 0xf8, 0xf7, 0xf6,
    0xf8, 0xf8, 0xfb, 0xfd, 0xfe, 0x01, 0x04, 0x06, 0x07, 0x08, 0x08, 0x08, 0x07, 0x06, 0x06, 0x06,
    0x06, 0x06, 0x06, 0x07, 0x07, 0x08, 0x0a, 0x0a, 0x0b, 0x0c, 0x0c, 0x0c, 0x0b, 0x0b, 0x09, 0x08,
    0x06, 0x05, 0x03, 0x01, 0xff, 0xfd, 0xfc, 0xfb, 0xfb, 0xfb, 0xfb, 0xf9, 0xf9, 0xf9, 0xf8, 0xf8,
    0xf5, 0xf7, 0xf3, 0xf3, 0xf4, 0xef, 0xef, 0xee, 0xed, 0xe9, 0xe9, 0xee, 0xf0, 0xf4, 0xfb, 0xfd,
    0x04, 0x06, 0x07, 0x0a, 0x0c, 0x0b, 0x0c, 0x0b, 0x07, 0x06, 0x02, 0x00, 0xff, 0xfe, 0x00, 0x01,
    0x01, 0x03, 0x04, 0x05, 0x05, 0x07, 0x06, 0x06, 0x05, 0x03, 0x01, 0xff, 0xfc, 0xfb, 0xf9, 0xf9,
    0xf9, 0xf8, 0xfa, 0xfa, 0xfb, 0xfd, 0xff, 0x01, 0x02, 0x04, 0x05, 0x05, 0x05, 0x06, 0x06, 0x06,
    0x06, 0x07, 0x07, 0x07, 0x09, 0x08, 0x08, 0x0a, 0x0a, 0x0a, 0x0c, 0x0d, 0x0c, 0x0b, 0x0a, 0x0a,
    0x09, 0x07, 0x07, 0x05, 0x03, 0x01, 0x00, 0xff, 0xfe, 0xfc, 0xfc, 0xfa, 0xfa, 0xfa, 0xf9, 0xfa,
    0xf7, 0xf8, 0xf7, 0xf5, 0xf6, 0xf5, 0xf2, 0xf4, 0xf0, 0xee, 0xef, 0xeb, 0xe9, 0xea, 0xef, 0xf0,
    0xf6, 0xfd, 0xfe, 0x04, 0x06, 0x08, 0x0a, 0x0c, 0x0c, 0x0c, 0x0c, 0x08, 0x07, 0x04, 0x02, 0x00,
    0xff, 0xff, 0x00, 0x01, 0x03, 0x05, 0x04, 0x05, 0x06, 0x05, 0x06, 0x03, 0x02, 0x00, 0xfe, 0xfb,
    0xfa, 0xf8, 0xf7, 0xf7, 0xf8, 0xf9, 0xfa, 0xfc, 0xfd, 0x00, 0x01, 0x03, 0x04, 0x05, 0x05, 0x05,
    0x05, 0x05, 0x04, 0x05, 0x04, 0x06, 0x08, 0x06, 0x0a, 0x0a, 0x09, 0x0a, 0x0b, 0x0b, 0x0c, 0x0c,
    0x0c, 0x0b, 0x09, 0x0a, 0x08, 0x06, 0x05, 0x05, 0x02, 0x02, 0x01, 0xff, 0xfe, 0xfd, 0xfc, 0xfb,
    0xfb, 0xf9, 0xfa, 0xf8, 0xf8, 0xf8, 0xf7, 0xf7, 0xf7, 0xf6, 0xf7, 0xf4, 0xf3, 0xf2, 0xf1, 0xf0,
    0xef, 0xed, 0xeb, 0xf1, 0xf2, 0xf4, 0xfd, 0x01, 0x02, 0x07, 0x0a, 0x0a, 0x0a, 0x0b, 0x0b, 0x09,
    0x06, 0x03, 0x03, 0xff, 0xfe, 0xff, 0x00, 0x01, 0x02, 0x04, 0x05, 0x07, 0x07, 0x07, 0x07, 0x05,
    0x03, 0x01, 0xff, 0xfc, 0xfa, 0xf7, 0xf6, 0xf6, 0xf7, 0xf8, 0xf9, 0xfc, 0xff, 0x00, 0x02, 0x05,
    0x06, 0x07, 0x06, 0x05, 0x04, 0x04, 0x01, 0x01, 0x00, 0x01, 0x02, 0x03, 0x06, 0x09, 0x0a, 0x0c,
    0x0e, 0x0e, 0x0e, 0x0d, 0x0c, 0x0b, 0x09, 0x09, 0x07, 0x06, 0x05, 0x04, 0x04, 0x02, 0x02, 0x03,
    0x00, 0x01, 0x00, 0xff, 0xfe, 0xfc, 0xfa, 0xf9, 0xf7, 0xf6, 0xf7, 0xf6, 0xf5, 0xf6, 0xf6, 0xf5,
    0xf5, 0xf4, 0xf3, 0xf3, 0xf2, 0xf0, 0xf0, 0xed, 0xed, 0xf0, 0xf7, 0xf8, 0xff, 0x05, 0x07, 0x09,
    0x0c, 0x0c, 0x09, 0x09, 0x06, 0x04, 0x01, 0xff, 0xfd, 0xfd, 0xfd, 0xfe, 0x01, 0x04, 0x06, 0x08,
    0x0b, 0x0a, 0x09, 0x08, 0x06, 0x02, 0xff, 0xfb, 0xf8, 0xf7, 0xf5, 0xf6, 0xf8, 0xfa, 0xfc, 0xfe,
    0x01, 0x04, 0x05, 0x07, 0x06, 0x04, 0x04, 0x02, 0x01, 0x00, 0xff, 0xff, 0xff, 0x01, 0x05, 0x09,
    0x0b, 0x0e, 0x12, 0x11, 0x0e, 0x0c, 0x0b, 0x09, 0x06, 0x07, 0x06, 0x06, 0x06, 0x06, 0x05, 0x06,
    0x04, 0x04, 0x03, 0x01, 0x01, 0xff, 0xfe, 0xfc, 0xfa, 0xf9, 0xf7, 0xf8, 0xf8, 0xf8, 0xf9, 0xfa,
    0xf8, 0xf6, 0xf7, 0xf5, 0xf3, 0xf5, 0xf3, 0xf1, 0xf1, 0xef, 0xea, 0xeb, 0xf0, 0xf6, 0xf9, 0x03,
    0x0a, 0x09, 0x0a, 0x0d, 0x0b, 0x04, 0x02, 0x01, 0xfd, 0xfb, 0xfa, 0xfc, 0xfe, 0x01, 0x04, 0x09,
    0x0d, 0x0c, 0x0c, 0x0b, 0x09, 0x04, 0x00, 0xfe, 0xfb, 0xf9, 0xf8, 0xf9, 0xfa, 0xfc, 0xff, 0x01,
    0x03, 0x04, 0x03, 0x02, 0x01, 0x00, 0xfe, 0xfc, 0xfc, 0xfb, 0xfc, 0xfd, 0xff, 0x01, 0x03, 0x05,
    0x06, 0x07, 0x09, 0x0d, 0x0d, 0x0c, 0x0d, 0x0b, 0x09, 0x07, 0x07, 0x07, 0x08, 0x09, 0x0a, 0x0c,
    0x0b, 0x09, 0x08, 0x07, 0x05, 0x02, 0x00, 0x00, 0xfe, 0xfd, 0xfd, 0xfd, 0xfc, 0xfb, 0xfc, 0xfb,
    0xfa, 0xf8, 0xf7, 0xf6, 0xf5, 0xf6, 0xf8, 0xf7, 0xf5, 0xf4, 0xf4, 0xf2, 0xeb, 0xeb, 0xec, 0xe9,
    0xec, 0xf7, 0xff, 0x04, 0x0c, 0x0f, 0x0d, 0x0c, 0x09, 0x03, 0xfe, 0xfc, 0xf9, 0xf6, 0xf9, 0xfd,
    0x00, 0x04, 0x09, 0x0d, 0x0e, 0x0e, 0x0b, 0x09, 0x05, 0x00, 0xfc, 0xfa, 0xf8, 0xf9, 0xfa, 0xfd,
    0x01, 0x04, 0x06, 0x06, 0x05, 0x04, 0x01, 0xff, 0xfc, 0xfa, 0xfa, 0xfb, 0xfc, 0xfe, 0x01, 0x03,
    0x04, 0x06, 0x05, 0x06, 0x05, 0x04, 0x05, 0x08, 0x0b, 0x08, 0x07, 0x0a, 0x0a, 0x06, 0x07, 0x09,
    0x0a, 0x09, 0x09, 0x09, 0x09, 0x08, 0x06, 0x04, 0x04, 0x02, 0x00, 0xff, 0xff, 0xff, 0xfe, 0xfd,
    0xfc, 0xfc, 0xfb, 0xfa, 0xfa, 0xfa, 0xfa, 0xf9, 0xf7, 0xf7, 0xf7, 0xf6, 0xf3, 0xee, 0xec, 0xeb,
    0xe9, 0xe7, 0xe7, 0xee, 0xf9, 0x01, 0x07, 0x0b, 0x0f, 0x0e, 0x09, 0x04, 0x02, 0xff, 0xfa, 0xf7,
    0xf7, 0xf9, 0xfc, 0x00, 0x05, 0x09, 0x0c, 0x0d, 0x0c, 0x0a, 0x07, 0x03, 0xff, 0xfc, 0xfa, 0xfa,
    0xfa, 0xfc, 0xff, 0x01, 0x03, 0x05, 0x05, 0x04, 0x02, 0x01, 0xff, 0xfd, 0xfc, 0xfb, 0xfc, 0xfd,
    0xff, 0x00, 0x02, 0x05, 0x06, 0x06, 0x05, 0x06, 0x09, 0x0c, 0x0a, 0x08, 0x0a, 0x0b, 0x07, 0x06,
    0x07, 0x07, 0x07, 0x08, 0x08, 0x0a, 0x0b, 0x09, 0x06, 0x06, 0x05, 0x02, 0xff, 0xfe, 0xfe, 0xfe,
    0xfd, 0xfe, 0xfd, 0xfd, 0xfd, 0xfd, 0xfc, 0xfa, 0xfa, 0xfa, 0xf7, 0xf5, 0xf3, 0xf3, 0xf3, 0xf2,
    0xf0, 0xef, 0xee, 0xeb, 0xea, 0xf1, 0xf9, 0xfe, 0x03, 0x0a, 0x0c, 0x0b, 0x0a, 0x08, 0x03, 0xff,
    0xfd, 0xf9, 0xf7, 0xf9, 0xfb, 0xfc, 0x00, 0x05, 0x09, 0x09, 0x0a, 0x0a, 0x09, 0x05, 0x01, 0xfe,
    0xfb, 0xfa, 0xf9, 0xf9, 0xfb, 0xfe, 0x01, 0x02, 0x03, 0x05, 0x05, 0x04, 0x02, 0x00, 0xff, 0xfd,
    0xfc, 0xfc, 0xfc, 0xfd, 0xfe, 0x00, 0x01, 0x03, 0x04, 0x05, 0x05, 0x05, 0x07, 0x09, 0x09, 0x07,
    0x07, 0x08, 0x07, 0x05, 0x06, 0x08, 0x08, 0x08, 0x09, 0x0a, 0x0b, 0x0a, 0x08, 0x07, 0x06, 0x05,
    0x02, 0x01, 0x00, 0xff, 0xff, 0xfe, 0xfd, 0xfe, 0xfd, 0xfc, 0xfd, 0xfc, 0xfb, 0xfa, 0xf8, 0xf7,
    0xf6, 0xf4, 0xf3, 0xf3, 0xf1, 0xef, 0xed, 0xeb, 0xe9, 0xeb, 0xf3, 0xfb, 0xff, 0x04, 0x0a, 0x0d,
    0x0c, 0x0a, 0x08, 0x03, 0xff, 0xfc, 0xf8, 0xf6, 0xf7, 0xf9, 0xfc, 0xff, 0x04, 0x08, 0x0a, 0x0b,
    0x0a, 0x09, 0x06, 0x03, 0x00, 0xfd, 0xfa, 0xf9, 0xf9, 0xfa, 0xfd, 0xff, 0x01, 0x03, 0x05, 0x06,
    0x05, 0x04, 0x03, 0x01, 0xfe, 0xfd, 0xfc, 0xfb, 0xfa, 0xfc, 0xfe, 0x00, 0x02, 0x04, 0x05, 0x06,
    0x08, 0x0a, 0x0a, 0x08, 0x07, 0x08, 0x07, 0x05, 0x04, 0x05, 0x06, 0x07, 0x07, 0x08, 0x09, 0x0a,
    0x09, 0x08, 0x07, 0x07, 0x06, 0x04, 0x02, 0x01, 0x00, 0xfe, 0xfd, 0xfe, 0xfd, 0xfb, 0xfa, 0xfb,
    0xfc, 0xfa, 0xf9, 0xf8, 0xf8, 0xf8, 0xf8, 0xf4, 0xf1, 0xf1, 0xf1, 0xee, 0xeb, 0xeb, 0xec, 0xf1,
    0xf7, 0xfe, 0x05, 0x0b, 0x0d, 0x0c, 0x0d, 0x0c, 0x08, 0x03, 0x00, 0xfe, 0xfa, 0xf6, 0xf6, 0xf8,
    0xfb, 0xff, 0x03, 0x07, 0x0a, 0x0c, 0x0c, 0x0a, 0x08, 0x06, 0x01, 0xfd, 0xfb, 0xfa, 0xf8, 0xf6,
    0xf8, 0xfa, 0xfc, 0xff, 0x01, 0x02, 0x04, 0x05, 0x06, 0x05, 0x04, 0x02, 0xff, 0xfe, 0xfd, 0xfd,
    0xfc, 0xfd, 0xfe, 0xff, 0x01, 0x06, 0x0a, 0x0b, 0x0b, 0x0c, 0x0d, 0x0b, 0x08, 0x07, 0x05, 0x04,
    0x03, 0x04, 0x04, 0x05, 0x06, 0x07, 0x07, 0x07, 0x07, 0x07, 0x05, 0x04, 0x02, 0xff, 0xfe, 0xfd,
    0xfa, 0xf9, 0xfa, 0xfb, 0xfa, 0xf9, 0xf9, 0xfa, 0xf9, 0xf8, 0xf9, 0xf7, 0xf4, 0xf3, 0xf3, 0xf0,
    0xee, 0xee, 0xed, 0xef, 0xf4, 0xfb, 0x01, 0x05, 0x07, 0x0c, 0x0f, 0x0d, 0x0b, 0x09, 0x07, 0x04,
    0xff, 0xfa, 0xf9, 0xf8, 0xf7, 0xf9, 0xfc, 0xfe, 0x02, 0x04, 0x06, 0x08, 0x09, 0x09, 0x08, 0x06,
    0x04, 0x01, 0xff, 0xfc, 0xf9, 0xf8, 0xf7, 0xf8, 0xf9, 0xfc, 0xfe, 0x00, 0x02, 0x04, 0x05, 0x05,
    0x06, 0x05, 0x04, 0x03, 0x01, 0x00, 0x00, 0xff, 0x01, 0x03, 0x03, 0x04, 0x07, 0x09, 0x0a, 0x0a,
    0x0b, 0x0a, 0x09, 0x09, 0x08, 0x06, 0x05, 0x04, 0x03, 0x02, 0x02, 0x01, 0x02, 0x01, 0x00, 0x01,
    0x02, 0x02, 0x01, 0x00, 0xfe, 0xfd, 0xfb, 0xf9, 0xf9, 0xf9, 0xf7, 0xf6, 0xf7, 0xf8, 0xf7, 0xf6,
    0xf6, 0xf5, 0xf5, 0xf4, 0xf3, 0xf4, 0xf5, 0xf7, 0xfc, 0x01, 0x02, 0x04, 0x06, 0x09, 0x0b, 0x0a,
    0x09, 0x08, 0x07, 0x04, 0x02, 0x00, 0xfe, 0xfd, 0xfc, 0xfc, 0xfc, 0xfd, 0xfe, 0xff, 0x01, 0x03,
    0x03, 0x03, 0x04, 0x04, 0x04, 0x03, 0x02, 0x00, 0x00, 0xfe, 0xfd, 0xfd, 0xfc, 0xfc, 0xfc, 0xfc,
    0xfd, 0xfe, 0xff, 0x01, 0x02, 0x02, 0x02, 0x03, 0x03, 0x03, 0x02, 0x03, 0x03, 0x02, 0x01, 0x01,
    0x02, 0x02, 0x02, 0x02, 0x03, 0x03, 0x03, 0x04, 0x04, 0x04, 0x04, 0x04, 0x03, 0x03, 0x03, 0x02,
    0x01, 0x01, 0x01, 0x00, 0x01, 0x00, 0xff, 0xff, 0xff, 0xff, 0x00, 0x00, 0xff, 0xff, 0xff, 0xff,
    0xfe, 0xfd, 0xfd, 0xfd, 0xfd, 0xfc, 0xfc, 0xfb, 0xfa, 0xfa, 0xfa, 0xfa, 0xfa, 0xfa, 0xfa, 0xfa,
    0xfa, 0xfb, 0xfa, 0xfa, 0xfb, 0xfc, 0xfc, 0xfd, 0xfe, 0xfe, 0x00, 0x01, 0x02, 0x03, 0x03, 0x03,
    0x05, 0x05, 0x04, 0x04, 0x05, 0x04, 0x04, 0x04, 0x04, 0x04, 0x03, 0x03, 0x03, 0x03, 0x03, 0x02,
    0x03, 0x02, 0x01, 0x00, 0x00, 0x00, 0x00, 0xff, 0xff, 0xff, 0xfe, 0xff, 0xff, 0xff, 0x00, 0xff,
    0xff, 0x00, 0x01, 0x02, 0x01, 0x03, 0x02, 0x02, 0x03, 0x02, 0x03, 0x02, 0x03, 0x03, 0x02, 0x02,
    0x02, 0x01, 0x01, 0x01, 0x00, 0x01, 0x01, 0x00, 0x01, 0xff, 0x00, 0x00, 0xff, 0xfe, 0xfe, 0xfe,
    0xfe, 0xfe, 0xfe, 0xfd, 0xfd, 0xfe, 0xfd, 0xfe, 0xfd, 0xfd, 0xfd, 0xfd, 0xfd, 0xfd, 0xfd, 0xfd,
    0xfe, 0xfe, 0xfd, 0xfd, 0xff, 0xfd, 0xfe, 0xfe, 0xfd, 0xfd, 0xfd, 0xfe, 0xfe, 0xfe, 0xfe, 0xff,
    0xff, 0xff, 0x01, 0x00, 0x01, 0x00, 0x02, 0x02, 0x02, 0x02, 0x02, 0x02, 0x03, 0x02, 0x03, 0x03,
    0x02, 0x03, 0x02, 0x02, 0x03, 0x02, 0x02, 0x02, 0x02, 0x01, 0x01, 0x00, 0x00, 0xff, 0xff, 0xff,
    0xff, 0xfe, 0xfe, 0xff, 0xff, 0xfe, 0xff, 0xff, 0xff, 0x00, 0x00, 0x00, 0x00, 0x01, 0x00, 0x01,
    0x02, 0x02, 0x01, 0x02, 0x01, 0x01, 0x01, 0x01, 0x02, 0x00, 0x01, 0x01, 0x01, 0x00, 0x00, 0x00,
    0xff, 0x00, 0xff, 0xff, 0xff, 0xfe, 0xfe, 0xfe, 0xfe, 0xfe, 0xfe, 0xfe, 0xfe, 0xfe, 0xfe, 0xfe,
    0xfe, 0xfe, 0xfe, 0xfe, 0xff, 0xff, 0xfe, 0xfe, 0xff, 0xff, 0xfe, 0xff, 0xff, 0xff, 0xff, 0xff,
    0xff, 0xff, 0xff, 0xff, 0xff, 0xfe, 0xff, 0xff, 0xff, 0xff, 0xfe, 0xff, 0xff, 0xff, 0xff, 0x00,
    0x00, 0x01, 0x01, 0x01, 0x00, 0x02, 0x01, 0x01, 0x02, 0x01, 0x01, 0x02, 0x02, 0x02, 0x02, 0x01,
    0x02, 0x01, 0x01, 0x02, 0x01, 0x01, 0x02, 0x02, 0x01, 0x01, 0x01, 0x01, 0x01, 0x00, 0x00, 0x00,
    0x00, 0x00, 0x01, 0xff, 0x00, 0x00, 0x00, 0x01, 0x01, 0x01, 0x01, 0x00, 0x00, 0x01, 0x01, 0x01,
    0x01, 0x01, 0x01, 0x01, 0x02, 0x01, 0x01, 0x01, 0x01, 0x01, 0x00, 0x00, 0x01, 0x00, 0x00, 0x00,
    0xff, 0x00, 0xff, 0xff, 0xff, 0xfe, 0xfe, 0xfe, 0xfe, 0xfe, 0xfe, 0xfd, 0xfd, 0xfd, 0xfd, 0xfc,
    0xfc, 0xfc, 0xfd, 0x01, 0x00, 0xfe, 0xff, 0xff, 0x00, 0x00, 0x02, 0x00, 0x01, 0x03, 0x01, 0x03,
    0x01, 0x01, 0xff, 0x00, 0x01, 0x00, 0x00, 0x00, 0x00, 0xff, 0xff, 0x00, 0xff, 0xff, 0xff, 0xff,
    0xff, 0xff, 0x00, 0x00, 0xff, 0x00, 0x00, 0x00, 0x01, 0x00, 0x00, 0xff, 0x00, 0xff, 0x00, 0x00,
    0xff, 0xff, 0x00, 0x00, 0x00, 0x01, 0x02, 0x03, 0x04, 0x05, 0x05, 0x05, 0x05, 0x05, 0x06, 0x05,
    0x05, 0x05, 0x04, 0x04, 0x04, 0x04, 0x03, 0x04, 0x04, 0x05, 0x04, 0x06, 0x05, 0x05, 0x04, 0x02,
    0x03, 0x01, 0x01, 0xff, 0xfe, 0xfe, 0xfd, 0xfd, 0xfc, 0xfc, 0xfc, 0xfc, 0xfa, 0xfb, 0xfa, 0xf8,
    0xf7, 0xf5, 0xf4, 0xf2, 0xf0, 0xef, 0xef, 0xf0, 0xf2, 0xf6, 0xfe, 0x04, 0x06, 0x08, 0x0a, 0x0c,
    0x0c, 0x0c, 0x09, 0x06, 0x02, 0x00, 0xfe, 0xfa, 0xf7, 0xf8, 0xf9, 0xfa, 0xfd, 0xff, 0x01, 0x03,
    0x06, 0x08, 0x08, 0x07, 0x06, 0x05, 0x03, 0x00, 0xfd, 0xfa, 0xf9, 0xfa, 0xfa, 0xfb, 0xfc, 0xfd,
    0xff, 0x01, 0x04, 0x07, 0x07, 0x0b, 0x0c, 0x0c, 0x0d, 0x0c, 0x0a, 0x08, 0x07, 0x06, 0x05, 0x04,
    0x05, 0x04, 0x05, 0x06, 0x06, 0x05, 0x05, 0x06, 0x04, 0x03, 0x01, 0x00, 0xff, 0xfd, 0xfc, 0xfa,
    0xf9, 0xf8, 0xf7, 0xf6, 0xf5, 0xf4, 0xf3, 0xf1, 0xf1, 0xf0, 0xec, 0xe9, 0xeb, 0xf0, 0xf5, 0xfc,
    0x04, 0x09, 0x0a, 0x0d, 0x12, 0x11, 0x0c, 0x09, 0x05, 0xff, 0xfa, 0xf7, 0xf2, 0xf0, 0xf2, 0xf7,
    0xfa, 0xfe, 0x04, 0x09, 0x0b, 0x0e, 0x0f, 0x0d, 0x0a, 0x06, 0x02, 0xfd, 0xf8, 0xf6, 0xf4, 0xf3,
    0xf4, 0xf5, 0xf7, 0xfb, 0x00, 0x03, 0x06, 0x08, 0x09, 0x0a, 0x08, 0x06, 0x03, 0x02, 0x03, 0x06,
    0x05, 0x05, 0x06, 0x09, 0x0a, 0x0a, 0x0b, 0x0a, 0x0a, 0x0b, 0x0b, 0x09, 0x07, 0x08, 0x08, 0x06,
    0x05, 0x04, 0x03, 0x03, 0x03, 0x01, 0xff, 0xff, 0xfe, 0xfc, 0xfa, 0xf8, 0xf7, 0xf6, 0xf4, 0xf2,
    0xf1, 0xef, 0xec, 0xea, 0xe8, 0xe6, 0xea, 0xf1, 0xf7, 0xfe, 0x06, 0x0c, 0x0e, 0x11, 0x13, 0x10,
    0x0c, 0x07, 0x02, 0xfc, 0xf6, 0xf3, 0xf2, 0xf1, 0xf2, 0xf7, 0xfc, 0x00, 0x05, 0x0a, 0x0d, 0x0f,
    0x0f, 0x0d, 0x08, 0x04, 0x00, 0xfc, 0xf7, 0xf4, 0xf2, 0xf2, 0xf3, 0xf6, 0xf9, 0xfd, 0x01, 0x05,
    0x08, 0x0a, 0x0b, 0x0a, 0x08, 0x04, 0x01, 0xfe, 0xfc, 0xfa, 0xfa, 0xfd, 0x02, 0x07, 0x0a, 0x0e,
    0x11, 0x12, 0x11, 0x10, 0x0e, 0x0c, 0x09, 0x06, 0x03, 0x03, 0x03, 0x02, 0x03, 0x05, 0x07, 0x07,
    0x07, 0x08, 0x07, 0x05, 0x03, 0xff, 0xfa, 0xf8, 0xf5, 0xf2, 0xf2, 0xf4, 0xf6, 0xf5, 0xf3, 0xf2,
    0xf3, 0xf3, 0xf0, 0xee, 0xef, 0xf2, 0xf4, 0xf8, 0xff, 0x04, 0x06, 0x08, 0x0c, 0x0d, 0x0a, 0x09,
    0x06, 0x01, 0xfd, 0xfa, 0xf7, 0xf4, 0xf5, 0xf7, 0xfa, 0xfe, 0x03, 0x07, 0x0a, 0x0b, 0x0c, 0x0a,
    0x08, 0x05, 0x01, 0xfd, 0xfa, 0xf6, 0xf4, 0xf4, 0xf6, 0xf8, 0xfb, 0xff, 0x02, 0x06, 0x08, 0x09,
    0x08, 0x07, 0x05, 0x01, 0xfe, 0xfc, 0xf9, 0xf7, 0xf7, 0xf8, 0xf9, 0xfc, 0x02, 0x0a, 0x0d, 0x0e,
    0x11, 0x13, 0x11, 0x0d, 0x0b, 0x0a, 0x06, 0x03, 0x01, 0x02, 0x03, 0x03, 0x04, 0x05, 0x08, 0x09,
    0x09, 0x09, 0x08, 0x06, 0x03, 0x01, 0xff, 0xfc, 0xf8, 0xf6, 0xf6, 0xf5, 0xf5, 0xf4, 0xf6, 0xf7,
    0xf7, 0xf6, 0xf5, 0xf2, 0xf1, 0xf0, 0xf0, 0xf2, 0xf5, 0xf9, 0xff, 0x02, 0x06, 0x0a, 0x0c, 0x0c,
    0x0b, 0x09, 0x06, 0x01, 0xfd, 0xf9, 0xf7, 0xf6, 0xf7, 0xf8, 0xfb, 0xff, 0x02, 0x05, 0x08, 0x0a,
    0x0b, 0x0a, 0x08, 0x05, 0x02, 0xfe, 0xfb, 0xf9, 0xf7, 0xf6, 0xf6, 0xf7, 0xfa, 0xfd, 0xff, 0x02,
    0x05, 0x06, 0x06, 0x06, 0x06, 0x04, 0x01, 0x00, 0xfe, 0xfc, 0xfb, 0xfb, 0xfb, 0xfd, 0xfd, 0x01,
    0x07, 0x09, 0x09, 0x0c, 0x10, 0x10, 0x0d, 0x0c, 0x0d, 0x0b, 0x08, 0x06, 0x06, 0x05, 0x03, 0x03,
    0x05, 0x06, 0x05, 0x04, 0x03, 0x03, 0x02, 0x00, 0xff, 0xfe, 0xfc, 0xfb, 0xfa, 0xf9, 0xf7, 0xf5,
    0xf4, 0xf5, 0xf4, 0xf1, 0xef, 0xef, 0xf0, 0xf2, 0xf3, 0xf6, 0xfb, 0x00, 0x03, 0x05, 0x08, 0x0a,
    0x0a, 0x09, 0x07, 0x05, 0x02, 0xff, 0xfb, 0xfa, 0xfa, 0xfa, 0xfb, 0xfd, 0xff, 0x02, 0x04, 0x05,
    0x07, 0x08, 0x06, 0x05, 0x03, 0x01, 0xfe, 0xfc, 0xfa, 0xf9, 0xf8, 0xf8, 0xf8, 0xfb, 0xfc, 0xfe,
    0x00, 0x01, 0x02, 0x02, 0x03, 0x03, 0x03, 0x03, 0x02, 0x01, 0x00, 0xff, 0xfe, 0xfe, 0xfe, 0xfe,
    0xfe, 0xfe, 0xff, 0x02, 0x06, 0x08, 0x09, 0x0b, 0x0d, 0x0c, 0x0c, 0x0c, 0x0c, 0x0a, 0x07, 0x07,
    0x06, 0x05, 0x04, 0x03, 0x03, 0x04, 0x04, 0x04, 0x03, 0x03, 0x03, 0x01, 0x00, 0xff, 0xfd, 0xfc,
    0xfa, 0xf9, 0xf8, 0xf7, 0xf5, 0xf4, 0xf3, 0xf1, 0xef, 0xee, 0xec, 0xed, 0xf1, 0xf5, 0xf7, 0xfd,
    0x04, 0x06, 0x08, 0x0c, 0x0d, 0x0c, 0x0b, 0x0a, 0x07, 0x03, 0xff, 0xfc, 0xfa, 0xf9, 0xf9, 0xf9,
    0xfb, 0xff, 0x01, 0x03, 0x05, 0x07, 0x08, 0x07, 0x06, 0x05, 0x03, 0x01, 0xfe, 0xfb, 0xfa, 0xf9,
    0xf8, 0xf7, 0xf8, 0xfb, 0xfc, 0xfe, 0xff, 0x01, 0x02, 0x03, 0x04, 0x03, 0x02, 0x02, 0x01, 0x00,
    0xff, 0xff, 0xfe, 0xfe, 0xfe, 0xfe, 0xff, 0x00, 0x00, 0x01, 0x03, 0x05, 0x07, 0x08, 0x08, 0x0a,
    0x0b, 0x0b, 0x09, 0x09, 0x09, 0x07, 0x06, 0x06, 0x06, 0x05, 0x04, 0x04, 0x03, 0x04, 0x03, 0x02,
    0x02, 0x02, 0x01, 0x00, 0xff, 0xfe, 0xfc, 0xfb, 0xfa, 0xf9, 0xf8, 0xf8, 0xf7, 0xf6, 0xf6, 0xf5,
    0xf3, 0xf2, 0xf1, 0xf1, 0xf3, 0xf6, 0xf8, 0xfa, 0xff, 0x03, 0x04, 0x08, 0x0d, 0x0d, 0x0a, 0x0a,
    0x0b, 0x07, 0x02, 0x00, 0xfe, 0xfc, 0xfa, 0xfa, 0xfa, 0xfa, 0xfc, 0xfe, 0x00, 0x02, 0x04, 0x05,
    0x06, 0x07, 0x05, 0x03, 0x02, 0x01, 0xfe, 0xfb, 0xfa, 0xf9, 0xf8, 0xf8, 0xf8, 0xfa, 0xfc, 0xfe,
    0xff, 0x01, 0x03, 0x04, 0x04, 0x05, 0x05, 0x04, 0x04, 0x03, 0x01, 0x00, 0xff, 0xfe, 0xfd, 0xfd,
    0xfd, 0xfd, 0xfe, 0x00, 0x02, 0x04, 0x06, 0x08, 0x0b, 0x0c, 0x0c, 0x0b, 0x0c, 0x0a, 0x09, 0x08,
    0x06, 0x04, 0x02, 0x01, 0x00, 0xff, 0xff, 0xff, 0xff, 0x00, 0xff, 0xff, 0x00, 0x01, 0x01, 0x00,
    0xff, 0xfe, 0xfc, 0xfb, 0xfa, 0xfa, 0xf8, 0xf6, 0xf4, 0xf5, 0xf2, 0xf0, 0xf1, 0xf4, 0xf4, 0xf6,
    0xfb, 0x00, 0x02, 0x02, 0x06, 0x0a, 0x0b, 0x0a, 0x0b, 0x0b, 0x08, 0x05, 0x02, 0x01, 0xff, 0xfd,
    0xfb, 0xf9, 0xfa, 0xfb, 0xfb, 0xfc, 0xff, 0x01, 0x02, 0x03, 0x04, 0x06, 0x05, 0x04, 0x04, 0x03,
    0x01, 0xff, 0xfe, 0xfc, 0xfb, 0xfa, 0xfa, 0xf9, 0xfa, 0xfb, 0xfc, 0xfe, 0x00, 0x01, 0x02, 0x04,
    0x05, 0x05, 0x06, 0x06, 0x05, 0x04, 0x03, 0x02, 0x01, 0xff, 0xfe, 0xfe, 0xfd, 0xfd, 0xff, 0x01,
    0x02, 0x03, 0x06, 0x09, 0x09, 0x09, 0x0b, 0x0b, 0x0b, 0x09, 0x07, 0x05, 0x03, 0x01, 0x00, 0xff,
    0xfd, 0xfe, 0xfd, 0xfd, 0xfe, 0xff, 0xff, 0x00, 0x00, 0x01, 0xff, 0xff, 0xff, 0xfd, 0xfb, 0xfa,
    0xf8, 0xf6, 0xf4, 0xf4, 0xf2, 0xf2, 0xf2, 0xf4, 0xf6, 0xf9, 0xfd, 0x00, 0x02, 0x06, 0x09, 0x09,
    0x09, 0x0c, 0x0b, 0x09, 0x08, 0x05, 0x02, 0xff, 0xfd, 0xfc, 0xfb, 0xfa, 0xfa, 0xfb, 0xfb, 0xfc,
    0xfe, 0xff, 0x01, 0x03, 0x04, 0x04, 0x05, 0x04, 0x03, 0x02, 0x01, 0x00, 0x00, 0xfe, 0xfe, 0xfd,
    0xfc, 0xfd, 0xfd, 0xfd, 0xff, 0xff, 0x01, 0x01, 0x02, 0x02, 0x03, 0x03, 0x03, 0x03, 0x02, 0x02,
    0x01, 0x00, 0xff, 0xff, 0xfe, 0xfd, 0xfd, 0xfd, 0xfe, 0xfe, 0xfe, 0x00, 0x01, 0x02, 0x03, 0x04,
    0x05, 0x06, 0x07, 0x06, 0x06, 0x06, 0x05, 0x04, 0x04, 0x03, 0x01, 0x01, 0x01, 0xff, 0xff, 0x00,
    0xff, 0x01, 0x00, 0x00, 0x01, 0x01, 0x00, 0x00, 0x00, 0xff, 0xfd, 0xfd, 0xfb, 0xfa, 0xf8, 0xf8,
    0xf4, 0xf5, 0xf7, 0xf7, 0xf6, 0xf9, 0xfc, 0xfd, 0xff, 0x02, 0x05, 0x06, 0x06, 0x07, 0x07, 0x07,
    0x06, 0x04, 0x03, 0x02, 0x00, 0xfe, 0xfd, 0xfe, 0xfd, 0xfd, 0xfe, 0x00, 0x00, 0x00, 0x01, 0x03,
    0x02, 0x03, 0x03, 0x02, 0x03, 0x01, 0x00, 0x00, 0xff, 0xfd, 0xfc, 0xfc, 0xfc, 0xfc, 0xfc, 0xfc,
    0xfd, 0xfe, 0xff, 0x00, 0x01, 0x02, 0x03, 0x03, 0x03, 0x03, 0x02, 0x02, 0x02, 0x01, 0x00, 0x00,
    0xff, 0xff, 0xfe, 0xfe, 0xfe, 0xfe, 0xff, 0xff, 0x00, 0x00, 0x01, 0x01, 0x03, 0x03, 0x03, 0x03,
    0x03, 0x03, 0x02, 0x01, 0x01, 0x00, 0xff, 0xff, 0xff, 0xfe, 0xfe, 0xff, 0xff, 0x00, 0x00, 0x00,
    0x01, 0x02, 0x02, 0x02, 0x01, 0x02, 0x02, 0x01, 0x01, 0x00, 0x01, 0x00, 0x00, 0xff, 0xfe, 0xfe,
    0xfe, 0xfe, 0xfe, 0xfe, 0xfe, 0xfe, 0xfe, 0xff, 0xfe, 0xff, 0xfe, 0xff, 0xfe, 0xff, 0xfe, 0xfe,
    0xfe, 0xfe, 0xfe, 0xff, 0xff, 0xff, 0xff, 0xff, 0xff, 0xff, 0x00, 0x01, 0x01, 0x01, 0x01, 0x01,
    0x02, 0x02, 0x02, 0x02, 0x02, 0x01, 0x02, 0x01, 0x01, 0x01, 0x01, 0x00, 0x01, 0x00, 0x00, 0x01,
    0x00, 0x01, 0x01, 0x01, 0x00, 0x00, 0x01, 0x01, 0x01, 0x02, 0x01, 0x01, 0x01, 0x00, 0x00, 0x00,
    0x00, 0x00, 0x00, 0x00, 0x00, 0xff, 0x01, 0x00, 0xff, 0x00, 0x00, 0x00, 0xff, 0xff, 0x00, 0xff,
    0x00, 0x00, 0x00, 0x00, 0xff, 0x00, 0xff, 0xff, 0xff, 0xff, 0x00, 0xff, 0x00, 0x00, 0x00, 0xff,
    0x00, 0x00, 0x00, 0xff, 0x00, 0xff, 0x00, 0x00, 0x00, 0x00, 0x00, 0xff, 0x00, 0x00, 0x01, 0x00,
    0x00, 0x00, 0x01, 0x00, 0x00, 0x01, 0x01, 0x00, 0x00, 0x00, 0x00, 0x00, 0x00, 0xff, 0xff, 0x00,
    0x00, 0x00, 0xff, 0xff, 0x00, 0x00, 0x00, 0xff, 0x00, 0x00, 0x00, 0x00, 0x00, 0x00, 0x00, 0x01,
    0x00, 0x01, 0x01, 0x01, 0x01, 0x00, 0x00, 0x00, 0x01, 0x00, 0x00, 0x01, 0x00, 0x00, 0x00, 0x01,
    0x00, 0x01, 0x01, 0x01, 0x00, 0x00, 0x01, 0x00, 0x00, 0x00, 0x00, 0x00, 0x00, 0x00, 0x00, 0x00,
    0x00, 0x01, 0x01, 0x00, 0x00, 0xff, 0x00, 0x00, 0x01, 0x00, 0xff, 0x00, 0xff, 0x00, 0x00, 0x00,
    0x00, 0x00, 0xff, 0x00, 0xff, 0x00, 0x00, 0xff, 0x00, 0x00, 0x00, 0xff, 0x00, 0x00, 0x00, 0xff,
    0xff, 0x00, 0x00, 0xff, 0xff, 0xff, 0xff, 0x00, 0x00, 0x00, 0x00, 0x00, 0x00, 0x00, 0x00, 0x01,
    0x00, 0x01, 0x00, 0xff, 0x01, 0x00, 0x00, 0x00, 0x00, 0x00, 0x00, 0x00, 0x00, 0x00, 0xff, 0x00,
    0x00, 0x00, 0x00, 0x00, 0x01, 0xff, 0x00, 0x00, 0x01, 0x01, 0x01, 0x00, 0x00, 0x00, 0x00, 0x00,
    0x00, 0x00, 0x01, 0x01, 0xff, 0x00, 0x00, 0x00, 0x00, 0x00, 0x01, 0x01, 0x00, 0x00, 0x00, 0x01,
    0x00, 0x00, 0x00, 0x00, 0x01, 0x01, 0x00, 0x00, 0x00, 0x00, 0x00, 0x00, 0x01, 0x00, 0x00, 0x00,
    0x00, 0x00, 0x01, 0x00, 0x00, 0x00, 0x00, 0x00, 0xff, 0x00, 0x00, 0x00, 0x00, 0x00, 0x00, 0x00,
    0x00, 0xff, 0x00, 0x00, 0x00, 0x00, 0x00, 0x01, 0x00, 0x00, 0x00, 0x01, 0x01, 0x00, 0x00, 0x00,
    0x00, 0x00, 0x00, 0x00, 0x00, 0x00, 0x01, 0x00, 0x00, 0x00, 0x00, 0xff, 0x00, 0xff, 0x00, 0xff,
    0xff, 0x00, 0xff, 0x00, 0x00, 0xff, 0x00, 0x01, 0x00, 0xff, 0x01, 0x00, 0x01, 0xff, 0x00, 0x00,
    0x00, 0x01, 0x00, 0x00, 0x01, 0x01, 0x00, 0x00, 0x00, 0x00, 0x01, 0x00, 0x00, 0x00, 0x00, 0x00,
    0x00, 0x01, 0x01, 0x01, 0x00, 0x00, 0x00, 0x00, 0x00, 0x00, 0x00, 0xff, 0x00, 0x00, 0x01, 0x00,
    0x00, 0x01, 0x00, 0x00, 0x00, 0x00, 0x00, 0x00, 0x00, 0x00, 0x00, 0x00, 0x00, 0x00, 0x01, 0x00,
    0xff, 0x00, 0x00, 0xff, 0x00, 0x00, 0x00, 0xff, 0x00, 0x00, 0x00, 0x00, 0xff, 0xff, 0x00, 0x01,
    0x00, 0x00, 0x00, 0xff, 0xff, 0xff, 0x00, 0xff, 0x00, 0x00, 0x00, 0x01, 0x00, 0x00, 0x00, 0x01,
    0x00, 0x00, 0x00, 0x00, 0x01, 0x00, 0xff, 0xff, 0x00, 0x01, 0x01, 0x01, 0x00, 0x00, 0x00, 0x01,
    0x00, 0x01, 0x00, 0x00, 0x01, 0x00, 0x01, 0x00, 0x00, 0x01, 0x00, 0x00, 0x00, 0x00, 0x00, 0x00,
    0x01, 0x00, 0x00, 0x00, 0x01, 0x00, 0x00, 0x01, 0x00, 0x00, 0xff, 0x00, 0x01, 0x01, 0x00, 0x00,
    0x01, 0x01, 0x00, 0x00, 0x01, 0x00, 0x00, 0x00, 0x00, 0x00, 0xff, 0xff, 0x00, 0x00, 0x00, 0xff,
    0x00, 0x01, 0x00, 0x00, 0xff, 0x00, 0x00, 0x00, 0xff, 0xff, 0x00, 0x01, 0x00, 0x00, 0x00, 0x00,
    0x00, 0x00, 0x00, 0x01, 0x00, 0x00, 0x00, 0xff, 0x00, 0x00, 0xff, 0xff, 0x00, 0x00, 0xff, 0x00,
    0x00, 0x01, 0x00, 0x00, 0x00, 0x00, 0xff, 0x00, 0x01, 0x01, 0x00, 0x01, 0x00, 0x00, 0x00, 0x00,
    0x00, 0x01, 0x01, 0x00, 0xff, 0xff, 0x00, 0xff, 0x00, 0xff, 0x00, 0x00, 0x01, 0x01, 0x01, 0x01,
    0x00, 0x00, 0xff, 0x00, 0x00, 0x01, 0x00, 0x00, 0x00, 0x00, 0x00, 0x00, 0xff, 0x00, 0x01, 0x00,
    0x00, 0x00, 0x00, 0x01, 0x00, 0x00, 0xff, 0x00, 0x00, 0xff, 0xff, 0x00, 0x01, 0x00, 0xff, 0x00,
    0x00, 0x00, 0x00, 0xff, 0x00, 0x01, 0x00, 0x00, 0x00, 0x00, 0x01, 0x00, 0xff, 0x00, 0xff, 0x00,
    0x00, 0x01, 0x02, 0x01, 0x00, 0xff, 0x00, 0x01, 0x00, 0x00, 0x00, 0x00, 0xff, 0xfe, 0xff, 0x01,
    0x00, 0x00, 0x01, 0x00, 0x00, 0x00, 0xff, 0x00, 0x00, 0x01, 0x00, 0x00, 0x00, 0x01, 0x00, 0xff,
    0x00, 0x00, 0x00, 0xff, 0xff, 0x00, 0x00, 0xff, 0x00, 0x00, 0x00, 0x00, 0x00, 0x01, 0x00, 0x00,
    0x00, 0x01, 0x00, 0x00, 0x00, 0x01, 0x00, 0xff, 0x00, 0x01, 0x01, 0x00, 0x00, 0x00, 0x01, 0x00,
    0x00, 0x00, 0x00, 0x01, 0x01, 0xff, 0x00, 0x00, 0x00, 0x00, 0xff, 0x00, 0x00, 0x01, 0x00, 0xff,
    0x00, 0x00, 0xff, 0xff, 0xff, 0x00, 0x01, 0x00, 0x00, 0x00, 0x00, 0x00, 0x00, 0x00, 0x00, 0x00,
    0x00, 0xff, 0x00, 0xff, 0x00, 0x00, 0x00, 0xff, 0xff, 0x00, 0x00, 0xff, 0xff, 0x00, 0x01, 0x00,
    0x00, 0x00, 0xff, 0x00, 0x00, 0xff, 0x00, 0x01, 0x00, 0xff, 0x00, 0x00, 0x01, 0x00, 0x00, 0xff,
    0xff, 0x00, 0x00, 0xff, 0xff, 0x00, 0x01, 0x00, 0x00, 0x01, 0x00, 0x01, 0xff, 0xfe, 0xff, 0x00,
    0x00, 0xff, 0xff, 0x00, 0x00, 0xff, 0x00, 0x00, 0x01, 0x00, 0xff, 0x00, 0x01, 0x01, 0x00, 0xff,
    0x00, 0x00, 0xff, 0x00, 0x00, 0x01, 0x00, 0x00, 0x00, 0x01, 0x02, 0x01, 0x00, 0x01, 0x01, 0x00,
    0x01, 0x00, 0xff, 0x00, 0x00, 0x00, 0x00, 0x00, 0x00, 0x01, 0x00, 0x00, 0x00, 0x01, 0x00, 0x01,
    0x00, 0x00, 0x00, 0x00, 0xff, 0xff, 0x00, 0x00, 0x00, 0x00, 0x00, 0x01, 0x00, 0xff, 0x00, 0x01,
    0x00, 0x00, 0x00, 0x00, 0xff, 0xff, 0x00, 0x00, 0x00, 0x00, 0xff, 0x00, 0x00, 0x00, 0x00, 0x00,
    0x00, 0x00, 0x01, 0x00, 0x00, 0x00, 0x00, 0x00, 0x01, 0x00, 0xff, 0x00, 0x00, 0x00, 0x00, 0x00,
    0x00, 0x01, 0x01, 0x00, 0xff, 0x00, 0x01, 0x00, 0xff, 0x00, 0x00, 0x00, 0x00, 0xff, 0x00, 0x01,
    0x01, 0x00, 0x00, 0x00, 0x01, 0x00, 0xff, 0x00, 0x00, 0x01, 0x01, 0x01, 0x00, 0x00, 0xff, 0x00,
    0x00, 0x00, 0x00, 0x00, 0x00, 0xff, 0x00, 0x00, 0x00, 0xff, 0x00, 0x00, 0x00, 0x00, 0x01, 0x01,
    0x00, 0x00, 0xff, 0x00, 0x00, 0xff, 0x00, 0x00, 0x00, 0xff, 0x00, 0x00, 0x00, 0xff, 0x00, 0x00,
    0x00, 0x00, 0x01, 0x01, 0x00, 0xff, 0x00, 0x01, 0x01, 0x01, 0x00, 0x00, 0x00, 0x00, 0x00, 0x01,
    0x01, 0x00, 0x00, 0x00, 0x00, 0x01, 0x00, 0x00, 0x00, 0xff, 0x00, 0x01, 0x00, 0x01, 0x00, 0x00,
    0x00, 0x00, 0xff, 0x00, 0x01, 0x00, 0xff, 0x00, 0x00, 0xff, 0xff, 0x00, 0x00, 0x00, 0x00, 0x00,
    0x00, 0x00, 0x00, 0x00, 0x00, 0x00, 0x00, 0x00, 0x00, 0x00, 0x00, 0x01, 0x00, 0xff, 0x00, 0x00,
    0x00, 0x00, 0xff, 0x00, 0xff, 0xff, 0xff, 0xff, 0x00, 0x00, 0x00, 0x00, 0x01, 0x00, 0x00, 0x00,
    0x00, 0x00, 0x00, 0xff, 0x00, 0x01, 0x00, 0x01, 0x00, 0x00, 0x00, 0x00, 0x00, 0xff, 0x00, 0x00,
    0x01, 0x00, 0x01, 0x01, 0x00, 0x00, 0x00, 0x00, 0x01, 0x00, 0x00, 0x00, 0xff, 0x00, 0x00, 0x00,
    0x00, 0x00, 0x00, 0x00, 0xff, 0x00, 0x00, 0x00, 0x00, 0x00, 0xff, 0xff, 0x00, 0x00, 0xff, 0x00,
    0x00, 0x00, 0x00, 0x00, 0x00, 0x00, 0x00, 0xff, 0xff, 0xff, 0xff, 0x00, 0x00, 0x00, 0x00, 0x00,
    0xff, 0x00, 0x01, 0x01, 0x00, 0xff, 0x00, 0x00, 0x00, 0x00, 0x01, 0x00, 0x00, 0x00, 0x00, 0x00,
    0x00, 0xff, 0x00, 0x00, 0x00, 0x00, 0x01, 0x00, 0x00, 0x00, 0x00, 0x00, 0x00, 0x01, 0x00, 0x01,
    0x00, 0x00, 0x00, 0x00, 0xff, 0x01, 0x00, 0xff, 0x00, 0x00, 0xff, 0x00, 0xff, 0x01, 0x00, 0x00,
    0x00, 0x00, 0x00, 0x00, 0x00, 0xff, 0x00, 0xff, 0x00, 0xff, 0x00, 0x00, 0x00, 0x00, 0x00, 0xff,
    0x01, 0x00, 0x00, 0x00, 0x00, 0x01, 0x00, 0x00, 0x00, 0x01, 0xff, 0x00, 0x00, 0x01, 0x00, 0x01,
    0x00, 0x01, 0xff, 0x00, 0x00, 0x00, 0x00, 0x00, 0x00, 0x00, 0xff, 0x00, 0x00, 0x00, 0x00, 0x00,
    0x00, 0xff, 0xff, 0x00, 0x00, 0x01, 0x00, 0x00, 0x00, 0x00, 0xff, 0x00, 0x00, 0x00, 0x00, 0x00,
    0x00, 0x00, 0xff, 0x00, 0xff, 0x01, 0x00, 0x00, 0xff, 0x00, 0x00, 0xff, 0x00, 0xff, 0x00, 0x00,
    0x00, 0x00, 0x01, 0x00, 0x00, 0x00, 0x01, 0xff, 0xff, 0x00, 0x00, 0xff, 0x01, 0x00, 0xff, 0x01,
    0x01, 0x00, 0x01, 0x00, 0x00, 0x01, 0x00, 0x00, 0x00, 0x00, 0xff, 0x01, 0x00, 0x00, 0x00, 0x00,
    0xff, 0xff, 0x00, 0x01, 0x00, 0x00, 0x01, 0xff, 0xff, 0x00, 0xff, 0x01, 0x00, 0xff, 0x00, 0x00,
    0xff, 0x00, 0xff, 0x01, 0x00, 0xff, 0xff, 0x00, 0xff, 0x00, 0x00, 0x00, 0xff, 0xff, 0x00, 0x00,
    0x00, 0x00, 0x00, 0x00, 0x00, 0xff, 0x01, 0x00, 0x00, 0x00, 0xff, 0x00, 0x00, 0x00, 0x00, 0x00,
    0x00, 0x00, 0x00, 0x00, 0xff, 0x00, 0x00, 0x00, 0x00, 0x00, 0x00, 0x00, 0x00, 0x00, 0x01, 0xff,
    0xff, 0x00, 0xff, 0x01, 0x00, 0x00, 0x00, 0x00, 0x00, 0x01, 0x00, 0x00, 0x00, 0x00, 0x00, 0x00,
    0x00, 0x00, 0x00, 0x00, 0x00, 0x00, 0x00, 0xff, 0x00, 0x00, 0x00, 0xff, 0x00, 0x00, 0x00, 0xff,
    0x00, 0x00, 0x00, 0x00, 0x00, 0x00, 0xff, 0x00, 0x00, 0x01, 0x00, 0x00, 0x00, 0x00, 0x00, 0x00,
    0x00, 0x00, 0x00, 0x00, 0x01, 0x00, 0x00, 0x00, 0x00, 0x00, 0x00, 0xff, 0x00, 0x01, 0x00, 0xff,
    0x00, 0x00, 0x00, 0x00, 0xff, 0x00, 0x00, 0x01, 0x00, 0x00, 0x00, 0x00, 0x00, 0x00, 0x00, 0x00,
    0x00, 0x00, 0x00, 0x00, 0x00, 0x00, 0x00, 0x00, 0x00, 0x00, 0x00, 0x00, 0x00, 0x00, 0x00, 0x00,
    0x00, 0x00, 0x00,
};

static const unsigned char d24[] = {
    0x4e, 0x65, 0x6f, 0x42, 0x65, 0x6e, 0x63, 0x68, 0x20, 0x44, 0x65, 0x73, 0x6b, 0x74, 0x6f, 0x70,
    0x0a, 0x3d, 0x3d, 0x3d, 0x3d, 0x3d, 0x3d, 0x3d, 0x3d, 0x3d, 0x3d, 0x3d, 0x3d, 0x3d, 0x3d, 0x3d,
    0x3d, 0x0a, 0x0a, 0x57, 0x68, 0x61, 0x74, 0x20, 0x74, 0x68, 0x65, 0x20, 0x64, 0x65, 0x73, 0x6b,
    0x74, 0x6f, 0x70, 0x20, 0x77, 0x6f, 0x75, 0x6c, 0x64, 0x20, 0x68, 0x6f, 0x6c, 0x64, 0x3a, 0x20,
    0x74, 0x68, 0x69, 0x6e, 0x67, 0x73, 0x20, 0x79, 0x6f, 0x75, 0x20, 0x68, 0x61, 0x76, 0x65, 0x20,
    0x70, 0x75, 0x74, 0x20, 0x64, 0x6f, 0x77, 0x6e, 0x20, 0x73, 0x6f, 0x6d, 0x65, 0x77, 0x68, 0x65,
    0x72, 0x65, 0x20, 0x65, 0x61, 0x73, 0x79, 0x0a, 0x74, 0x6f, 0x20, 0x72, 0x65, 0x61, 0x63, 0x68,
    0x2c, 0x20, 0x61, 0x6e, 0x64, 0x20, 0x73, 0x68, 0x6f, 0x72, 0x74, 0x63, 0x75, 0x74, 0x73, 0x20,
    0x74, 0x6f, 0x20, 0x74, 0x68, 0x65, 0x20, 0x70, 0x6c, 0x61, 0x63, 0x65, 0x73, 0x20, 0x79, 0x6f,
    0x75, 0x20, 0x75, 0x73, 0x65, 0x20, 0x6d, 0x6f, 0x73, 0x74, 0x2e, 0x0a, 0x0a, 0x4e, 0x6f, 0x74,
    0x68, 0x69, 0x6e, 0x67, 0x20, 0x69, 0x73, 0x20, 0x68, 0x65, 0x72, 0x65, 0x20, 0x74, 0x6f, 0x64,
    0x61, 0x79, 0x2e, 0x20, 0x20, 0x54, 0x68, 0x65, 0x20, 0x64, 0x65, 0x73, 0x6b, 0x74, 0x6f, 0x70,
    0x20, 0x4e, 0x65, 0x6f, 0x42, 0x65, 0x6e, 0x63, 0x68, 0x20, 0x64, 0x72, 0x61, 0x77, 0x73, 0x20,
    0x69, 0x73, 0x20, 0x74, 0x68, 0x65, 0x20, 0x62, 0x61, 0x63, 0x6b, 0x64, 0x72, 0x6f, 0x70, 0x0a,
    0x61, 0x6e, 0x64, 0x20, 0x74, 0x68, 0x65, 0x20, 0x62, 0x61, 0x72, 0x20, 0x2d, 0x2d, 0x20, 0x74,
    0x68, 0x65, 0x20, 0x70, 0x6c, 0x61, 0x63, 0x65, 0x73, 0x20, 0x74, 0x68, 0x61, 0x74, 0x20, 0x75,
    0x73, 0x65, 0x64, 0x20, 0x74, 0x6f, 0x20, 0x62, 0x65, 0x20, 0x61, 0x20, 0x63, 0x6f, 0x6c, 0x75,
    0x6d, 0x6e, 0x20, 0x6f, 0x66, 0x20, 0x69, 0x63, 0x6f, 0x6e, 0x73, 0x20, 0x6f, 0x6e, 0x20, 0x69,
    0x74, 0x0a, 0x61, 0x72, 0x65, 0x20, 0x65, 0x6e, 0x74, 0x72, 0x69, 0x65, 0x73, 0x20, 0x69, 0x6e,
    0x20, 0x74, 0x68, 0x65, 0x20, 0x73, 0x74, 0x61, 0x72, 0x74, 0x20, 0x6d, 0x65, 0x6e, 0x75, 0x20,
    0x74, 0x68, 0x65, 0x20, 0x6f, 0x72, 0x62, 0x20, 0x6f, 0x70, 0x65, 0x6e, 0x73, 0x20, 0x2d, 0x2d,
    0x20, 0x73, 0x6f, 0x20, 0x74, 0x68, 0x65, 0x72, 0x65, 0x20, 0x69, 0x73, 0x20, 0x6e, 0x6f, 0x74,
    0x68, 0x69, 0x6e, 0x67, 0x0a, 0x74, 0x6f, 0x20, 0x70, 0x75, 0x74, 0x20, 0x68, 0x65, 0x72, 0x65,
    0x20, 0x75, 0x6e, 0x74, 0x69, 0x6c, 0x20, 0x73, 0x6f, 0x6d, 0x65, 0x74, 0x68, 0x69, 0x6e, 0x67,
    0x20, 0x63, 0x61, 0x6e, 0x20, 0x77, 0x72, 0x69, 0x74, 0x65, 0x20, 0x61, 0x20, 0x66, 0x69, 0x6c,
    0x65, 0x20, 0x69, 0x6e, 0x74, 0x6f, 0x20, 0x74, 0x68, 0x65, 0x20, 0x73, 0x74, 0x6f, 0x72, 0x65,
    0x2c, 0x20, 0x61, 0x6e, 0x64, 0x0a, 0x74, 0x68, 0x65, 0x72, 0x65, 0x20, 0x69, 0x73, 0x20, 0x6e,
    0x6f, 0x74, 0x68, 0x69, 0x6e, 0x67, 0x20, 0x74, 0x68, 0x61, 0x74, 0x20, 0x63, 0x61, 0x6e, 0x20,
    0x64, 0x6f, 0x20, 0x74, 0x68, 0x61, 0x74, 0x20, 0x79, 0x65, 0x74, 0x2e, 0x20, 0x20, 0x55, 0x6e,
    0x74, 0x69, 0x6c, 0x20, 0x74, 0x68, 0x65, 0x6e, 0x20, 0x74, 0x68, 0x69, 0x73, 0x20, 0x64, 0x69,
    0x72, 0x65, 0x63, 0x74, 0x6f, 0x72, 0x79, 0x0a, 0x68, 0x6f, 0x6c, 0x64, 0x73, 0x20, 0x74, 0x68,
    0x69, 0x73, 0x20, 0x6e, 0x6f, 0x74, 0x65, 0x20, 0x61, 0x6e, 0x64, 0x20, 0x6e, 0x6f, 0x74, 0x68,
    0x69, 0x6e, 0x67, 0x20, 0x65, 0x6c, 0x73, 0x65, 0x2e, 0x0a, 0x00,
};

static const unsigned char d26[] = {
    0x4e, 0x65, 0x6f, 0x42, 0x65, 0x6e, 0x63, 0x68, 0x20, 0x44, 0x6f, 0x63, 0x75, 0x6d, 0x65, 0x6e,
    0x74, 0x73, 0x0a, 0x3d, 0x3d, 0x3d, 0x3d, 0x3d, 0x3d, 0x3d, 0x3d, 0x3d, 0x3d, 0x3d, 0x3d, 0x3d,
    0x3d, 0x3d, 0x3d, 0x3d, 0x3d, 0x0a, 0x0a, 0x57, 0x72, 0x69, 0x74, 0x69, 0x6e, 0x67, 0x20, 0x67,
    0x6f, 0x65, 0x73, 0x20, 0x68, 0x65, 0x72, 0x65, 0x2e, 0x0a, 0x0a, 0x4e, 0x65, 0x6f, 0x42, 0x65,
    0x6e, 0x63, 0x68, 0x20, 0x63, 0x61, 0x6e, 0x20, 0x77, 0x61, 0x6c, 0x6b, 0x20, 0x61, 0x20, 0x64,
    0x69, 0x72, 0x65, 0x63, 0x74, 0x6f, 0x72, 0x79, 0x20, 0x61, 0x6e, 0x64, 0x20, 0x73, 0x68, 0x6f,
    0x77, 0x20, 0x79, 0x6f, 0x75, 0x20, 0x65, 0x76, 0x65, 0x72, 0x79, 0x74, 0x68, 0x69, 0x6e, 0x67,
    0x20, 0x69, 0x6e, 0x20, 0x69, 0x74, 0x3b, 0x20, 0x69, 0x74, 0x0a, 0x63, 0x61, 0x6e, 0x6e, 0x6f,
    0x74, 0x20, 0x77, 0x72, 0x69, 0x74, 0x65, 0x20, 0x61, 0x20, 0x66, 0x69, 0x6c, 0x65, 0x20, 0x79,
    0x65, 0x74, 0x2c, 0x20, 0x73, 0x6f, 0x20, 0x74, 0x68, 0x69, 0x73, 0x20, 0x66, 0x6f, 0x6c, 0x64,
    0x65, 0x72, 0x20, 0x69, 0x73, 0x20, 0x77, 0x68, 0x65, 0x72, 0x65, 0x20, 0x66, 0x69, 0x6c, 0x65,
    0x73, 0x20, 0x74, 0x68, 0x61, 0x74, 0x20, 0x61, 0x72, 0x72, 0x69, 0x76, 0x65, 0x0a, 0x66, 0x72,
    0x6f, 0x6d, 0x20, 0x6f, 0x75, 0x74, 0x73, 0x69, 0x64, 0x65, 0x20, 0x65, 0x6e, 0x64, 0x20, 0x75,
    0x70, 0x20, 0x2d, 0x2d, 0x20, 0x75, 0x6e, 0x70, 0x61, 0x63, 0x6b, 0x65, 0x64, 0x20, 0x6f, 0x75,
    0x74, 0x20, 0x6f, 0x66, 0x20, 0x61, 0x6e, 0x20, 0x61, 0x72, 0x63, 0x68, 0x69, 0x76, 0x65, 0x2c,
    0x20, 0x6f, 0x72, 0x20, 0x66, 0x65, 0x74, 0x63, 0x68, 0x65, 0x64, 0x20, 0x69, 0x6e, 0x74, 0x6f,
    0x0a, 0x54, 0x65, 0x6d, 0x70, 0x2f, 0x20, 0x61, 0x6e, 0x64, 0x20, 0x6d, 0x6f, 0x76, 0x65, 0x64,
    0x20, 0x68, 0x65, 0x72, 0x65, 0x20, 0x61, 0x66, 0x74, 0x65, 0x72, 0x77, 0x61, 0x72, 0x64, 0x73,
    0x2e, 0x0a, 0x00,
};

static const unsigned char d28[] = {
    0x4e, 0x65, 0x6f, 0x42, 0x65, 0x6e, 0x63, 0x68, 0x20, 0x4d, 0x75, 0x73, 0x69, 0x63, 0x0a, 0x3d,
    0x3d, 0x3d, 0x3d, 0x3d, 0x3d, 0x3d, 0x3d, 0x3d, 0x3d, 0x3d, 0x3d, 0x3d, 0x3d, 0x0a, 0x0a, 0x41,
    0x75, 0x64, 0x69, 0x6f, 0x20, 0x67, 0x6f, 0x65, 0x73, 0x20, 0x68, 0x65, 0x72, 0x65, 0x2e, 0x0a,
    0x0a, 0x54, 0x68, 0x65, 0x20, 0x73, 0x74, 0x61, 0x72, 0x74, 0x75, 0x70, 0x20, 0x63, 0x68, 0x69,
    0x6d, 0x65, 0x20, 0x64, 0x6f, 0x65, 0x73, 0x20, 0x6e, 0x6f, 0x74, 0x20, 0x6c, 0x69, 0x76, 0x65,
    0x20, 0x69, 0x6e, 0x20, 0x74, 0x68, 0x69, 0x73, 0x20, 0x64, 0x69, 0x72, 0x65, 0x63, 0x74, 0x6f,
    0x72, 0x79, 0x2e, 0x20, 0x20, 0x49, 0x74, 0x20, 0x73, 0x68, 0x69, 0x70, 0x73, 0x20, 0x69, 0x6e,
    0x0a, 0x43, 0x6f, 0x72, 0x65, 0x2f, 0x4d, 0x65, 0x64, 0x69, 0x61, 0x20, 0x61, 0x73, 0x20, 0x73,
    0x74, 0x61, 0x72, 0x74, 0x75, 0x70, 0x2e, 0x73, 0x6e, 0x64, 0x20, 0x61, 0x6e, 0x64, 0x20, 0x69,
    0x73, 0x20, 0x70, 0x6c, 0x61, 0x79, 0x65, 0x64, 0x20, 0x62, 0x79, 0x20, 0x74, 0x68, 0x65, 0x20,
    0x6b, 0x65, 0x72, 0x6e, 0x65, 0x6c, 0x2c, 0x20, 0x62, 0x65, 0x63, 0x61, 0x75, 0x73, 0x65, 0x20,
    0x69, 0x74, 0x0a, 0x68, 0x61, 0x73, 0x20, 0x74, 0x6f, 0x20, 0x62, 0x65, 0x20, 0x74, 0x68, 0x65,
    0x72, 0x65, 0x20, 0x62, 0x65, 0x66, 0x6f, 0x72, 0x65, 0x20, 0x74, 0x68, 0x65, 0x72, 0x65, 0x20,
    0x69, 0x73, 0x20, 0x61, 0x20, 0x73, 0x74, 0x6f, 0x72, 0x65, 0x20, 0x74, 0x6f, 0x20, 0x6c, 0x6f,
    0x6f, 0x6b, 0x20, 0x69, 0x6e, 0x20, 0x61, 0x6e, 0x64, 0x20, 0x61, 0x20, 0x73, 0x6f, 0x75, 0x6e,
    0x64, 0x0a, 0x63, 0x61, 0x72, 0x64, 0x20, 0x74, 0x6f, 0x20, 0x61, 0x73, 0x6b, 0x20, 0x61, 0x62,
    0x6f, 0x75, 0x74, 0x20, 0x69, 0x74, 0x2e, 0x0a, 0x00,
};

static const unsigned char d30[] = {
    0x4e, 0x65, 0x6f, 0x42, 0x65, 0x6e, 0x63, 0x68, 0x20, 0x50, 0x69, 0x63, 0x74, 0x75, 0x72, 0x65,
    0x73, 0x0a, 0x3d, 0x3d, 0x3d, 0x3d, 0x3d, 0x3d, 0x3d, 0x3d, 0x3d, 0x3d, 0x3d, 0x3d, 0x3d, 0x3d,
    0x3d, 0x3d, 0x3d, 0x0a, 0x0a, 0x53, 0x74, 0x69, 0x6c, 0x6c, 0x20, 0x69, 0x6d, 0x61, 0x67, 0x65,
    0x73, 0x20, 0x67, 0x6f, 0x20, 0x68, 0x65, 0x72, 0x65, 0x2e, 0x0a, 0x0a, 0x54, 0x68, 0x65, 0x20,
    0x77, 0x61, 0x6c, 0x6c, 0x70, 0x61, 0x70, 0x65, 0x72, 0x20, 0x69, 0x73, 0x20, 0x6e, 0x6f, 0x74,
    0x20, 0x61, 0x20, 0x70, 0x69, 0x63, 0x74, 0x75, 0x72, 0x65, 0x20, 0x61, 0x6e, 0x64, 0x20, 0x69,
    0x73, 0x20, 0x6e, 0x6f, 0x74, 0x20, 0x69, 0x6e, 0x20, 0x74, 0x68, 0x69, 0x73, 0x20, 0x64, 0x69,
    0x72, 0x65, 0x63, 0x74, 0x6f, 0x72, 0x79, 0x3a, 0x20, 0x74, 0x68, 0x65, 0x0a, 0x64, 0x65, 0x73,
    0x6b, 0x74, 0x6f, 0x70, 0x20, 0x64, 0x72, 0x61, 0x77, 0x73, 0x20, 0x69, 0x74, 0x73, 0x20, 0x6f,
    0x77, 0x6e, 0x20, 0x62, 0x61, 0x63, 0x6b, 0x64, 0x72, 0x6f, 0x70, 0x20, 0x6f, 0x75, 0x74, 0x20,
    0x6f, 0x66, 0x20, 0x61, 0x20, 0x67, 0x72, 0x61, 0x64, 0x69, 0x65, 0x6e, 0x74, 0x2c, 0x20, 0x74,
    0x68, 0x72, 0x65, 0x65, 0x20, 0x67, 0x6c, 0x6f, 0x77, 0x73, 0x2c, 0x20, 0x61, 0x0a, 0x68, 0x61,
    0x69, 0x72, 0x6c, 0x69, 0x6e, 0x65, 0x20, 0x67, 0x72, 0x69, 0x64, 0x20, 0x61, 0x6e, 0x64, 0x20,
    0x74, 0x68, 0x65, 0x20, 0x4e, 0x65, 0x6f, 0x42, 0x65, 0x6e, 0x63, 0x68, 0x20, 0x6d, 0x61, 0x72,
    0x6b, 0x2c, 0x20, 0x61, 0x6c, 0x6c, 0x20, 0x6f, 0x66, 0x20, 0x69, 0x74, 0x20, 0x63, 0x6f, 0x6d,
    0x70, 0x6f, 0x73, 0x69, 0x74, 0x65, 0x64, 0x20, 0x69, 0x6e, 0x20, 0x74, 0x68, 0x65, 0x0a, 0x52,
    0x4f, 0x4d, 0x20, 0x72, 0x61, 0x74, 0x68, 0x65, 0x72, 0x20, 0x74, 0x68, 0x61, 0x6e, 0x20, 0x72,
    0x65, 0x61, 0x64, 0x20, 0x66, 0x72, 0x6f, 0x6d, 0x20, 0x61, 0x20, 0x66, 0x69, 0x6c, 0x65, 0x2e,
    0x0a, 0x00,
};

static const unsigned char d32[] = {
    0x4e, 0x65, 0x6f, 0x42, 0x65, 0x6e, 0x63, 0x68, 0x20, 0x56, 0x69, 0x64, 0x65, 0x6f, 0x73, 0x0a,
    0x3d, 0x3d, 0x3d, 0x3d, 0x3d, 0x3d, 0x3d, 0x3d, 0x3d, 0x3d, 0x3d, 0x3d, 0x3d, 0x3d, 0x3d, 0x0a,
    0x0a, 0x4d, 0x6f, 0x76, 0x69, 0x6e, 0x67, 0x20, 0x70, 0x69, 0x63, 0x74, 0x75, 0x72, 0x65, 0x73,
    0x20, 0x67, 0x6f, 0x20, 0x68, 0x65, 0x72, 0x65, 0x2e, 0x0a, 0x0a, 0x4e, 0x6f, 0x74, 0x68, 0x69,
    0x6e, 0x67, 0x20, 0x63, 0x61, 0x6e, 0x20, 0x70, 0x6c, 0x61, 0x79, 0x20, 0x6f, 0x6e, 0x65, 0x20,
    0x79, 0x65, 0x74, 0x2e, 0x20, 0x20, 0x45, 0x76, 0x65, 0x72, 0x79, 0x74, 0x68, 0x69, 0x6e, 0x67,
    0x20, 0x4e, 0x65, 0x6f, 0x42, 0x65, 0x6e, 0x63, 0x68, 0x20, 0x70, 0x75, 0x74, 0x73, 0x20, 0x6f,
    0x6e, 0x20, 0x74, 0x68, 0x65, 0x20, 0x73, 0x63, 0x72, 0x65, 0x65, 0x6e, 0x0a, 0x69, 0x73, 0x20,
    0x64, 0x72, 0x61, 0x77, 0x6e, 0x20, 0x61, 0x20, 0x66, 0x72, 0x61, 0x6d, 0x65, 0x20, 0x61, 0x74,
    0x20, 0x61, 0x20, 0x74, 0x69, 0x6d, 0x65, 0x20, 0x6f, 0x75, 0x74, 0x20, 0x6f, 0x66, 0x20, 0x74,
    0x68, 0x65, 0x20, 0x52, 0x4f, 0x4d, 0x20, 0x2d, 0x2d, 0x20, 0x74, 0x68, 0x65, 0x20, 0x62, 0x61,
    0x63, 0x6b, 0x64, 0x72, 0x6f, 0x70, 0x2c, 0x20, 0x74, 0x68, 0x65, 0x0a, 0x77, 0x69, 0x6e, 0x64,
    0x6f, 0x77, 0x73, 0x20, 0x61, 0x6e, 0x64, 0x20, 0x74, 0x68, 0x65, 0x20, 0x62, 0x61, 0x72, 0x20,
    0x2d, 0x2d, 0x20, 0x61, 0x6e, 0x64, 0x20, 0x74, 0x68, 0x65, 0x72, 0x65, 0x20, 0x69, 0x73, 0x20,
    0x6e, 0x6f, 0x74, 0x68, 0x69, 0x6e, 0x67, 0x20, 0x74, 0x68, 0x61, 0x74, 0x20, 0x63, 0x61, 0x6e,
    0x20, 0x64, 0x65, 0x63, 0x6f, 0x64, 0x65, 0x20, 0x61, 0x20, 0x6d, 0x6f, 0x76, 0x69, 0x65, 0x0a,
    0x69, 0x6e, 0x74, 0x6f, 0x20, 0x74, 0x68, 0x6f, 0x73, 0x65, 0x20, 0x66, 0x72, 0x61, 0x6d, 0x65,
    0x73, 0x2e, 0x0a, 0x00,
};

static const unsigned char d34[] = {
    0x4e, 0x65, 0x6f, 0x42, 0x65, 0x6e, 0x63, 0x68, 0x20, 0x54, 0x65, 0x6d, 0x70, 0x0a, 0x3d, 0x3d,
    0x3d, 0x3d, 0x3d, 0x3d, 0x3d, 0x3d, 0x3d, 0x3d, 0x3d, 0x3d, 0x3d, 0x0a, 0x0a, 0x54, 0x68, 0x69,
    0x73, 0x20, 0x69, 0x73, 0x20, 0x77, 0x68, 0x65, 0x72, 0x65, 0x20, 0x4e, 0x65, 0x6f, 0x42, 0x65,
    0x6e, 0x63, 0x68, 0x20, 0x70, 0x75, 0x74, 0x73, 0x20, 0x77, 0x68, 0x61, 0x74, 0x20, 0x69, 0x74,
    0x20, 0x64, 0x6f, 0x77, 0x6e, 0x6c, 0x6f, 0x61, 0x64, 0x73, 0x2e, 0x0a, 0x0a, 0x54, 0x68, 0x65,
    0x72, 0x65, 0x20, 0x69, 0x73, 0x20, 0x6e, 0x6f, 0x20, 0x52, 0x41, 0x4d, 0x20, 0x64, 0x69, 0x73,
    0x6b, 0x2e, 0x20, 0x20, 0x41, 0x20, 0x66, 0x65, 0x74, 0x63, 0x68, 0x20, 0x69, 0x73, 0x20, 0x77,
    0x72, 0x69, 0x74, 0x74, 0x65, 0x6e, 0x20, 0x73, 0x74, 0x72, 0x61, 0x69, 0x67, 0x68, 0x74, 0x20,
    0x69, 0x6e, 0x74, 0x6f, 0x20, 0x54, 0x65, 0x6d, 0x70, 0x2f, 0x20, 0x61, 0x73, 0x20, 0x69, 0x74,
    0x0a, 0x61, 0x72, 0x72, 0x69, 0x76, 0x65, 0x73, 0x2c, 0x20, 0x73, 0x6f, 0x20, 0x77, 0x68, 0x61,
    0x74, 0x20, 0x79, 0x6f, 0x75, 0x20, 0x61, 0x72, 0x65, 0x20, 0x6c, 0x65, 0x66, 0x74, 0x20, 0x77,
    0x69, 0x74, 0x68, 0x20, 0x69, 0x73, 0x20, 0x61, 0x20, 0x66, 0x69, 0x6c, 0x65, 0x20, 0x69, 0x6e,
    0x20, 0x61, 0x20, 0x64, 0x69, 0x72, 0x65, 0x63, 0x74, 0x6f, 0x72, 0x79, 0x20, 0x79, 0x6f, 0x75,
    0x20, 0x63, 0x61, 0x6e, 0x0a, 0x62, 0x72, 0x6f, 0x77, 0x73, 0x65, 0x2c, 0x20, 0x6d, 0x6f, 0x76,
    0x65, 0x20, 0x61, 0x6e, 0x64, 0x20, 0x64, 0x65, 0x6c, 0x65, 0x74, 0x65, 0x20, 0x6c, 0x69, 0x6b,
    0x65, 0x20, 0x61, 0x6e, 0x79, 0x20, 0x6f, 0x74, 0x68, 0x65, 0x72, 0x2c, 0x20, 0x72, 0x61, 0x74,
    0x68, 0x65, 0x72, 0x20, 0x74, 0x68, 0x61, 0x6e, 0x20, 0x61, 0x20, 0x63, 0x6f, 0x70, 0x79, 0x20,
    0x70, 0x61, 0x72, 0x6b, 0x65, 0x64, 0x20, 0x69, 0x6e, 0x0a, 0x6d, 0x65, 0x6d, 0x6f, 0x72, 0x79,
    0x20, 0x74, 0x68, 0x61, 0x74, 0x20, 0x61, 0x20, 0x72, 0x65, 0x73, 0x65, 0x74, 0x20, 0x77, 0x6f,
    0x75, 0x6c, 0x64, 0x20, 0x74, 0x61, 0x6b, 0x65, 0x20, 0x61, 0x77, 0x61, 0x79, 0x20, 0x77, 0x69,
    0x74, 0x68, 0x20, 0x69, 0x74, 0x2e, 0x0a, 0x0a, 0x41, 0x6e, 0x20, 0x69, 0x6e, 0x74, 0x65, 0x72,
    0x72, 0x75, 0x70, 0x74, 0x65, 0x64, 0x20, 0x66, 0x65, 0x74, 0x63, 0x68, 0x20, 0x6b, 0x65, 0x65,
    0x70, 0x73, 0x20, 0x74, 0x68, 0x65, 0x20, 0x6e, 0x61, 0x6d, 0x65, 0x20, 0x69, 0x74, 0x20, 0x77,
    0x61, 0x73, 0x20, 0x61, 0x73, 0x6b, 0x65, 0x64, 0x20, 0x66, 0x6f, 0x72, 0x2c, 0x20, 0x73, 0x6f,
    0x20, 0x69, 0x74, 0x20, 0x69, 0x73, 0x20, 0x73, 0x74, 0x69, 0x6c, 0x6c, 0x0a, 0x74, 0x68, 0x65,
    0x72, 0x65, 0x20, 0x74, 0x6f, 0x20, 0x6c, 0x6f, 0x6f, 0x6b, 0x20, 0x61, 0x74, 0x20, 0x61, 0x66,
    0x74, 0x65, 0x72, 0x77, 0x61, 0x72, 0x64, 0x73, 0x20, 0x69, 0x6e, 0x73, 0x74, 0x65, 0x61, 0x64,
    0x20, 0x6f, 0x66, 0x20, 0x76, 0x61, 0x6e, 0x69, 0x73, 0x68, 0x69, 0x6e, 0x67, 0x2e, 0x20, 0x20,
    0x43, 0x6c, 0x65, 0x61, 0x72, 0x69, 0x6e, 0x67, 0x20, 0x54, 0x65, 0x6d, 0x70, 0x2f, 0x20, 0x6f,
    0x75, 0x74, 0x0a, 0x69, 0x73, 0x20, 0x61, 0x6c, 0x77, 0x61, 0x79, 0x73, 0x20, 0x73, 0x61, 0x66,
    0x65, 0x3a, 0x20, 0x6e, 0x6f, 0x74, 0x68, 0x69, 0x6e, 0x67, 0x20, 0x69, 0x6e, 0x20, 0x4e, 0x65,
    0x6f, 0x42, 0x65, 0x6e, 0x63, 0x68, 0x20, 0x72, 0x65, 0x61, 0x64, 0x73, 0x20, 0x69, 0x74, 0x73,
    0x65, 0x6c, 0x66, 0x20, 0x62, 0x61, 0x63, 0x6b, 0x20, 0x6f, 0x75, 0x74, 0x20, 0x6f, 0x66, 0x20,
    0x68, 0x65, 0x72, 0x65, 0x2e, 0x0a, 0x00,
};

static const unsigned char d36[] = {
    0x23, 0x20, 0x4e, 0x65, 0x6f, 0x42, 0x65, 0x6e, 0x63, 0x68, 0x20, 0x70, 0x72, 0x6f, 0x67, 0x72,
    0x61, 0x6d, 0x20, 0x65, 0x6e, 0x74, 0x72, 0x79, 0x2e, 0x0a, 0x23, 0x0a, 0x23, 0x20, 0x54, 0x68,
    0x65, 0x20, 0x66, 0x69, 0x72, 0x73, 0x74, 0x20, 0x6c, 0x69, 0x6e, 0x65, 0x20, 0x6f, 0x66, 0x20,
    0x61, 0x20, 0x66, 0x69, 0x6c, 0x65, 0x20, 0x74, 0x68, 0x61, 0x74, 0x20, 0x69, 0x73, 0x20, 0x6e,
    0x65, 0x69, 0x74, 0x68, 0x65, 0x72, 0x20, 0x62, 0x6c, 0x61, 0x6e, 0x6b, 0x20, 0x6e, 0x6f, 0x72,
    0x20, 0x61, 0x20, 0x63, 0x6f, 0x6d, 0x6d, 0x65, 0x6e, 0x74, 0x20, 0x6d, 0x61, 0x79, 0x20, 0x73,
    0x61, 0x79, 0x0a, 0x23, 0x20, 0x77, 0x68, 0x61, 0x74, 0x20, 0x74, 0x68, 0x65, 0x20, 0x66, 0x69,
    0x6c, 0x65, 0x20, 0x69, 0x73, 0x20, 0x66, 0x6f, 0x72, 0x2e, 0x20, 0x20, 0x22, 0x70, 0x72, 0x6f,
    0x67, 0x72, 0x61, 0x6d, 0x20, 0x3d, 0x20, 0x6e, 0x61, 0x6d, 0x65, 0x22, 0x20, 0x6d, 0x61, 0x6b,
    0x65, 0x73, 0x20, 0x74, 0x68, 0x65, 0x20, 0x66, 0x69, 0x6c, 0x65, 0x20, 0x61, 0x6e, 0x20, 0x65,
    0x6e, 0x74, 0x72, 0x79, 0x20, 0x72, 0x61, 0x74, 0x68, 0x65, 0x72, 0x0a, 0x23, 0x20, 0x74, 0x68,
    0x61, 0x6e, 0x20, 0x61, 0x20, 0x64, 0x6f, 0x63, 0x75, 0x6d, 0x65, 0x6e, 0x74, 0x3a, 0x20, 0x63,
    0x68, 0x6f, 0x6f, 0x73, 0x69, 0x6e, 0x67, 0x20, 0x69, 0x74, 0x20, 0x69, 0x6e, 0x20, 0x46, 0x69,
    0x6c, 0x65, 0x73, 0x20, 0x73, 0x74, 0x61, 0x72, 0x74, 0x73, 0x20, 0x74, 0x68, 0x61, 0x74, 0x20,
    0x70, 0x72, 0x6f, 0x67, 0x72, 0x61, 0x6d, 0x20, 0x69, 0x6e, 0x73, 0x74, 0x65, 0x61, 0x64, 0x20,
    0x6f, 0x66, 0x0a, 0x23, 0x20, 0x6f, 0x70, 0x65, 0x6e, 0x69, 0x6e, 0x67, 0x20, 0x69, 0x74, 0x2c,
    0x20, 0x73, 0x6f, 0x20, 0x61, 0x20, 0x64, 0x72, 0x61, 0x77, 0x65, 0x72, 0x20, 0x63, 0x61, 0x6e,
    0x20, 0x68, 0x6f, 0x6c, 0x64, 0x20, 0x61, 0x20, 0x70, 0x72, 0x6f, 0x67, 0x72, 0x61, 0x6d, 0x20,
    0x74, 0x68, 0x65, 0x20, 0x77, 0x61, 0x79, 0x20, 0x74, 0x68, 0x65, 0x20, 0x73, 0x74, 0x61, 0x72,
    0x74, 0x20, 0x6d, 0x65, 0x6e, 0x75, 0x0a, 0x23, 0x20, 0x64, 0x6f, 0x65, 0x73, 0x2e, 0x20, 0x20,
    0x54, 0x68, 0x65, 0x20, 0x6e, 0x61, 0x6d, 0x65, 0x20, 0x69, 0x73, 0x20, 0x6f, 0x6e, 0x65, 0x20,
    0x6f, 0x66, 0x20, 0x74, 0x68, 0x65, 0x20, 0x64, 0x65, 0x73, 0x6b, 0x74, 0x6f, 0x70, 0x27, 0x73,
    0x20, 0x6f, 0x77, 0x6e, 0x20, 0x2d, 0x2d, 0x20, 0x66, 0x69, 0x6c, 0x65, 0x73, 0x2c, 0x20, 0x63,
    0x6c, 0x6f, 0x63, 0x6b, 0x2c, 0x20, 0x6d, 0x6f, 0x6e, 0x69, 0x74, 0x6f, 0x72, 0x2c, 0x0a, 0x23,
    0x20, 0x61, 0x62, 0x6f, 0x75, 0x74, 0x2c, 0x20, 0x70, 0x72, 0x65, 0x66, 0x65, 0x72, 0x65, 0x6e,
    0x63, 0x65, 0x73, 0x2c, 0x20, 0x6e, 0x65, 0x6f, 0x74, 0x65, 0x78, 0x74, 0x20, 0x2d, 0x2d, 0x20,
    0x61, 0x6e, 0x64, 0x20, 0x61, 0x20, 0x66, 0x69, 0x6c, 0x65, 0x20, 0x74, 0x68, 0x61, 0x74, 0x20,
    0x6e, 0x61, 0x6d, 0x65, 0x73, 0x20, 0x61, 0x6e, 0x79, 0x74, 0x68, 0x69, 0x6e, 0x67, 0x20, 0x65,
    0x6c, 0x73, 0x65, 0x2c, 0x20, 0x6f, 0x72, 0x0a, 0x23, 0x20, 0x74, 0x68, 0x61, 0x74, 0x20, 0x73,
    0x61, 0x79, 0x73, 0x20, 0x6e, 0x6f, 0x74, 0x68, 0x69, 0x6e, 0x67, 0x20, 0x61, 0x74, 0x20, 0x61,
    0x6c, 0x6c, 0x2c, 0x20, 0x6f, 0x70, 0x65, 0x6e, 0x73, 0x20, 0x69, 0x6e, 0x20, 0x74, 0x68, 0x65,
    0x20, 0x72, 0x65, 0x61, 0x64, 0x65, 0x72, 0x20, 0x61, 0x73, 0x20, 0x69, 0x74, 0x20, 0x61, 0x6c,
    0x77, 0x61, 0x79, 0x73, 0x20, 0x68, 0x61, 0x73, 0x2e, 0x0a, 0x23, 0x0a, 0x23, 0x20, 0x54, 0x68,
    0x65, 0x20, 0x63, 0x6c, 0x6f, 0x63, 0x6b, 0x20, 0x69, 0x73, 0x20, 0x66, 0x69, 0x6c, 0x65, 0x64,
    0x20, 0x69, 0x6e, 0x20, 0x74, 0x68, 0x65, 0x20, 0x74, 0x6f, 0x6f, 0x6c, 0x73, 0x20, 0x64, 0x72,
    0x61, 0x77, 0x65, 0x72, 0x20, 0x62, 0x65, 0x63, 0x61, 0x75, 0x73, 0x65, 0x20, 0x74, 0x68, 0x61,
    0x74, 0x20, 0x69, 0x73, 0x20, 0x77, 0x68, 0x65, 0x72, 0x65, 0x20, 0x74, 0x68, 0x65, 0x0a, 0x23,
    0x20, 0x70, 0x72, 0x6f, 0x67, 0x72, 0x61, 0x6d, 0x73, 0x20, 0x74, 0x68, 0x61, 0x74, 0x20, 0x72,
    0x65, 0x61, 0x64, 0x20, 0x74, 0x68, 0x65, 0x20, 0x6d, 0x61, 0x63, 0x68, 0x69, 0x6e, 0x65, 0x20,
    0x61, 0x72, 0x65, 0x20, 0x6b, 0x65, 0x70, 0x74, 0x3a, 0x20, 0x74, 0x68, 0x65, 0x20, 0x64, 0x69,
    0x61, 0x6c, 0x20, 0x69, 0x73, 0x20, 0x61, 0x20, 0x74, 0x6f, 0x6f, 0x6c, 0x2c, 0x20, 0x61, 0x6e,
    0x64, 0x20, 0x61, 0x0a, 0x23, 0x20, 0x64, 0x72, 0x61, 0x77, 0x65, 0x72, 0x20, 0x73, 0x68, 0x6f,
    0x75, 0x6c, 0x64, 0x20, 0x62, 0x65, 0x20, 0x61, 0x62, 0x6c, 0x65, 0x20, 0x74, 0x6f, 0x20, 0x73,
    0x74, 0x61, 0x72, 0x74, 0x20, 0x69, 0x74, 0x20, 0x74, 0x68, 0x65, 0x20, 0x77, 0x61, 0x79, 0x20,
    0x74, 0x68, 0x65, 0x20, 0x73, 0x74, 0x61, 0x72, 0x74, 0x20, 0x6d, 0x65, 0x6e, 0x75, 0x20, 0x73,
    0x74, 0x61, 0x72, 0x74, 0x73, 0x20, 0x77, 0x68, 0x61, 0x74, 0x0a, 0x23, 0x20, 0x69, 0x74, 0x20,
    0x6c, 0x69, 0x73, 0x74, 0x73, 0x2e, 0x20, 0x20, 0x54, 0x68, 0x65, 0x20, 0x6d, 0x65, 0x6e, 0x75,
    0x20, 0x6e, 0x6f, 0x20, 0x6c, 0x6f, 0x6e, 0x67, 0x65, 0x72, 0x20, 0x6c, 0x69, 0x73, 0x74, 0x73,
    0x20, 0x69, 0x74, 0x20, 0x2d, 0x2d, 0x20, 0x74, 0x68, 0x65, 0x20, 0x72, 0x75, 0x6c, 0x65, 0x20,
    0x63, 0x61, 0x72, 0x72, 0x69, 0x65, 0x73, 0x20, 0x41, 0x62, 0x6f, 0x75, 0x74, 0x0a, 0x23, 0x20,
    0x61, 0x6c, 0x6f, 0x6e, 0x65, 0x20, 0x6e, 0x6f, 0x77, 0x20, 0x2d, 0x2d, 0x20, 0x73, 0x6f, 0x20,
    0x74, 0x68, 0x69, 0x73, 0x20, 0x64, 0x72, 0x61, 0x77, 0x65, 0x72, 0x20, 0x69, 0x73, 0x20, 0x74,
    0x68, 0x65, 0x20, 0x77, 0x61, 0x79, 0x20, 0x74, 0x6f, 0x20, 0x74, 0x68, 0x65, 0x20, 0x64, 0x69,
    0x61, 0x6c, 0x20, 0x72, 0x61, 0x74, 0x68, 0x65, 0x72, 0x20, 0x74, 0x68, 0x61, 0x6e, 0x20, 0x61,
    0x0a, 0x23, 0x20, 0x73, 0x65, 0x63, 0x6f, 0x6e, 0x64, 0x20, 0x77, 0x61, 0x79, 0x20, 0x74, 0x6f,
    0x20, 0x69, 0x74, 0x2e, 0x0a, 0x0a, 0x70, 0x72, 0x6f, 0x67, 0x72, 0x61, 0x6d, 0x20, 0x3d, 0x20,
    0x63, 0x6c, 0x6f, 0x63, 0x6b, 0x0a, 0x00,
};

static const unsigned char d37[] = {
    0x23, 0x20, 0x4e, 0x65, 0x6f, 0x42, 0x65, 0x6e, 0x63, 0x68, 0x20, 0x70, 0x72, 0x6f, 0x67, 0x72,
    0x61, 0x6d, 0x20, 0x65, 0x6e, 0x74, 0x72, 0x79, 0x20, 0x2d, 0x2d, 0x20, 0x73, 0x65, 0x65, 0x20,
    0x54, 0x6f, 0x6f, 0x6c, 0x73, 0x2f, 0x43, 0x6c, 0x6f, 0x63, 0x6b, 0x20, 0x66, 0x6f, 0x72, 0x20,
    0x77, 0x68, 0x61, 0x74, 0x20, 0x74, 0x68, 0x65, 0x20, 0x22, 0x70, 0x72, 0x6f, 0x67, 0x72, 0x61,
    0x6d, 0x20, 0x3d, 0x22, 0x0a, 0x23, 0x20, 0x6c, 0x69, 0x6e, 0x65, 0x20, 0x64, 0x6f, 0x65, 0x73,
    0x20, 0x61, 0x6e, 0x64, 0x20, 0x54, 0x6f, 0x6f, 0x6c, 0x73, 0x2f, 0x4e, 0x65, 0x6f, 0x54, 0x65,
    0x78, 0x74, 0x20, 0x66, 0x6f, 0x72, 0x20, 0x77, 0x68, 0x65, 0x72, 0x65, 0x20, 0x74, 0x68, 0x65,
    0x20, 0x63, 0x6f, 0x6e, 0x76, 0x65, 0x6e, 0x74, 0x69, 0x6f, 0x6e, 0x20, 0x73, 0x74, 0x61, 0x72,
    0x74, 0x65, 0x64, 0x2e, 0x0a, 0x23, 0x0a, 0x23, 0x20, 0x54, 0x68, 0x65, 0x20, 0x73, 0x79, 0x73,
    0x74, 0x65, 0x6d, 0x20, 0x6d, 0x6f, 0x6e, 0x69, 0x74, 0x6f, 0x72, 0x20, 0x67, 0x6f, 0x65, 0x73,
    0x20, 0x69, 0x6e, 0x20, 0x74, 0x68, 0x65, 0x20, 0x74, 0x6f, 0x6f, 0x6c, 0x73, 0x20, 0x64, 0x72,
    0x61, 0x77, 0x65, 0x72, 0x20, 0x62, 0x65, 0x73, 0x69, 0x64, 0x65, 0x20, 0x74, 0x68, 0x65, 0x20,
    0x63, 0x6c, 0x6f, 0x63, 0x6b, 0x2c, 0x20, 0x62, 0x65, 0x63, 0x61, 0x75, 0x73, 0x65, 0x0a, 0x23,
    0x20, 0x69, 0x74, 0x20, 0x69, 0x73, 0x20, 0x74, 0x68, 0x65, 0x20, 0x6f, 0x74, 0x68, 0x65, 0x72,
    0x20, 0x68, 0x61, 0x6c, 0x66, 0x20, 0x6f, 0x66, 0x20, 0x72, 0x65, 0x61, 0x64, 0x69, 0x6e, 0x67,
    0x20, 0x74, 0x68, 0x65, 0x20, 0x6d, 0x61, 0x63, 0x68, 0x69, 0x6e, 0x65, 0x3a, 0x20, 0x6f, 0x6e,
    0x65, 0x20, 0x73, 0x61, 0x79, 0x73, 0x20, 0x77, 0x68, 0x61, 0x74, 0x20, 0x74, 0x68, 0x65, 0x20,
    0x74, 0x69, 0x6d, 0x65, 0x0a, 0x23, 0x20, 0x69, 0x73, 0x2c, 0x20, 0x74, 0x68, 0x65, 0x20, 0x6f,
    0x74, 0x68, 0x65, 0x72, 0x20, 0x73, 0x61, 0x79, 0x73, 0x20, 0x77, 0x68, 0x61, 0x74, 0x20, 0x74,
    0x68, 0x65, 0x20, 0x6d, 0x61, 0x63, 0x68, 0x69, 0x6e, 0x65, 0x20, 0x69, 0x73, 0x20, 0x64, 0x6f,
    0x69, 0x6e, 0x67, 0x20, 0x77, 0x69, 0x74, 0x68, 0x20, 0x69, 0x74, 0x2e, 0x20, 0x20, 0x41, 0x20,
    0x74, 0x6f, 0x6f, 0x6c, 0x62, 0x6f, 0x78, 0x20, 0x74, 0x68, 0x61, 0x74, 0x0a, 0x23, 0x20, 0x68,
    0x65, 0x6c, 0x64, 0x20, 0x6f, 0x6e, 0x65, 0x20, 0x61, 0x6e, 0x64, 0x20, 0x6e, 0x6f, 0x74, 0x20,
    0x74, 0x68, 0x65, 0x20, 0x6f, 0x74, 0x68, 0x65, 0x72, 0x20, 0x77, 0x6f, 0x75, 0x6c, 0x64, 0x20,
    0x62, 0x65, 0x20, 0x61, 0x20, 0x74, 0x6f, 0x6f, 0x6c, 0x62, 0x6f, 0x78, 0x20, 0x77, 0x69, 0x74,
    0x68, 0x20, 0x61, 0x20, 0x67, 0x61, 0x70, 0x20, 0x69, 0x6e, 0x20, 0x69, 0x74, 0x2e, 0x0a, 0x23,
    0x0a, 0x23, 0x20, 0x49, 0x74, 0x20, 0x69, 0x73, 0x20, 0x73, 0x74, 0x61, 0x72, 0x74, 0x65, 0x64,
    0x20, 0x66, 0x72, 0x6f, 0x6d, 0x20, 0x68, 0x65, 0x72, 0x65, 0x20, 0x72, 0x61, 0x74, 0x68, 0x65,
    0x72, 0x20, 0x74, 0x68, 0x61, 0x6e, 0x20, 0x66, 0x72, 0x6f, 0x6d, 0x20, 0x74, 0x68, 0x65, 0x20,
    0x73, 0x74, 0x61, 0x72, 0x74, 0x20, 0x6d, 0x65, 0x6e, 0x75, 0x2c, 0x20, 0x73, 0x6f, 0x20, 0x69,
    0x74, 0x20, 0x69, 0x73, 0x0a, 0x23, 0x20, 0x6f, 0x6e, 0x65, 0x20, 0x70, 0x72, 0x65, 0x73, 0x73,
    0x20, 0x66, 0x72, 0x6f, 0x6d, 0x20, 0x61, 0x20, 0x64, 0x72, 0x61, 0x77, 0x65, 0x72, 0x20, 0x74,
    0x68, 0x61, 0x74, 0x20, 0x68, 0x61, 0x73, 0x20, 0x62, 0x65, 0x65, 0x6e, 0x20, 0x6f, 0x70, 0x65,
    0x6e, 0x65, 0x64, 0x20, 0x61, 0x6e, 0x79, 0x77, 0x61, 0x79, 0x2e, 0x0a, 0x0a, 0x70, 0x72, 0x6f,
    0x67, 0x72, 0x61, 0x6d, 0x20, 0x3d, 0x20, 0x6d, 0x6f, 0x6e, 0x69, 0x74, 0x6f, 0x72, 0x0a, 0x00,
};

static const unsigned char d38[] = {
    0x23, 0x20, 0x4e, 0x65, 0x6f, 0x42, 0x65, 0x6e, 0x63, 0x68, 0x20, 0x70, 0x72, 0x6f, 0x67, 0x72,
    0x61, 0x6d, 0x20, 0x65, 0x6e, 0x74, 0x72, 0x79, 0x2e, 0x0a, 0x23, 0x0a, 0x23, 0x20, 0x54, 0x68,
    0x65, 0x20, 0x66, 0x69, 0x72, 0x73, 0x74, 0x20, 0x6c, 0x69, 0x6e, 0x65, 0x20, 0x6f, 0x66, 0x20,
    0x61, 0x20, 0x66, 0x69, 0x6c, 0x65, 0x20, 0x74, 0x68, 0x61, 0x74, 0x20, 0x69, 0x73, 0x20, 0x6e,
    0x65, 0x69, 0x74, 0x68, 0x65, 0x72, 0x20, 0x62, 0x6c, 0x61, 0x6e, 0x6b, 0x20, 0x6e, 0x6f, 0x72,
    0x20, 0x61, 0x20, 0x63, 0x6f, 0x6d, 0x6d, 0x65, 0x6e, 0x74, 0x20, 0x6d, 0x61, 0x79, 0x20, 0x73,
    0x61, 0x79, 0x0a, 0x23, 0x20, 0x77, 0x68, 0x61, 0x74, 0x20, 0x74, 0x68, 0x65, 0x20, 0x66, 0x69,
    0x6c, 0x65, 0x20, 0x69, 0x73, 0x20, 0x66, 0x6f, 0x72, 0x2e, 0x20, 0x20, 0x22, 0x70, 0x72, 0x6f,
    0x67, 0x72, 0x61, 0x6d, 0x20, 0x3d, 0x20, 0x6e, 0x61, 0x6d, 0x65, 0x22, 0x20, 0x6d, 0x61, 0x6b,
    0x65, 0x73, 0x20, 0x74, 0x68, 0x65, 0x20, 0x66, 0x69, 0x6c, 0x65, 0x20, 0x61, 0x6e, 0x20, 0x65,
    0x6e, 0x74, 0x72, 0x79, 0x20, 0x72, 0x61, 0x74, 0x68, 0x65, 0x72, 0x0a, 0x23, 0x20, 0x74, 0x68,
    0x61, 0x6e, 0x20, 0x61, 0x20, 0x64, 0x6f, 0x63, 0x75, 0x6d, 0x65, 0x6e, 0x74, 0x3a, 0x20, 0x63,
    0x68, 0x6f, 0x6f, 0x73, 0x69, 0x6e, 0x67, 0x20, 0x69, 0x74, 0x20, 0x69, 0x6e, 0x20, 0x46, 0x69,
    0x6c, 0x65, 0x73, 0x20, 0x73, 0x74, 0x61, 0x72, 0x74, 0x73, 0x20, 0x74, 0x68, 0x61, 0x74, 0x20,
    0x70, 0x72, 0x6f, 0x67, 0x72, 0x61, 0x6d, 0x20, 0x69, 0x6e, 0x73, 0x74, 0x65, 0x61, 0x64, 0x20,
    0x6f, 0x66, 0x0a, 0x23, 0x20, 0x6f, 0x70, 0x65, 0x6e, 0x69, 0x6e, 0x67, 0x20, 0x4e, 0x65, 0x6f,
    0x54, 0x65, 0x78, 0x74, 0x2c, 0x20, 0x73, 0x6f, 0x20, 0x61, 0x20, 0x64, 0x72, 0x61, 0x77, 0x65,
    0x72, 0x20, 0x63, 0x61, 0x6e, 0x20, 0x68, 0x6f, 0x6c, 0x64, 0x20, 0x61, 0x20, 0x70, 0x72, 0x6f,
    0x67, 0x72, 0x61, 0x6d, 0x20, 0x74, 0x68, 0x65, 0x20, 0x77, 0x61, 0x79, 0x20, 0x74, 0x68, 0x65,
    0x20, 0x73, 0x74, 0x61, 0x72, 0x74, 0x20, 0x6d, 0x65, 0x6e, 0x75, 0x0a, 0x23, 0x20, 0x64, 0x6f,
    0x65, 0x73, 0x2e, 0x20, 0x20, 0x54, 0x68, 0x65, 0x20, 0x6e, 0x61, 0x6d, 0x65, 0x20, 0x69, 0x73,
    0x20, 0x6f, 0x6e, 0x65, 0x20, 0x6f, 0x66, 0x20, 0x74, 0x68, 0x65, 0x20, 0x64, 0x65, 0x73, 0x6b,
    0x74, 0x6f, 0x70, 0x27, 0x73, 0x20, 0x6f, 0x77, 0x6e, 0x20, 0x2d, 0x2d, 0x20, 0x66, 0x69, 0x6c,
    0x65, 0x73, 0x2c, 0x20, 0x63, 0x6c, 0x6f, 0x63, 0x6b, 0x2c, 0x20, 0x6d, 0x6f, 0x6e, 0x69, 0x74,
    0x6f, 0x72, 0x2c, 0x0a, 0x23, 0x20, 0x61, 0x62, 0x6f, 0x75, 0x74, 0x2c, 0x20, 0x70, 0x72, 0x65,
    0x66, 0x65, 0x72, 0x65, 0x6e, 0x63, 0x65, 0x73, 0x2c, 0x20, 0x6e, 0x65, 0x6f, 0x74, 0x65, 0x78,
    0x74, 0x20, 0x2d, 0x2d, 0x20, 0x61, 0x6e, 0x64, 0x20, 0x61, 0x20, 0x66, 0x69, 0x6c, 0x65, 0x20,
    0x74, 0x68, 0x61, 0x74, 0x20, 0x6e, 0x61, 0x6d, 0x65, 0x73, 0x20, 0x61, 0x6e, 0x79, 0x74, 0x68,
    0x69, 0x6e, 0x67, 0x20, 0x65, 0x6c, 0x73, 0x65, 0x2c, 0x20, 0x6f, 0x72, 0x0a, 0x23, 0x20, 0x74,
    0x68, 0x61, 0x74, 0x20, 0x73, 0x61, 0x79, 0x73, 0x20, 0x6e, 0x6f, 0x74, 0x68, 0x69, 0x6e, 0x67,
    0x20, 0x61, 0x74, 0x20, 0x61, 0x6c, 0x6c, 0x2c, 0x20, 0x6f, 0x70, 0x65, 0x6e, 0x73, 0x20, 0x69,
    0x6e, 0x20, 0x74, 0x68, 0x65, 0x20, 0x72, 0x65, 0x61, 0x64, 0x65, 0x72, 0x20, 0x61, 0x73, 0x20,
    0x69, 0x74, 0x20, 0x61, 0x6c, 0x77, 0x61, 0x79, 0x73, 0x20, 0x68, 0x61, 0x73, 0x2e, 0x0a, 0x23,
    0x0a, 0x23, 0x20, 0x4e, 0x65, 0x6f, 0x54, 0x65, 0x78, 0x74, 0x20, 0x69, 0x73, 0x20, 0x66, 0x69,
    0x6c, 0x65, 0x64, 0x20, 0x68, 0x65, 0x72, 0x65, 0x2c, 0x20, 0x69, 0x6e, 0x20, 0x74, 0x68, 0x65,
    0x20, 0x74, 0x6f, 0x6f, 0x6c, 0x73, 0x20, 0x64, 0x69, 0x72, 0x65, 0x63, 0x74, 0x6f, 0x72, 0x79,
    0x2c, 0x20, 0x73, 0x6f, 0x20, 0x74, 0x68, 0x65, 0x20, 0x72, 0x65, 0x61, 0x64, 0x65, 0x72, 0x20,
    0x73, 0x74, 0x61, 0x6e, 0x64, 0x73, 0x0a, 0x23, 0x20, 0x77, 0x69, 0x74, 0x68, 0x20, 0x74, 0x68,
    0x65, 0x20, 0x74, 0x68, 0x69, 0x6e, 0x67, 0x73, 0x20, 0x61, 0x20, 0x72, 0x65, 0x61, 0x64, 0x65,
    0x72, 0x20, 0x69, 0x73, 0x20, 0x66, 0x6f, 0x72, 0x3a, 0x20, 0x65, 0x76, 0x65, 0x72, 0x79, 0x20,
    0x64, 0x6f, 0x63, 0x75, 0x6d, 0x65, 0x6e, 0x74, 0x20, 0x63, 0x68, 0x6f, 0x73, 0x65, 0x6e, 0x20,
    0x69, 0x6e, 0x20, 0x46, 0x69, 0x6c, 0x65, 0x73, 0x20, 0x6f, 0x70, 0x65, 0x6e, 0x73, 0x0a, 0x23,
    0x20, 0x69, 0x6e, 0x20, 0x69, 0x74, 0x20, 0x61, 0x6c, 0x72, 0x65, 0x61, 0x64, 0x79, 0x2c, 0x20,
    0x61, 0x6e, 0x64, 0x20, 0x74, 0x68, 0x69, 0x73, 0x20, 0x65, 0x6e, 0x74, 0x72, 0x79, 0x20, 0x73,
    0x74, 0x61, 0x72, 0x74, 0x73, 0x20, 0x69, 0x74, 0x20, 0x74, 0x68, 0x65, 0x20, 0x73, 0x61, 0x6d,
    0x65, 0x20, 0x77, 0x61, 0x79, 0x2c, 0x20, 0x6f, 0x6e, 0x20, 0x74, 0x68, 0x65, 0x20, 0x73, 0x63,
    0x72, 0x65, 0x65, 0x6e, 0x0a, 0x23, 0x20, 0x69, 0x74, 0x20, 0x77, 0x61, 0x73, 0x20, 0x6c, 0x61,
    0x73, 0x74, 0x20, 0x6c, 0x65, 0x66, 0x74, 0x20, 0x6f, 0x6e, 0x20, 0x72, 0x61, 0x74, 0x68, 0x65,
    0x72, 0x20, 0x74, 0x68, 0x61, 0x6e, 0x20, 0x6f, 0x6e, 0x20, 0x61, 0x20, 0x64, 0x6f, 0x63, 0x75,
    0x6d, 0x65, 0x6e, 0x74, 0x20, 0x6e, 0x6f, 0x62, 0x6f, 0x64, 0x79, 0x20, 0x63, 0x68, 0x6f, 0x73,
    0x65, 0x2e, 0x0a, 0x0a, 0x70, 0x72, 0x6f, 0x67, 0x72, 0x61, 0x6d, 0x20, 0x3d, 0x20, 0x6e, 0x65,
    0x6f, 0x74, 0x65, 0x78, 0x74, 0x0a, 0x00,
};

static const unsigned char d39[] = {
    0x4e, 0x65, 0x6f, 0x42, 0x65, 0x6e, 0x63, 0x68, 0x20, 0x74, 0x6f, 0x6f, 0x6c, 0x73, 0x0a, 0x3d,
    0x3d, 0x3d, 0x3d, 0x3d, 0x3d, 0x3d, 0x3d, 0x3d, 0x3d, 0x3d, 0x3d, 0x3d, 0x3d, 0x0a, 0x0a, 0x54,
    0x68, 0x65, 0x20, 0x74, 0x6f, 0x6f, 0x6c, 0x73, 0x20, 0x64, 0x72, 0x61, 0x77, 0x65, 0x72, 0x20,
    0x68, 0x6f, 0x6c, 0x64, 0x73, 0x20, 0x74, 0x68, 0x65, 0x20, 0x70, 0x72, 0x6f, 0x67, 0x72, 0x61,
    0x6d, 0x20, 0x65, 0x6e, 0x74, 0x72, 0x69, 0x65, 0x73, 0x3a, 0x20, 0x66, 0x69, 0x6c, 0x65, 0x73,
    0x20, 0x74, 0x68, 0x61, 0x74, 0x20, 0x73, 0x74, 0x61, 0x72, 0x74, 0x0a, 0x73, 0x6f, 0x6d, 0x65,
    0x74, 0x68, 0x69, 0x6e, 0x67, 0x20, 0x72, 0x61, 0x74, 0x68, 0x65, 0x72, 0x20, 0x74, 0x68, 0x61,
    0x6e, 0x20, 0x62, 0x65, 0x69, 0x6e, 0x67, 0x20, 0x72, 0x65, 0x61, 0x64, 0x2e, 0x0a, 0x0a, 0x20,
    0x20, 0x43, 0x6c, 0x6f, 0x63, 0x6b, 0x20, 0x20, 0x20, 0x20, 0x20, 0x20, 0x20, 0x20, 0x74, 0x68,
    0x65, 0x20, 0x64, 0x69, 0x61, 0x6c, 0x2e, 0x20, 0x20, 0x54, 0x68, 0x65, 0x20, 0x74, 0x69, 0x6d,
    0x65, 0x2c, 0x20, 0x61, 0x6e, 0x64, 0x20, 0x74, 0x68, 0x65, 0x20, 0x6d, 0x61, 0x63, 0x68, 0x69,
    0x6e, 0x65, 0x27, 0x73, 0x20, 0x6f, 0x77, 0x6e, 0x20, 0x69, 0x64, 0x65, 0x61, 0x20, 0x6f, 0x66,
    0x20, 0x69, 0x74, 0x2e, 0x0a, 0x20, 0x20, 0x4d, 0x6f, 0x6e, 0x69, 0x74, 0x6f, 0x72, 0x20, 0x20,
    0x20, 0x20, 0x20, 0x20, 0x74, 0x68, 0x65, 0x20, 0x74, 0x77, 0x6f, 0x2d, 0x62, 0x61, 0x72, 0x20,
    0x73, 0x79, 0x73, 0x74, 0x65, 0x6d, 0x20, 0x6d, 0x6f, 0x6e, 0x69, 0x74, 0x6f, 0x72, 0x3a, 0x20,
    0x77, 0x68, 0x61, 0x74, 0x20, 0x74, 0x68, 0x65, 0x20, 0x6d, 0x61, 0x63, 0x68, 0x69, 0x6e, 0x65,
    0x20, 0x69, 0x73, 0x20, 0x64, 0x6f, 0x69, 0x6e, 0x67, 0x0a, 0x20, 0x20, 0x20, 0x20, 0x20, 0x20,
    0x20, 0x20, 0x20, 0x20, 0x20, 0x20, 0x20, 0x20, 0x20, 0x77, 0x69, 0x74, 0x68, 0x20, 0x69, 0x74,
    0x73, 0x65, 0x6c, 0x66, 0x20, 0x77, 0x68, 0x69, 0x6c, 0x65, 0x20, 0x79, 0x6f, 0x75, 0x20, 0x77,
    0x61, 0x74, 0x63, 0x68, 0x20, 0x69, 0x74, 0x2e, 0x0a, 0x20, 0x20, 0x4e, 0x65, 0x6f, 0x54, 0x65,
    0x78, 0x74, 0x20, 0x20, 0x20, 0x20, 0x20, 0x20, 0x74, 0x68, 0x65, 0x20, 0x72, 0x65, 0x61, 0x64,
    0x65, 0x72, 0x2e, 0x20, 0x20, 0x50, 0x6c, 0x61, 0x69, 0x6e, 0x20, 0x74, 0x65, 0x78, 0x74, 0x20,
    0x61, 0x73, 0x20, 0x77, 0x72, 0x69, 0x74, 0x74, 0x65, 0x6e, 0x2c, 0x20, 0x61, 0x20, 0x50, 0x44,
    0x46, 0x20, 0x77, 0x69, 0x74, 0x68, 0x20, 0x69, 0x74, 0x73, 0x0a, 0x20, 0x20, 0x20, 0x20, 0x20,
    0x20, 0x20, 0x20, 0x20, 0x20, 0x20, 0x20, 0x20, 0x20, 0x20, 0x74, 0x65, 0x78, 0x74, 0x20, 0x6c,
    0x69, 0x66, 0x74, 0x65, 0x64, 0x20, 0x6f, 0x75, 0x74, 0x20, 0x6f, 0x66, 0x20, 0x74, 0x68, 0x65,
    0x20, 0x70, 0x61, 0x67, 0x65, 0x2c, 0x20, 0x61, 0x6e, 0x64, 0x20, 0x61, 0x20, 0x68, 0x65, 0x78,
    0x20, 0x76, 0x69, 0x65, 0x77, 0x20, 0x6f, 0x66, 0x0a, 0x20, 0x20, 0x20, 0x20, 0x20, 0x20, 0x20,
    0x20, 0x20, 0x20, 0x20, 0x20, 0x20, 0x20, 0x20, 0x61, 0x6e, 0x79, 0x74, 0x68, 0x69, 0x6e, 0x67,
    0x20, 0x65, 0x6c, 0x73, 0x65, 0x2c, 0x20, 0x65, 0x69, 0x67, 0x68, 0x74, 0x20, 0x62, 0x79, 0x74,
    0x65, 0x73, 0x20, 0x74, 0x6f, 0x20, 0x74, 0x68, 0x65, 0x20, 0x6c, 0x69, 0x6e, 0x65, 0x2e, 0x0a,
    0x0a, 0x4e, 0x6f, 0x6e, 0x65, 0x20, 0x6f, 0x66, 0x20, 0x74, 0x68, 0x65, 0x20, 0x74, 0x68, 0x72,
    0x65, 0x65, 0x20, 0x69, 0x73, 0x20, 0x6f, 0x6e, 0x20, 0x74, 0x68, 0x65, 0x20, 0x73, 0x74, 0x61,
    0x72, 0x74, 0x20, 0x6d, 0x65, 0x6e, 0x75, 0x2c, 0x20, 0x73, 0x6f, 0x20, 0x74, 0x68, 0x69, 0x73,
    0x20, 0x64, 0x72, 0x61, 0x77, 0x65, 0x72, 0x20, 0x69, 0x73, 0x20, 0x68, 0x6f, 0x77, 0x20, 0x74,
    0x68, 0x65, 0x79, 0x20, 0x61, 0x72, 0x65, 0x0a, 0x73, 0x74, 0x61, 0x72, 0x74, 0x65, 0x64, 0x3b,
    0x20, 0x61, 0x20, 0x64, 0x6f, 0x63, 0x75, 0x6d, 0x65, 0x6e, 0x74, 0x20, 0x63, 0x68, 0x6f, 0x73,
    0x65, 0x6e, 0x20, 0x69, 0x6e, 0x20, 0x46, 0x69, 0x6c, 0x65, 0x73, 0x20, 0x73, 0x74, 0x69, 0x6c,
    0x6c, 0x20, 0x6f, 0x70, 0x65, 0x6e, 0x73, 0x20, 0x69, 0x6e, 0x20, 0x4e, 0x65, 0x6f, 0x54, 0x65,
    0x78, 0x74, 0x20, 0x77, 0x68, 0x61, 0x74, 0x65, 0x76, 0x65, 0x72, 0x0a, 0x79, 0x6f, 0x75, 0x20,
    0x64, 0x6f, 0x2e, 0x0a, 0x0a, 0x54, 0x6f, 0x6f, 0x6c, 0x73, 0x20, 0x67, 0x72, 0x6f, 0x77, 0x73,
    0x20, 0x61, 0x73, 0x20, 0x74, 0x68, 0x65, 0x20, 0x70, 0x72, 0x6f, 0x67, 0x72, 0x61, 0x6d, 0x73,
    0x20, 0x74, 0x68, 0x61, 0x74, 0x20, 0x62, 0x65, 0x6c, 0x6f, 0x6e, 0x67, 0x20, 0x69, 0x6e, 0x20,
    0x61, 0x20, 0x74, 0x6f, 0x6f, 0x6c, 0x62, 0x6f, 0x78, 0x20, 0x61, 0x72, 0x65, 0x20, 0x77, 0x72,
    0x69, 0x74, 0x74, 0x65, 0x6e, 0x3a, 0x0a, 0x4e, 0x65, 0x6f, 0x53, 0x68, 0x65, 0x6c, 0x6c, 0x20,
    0x61, 0x6e, 0x64, 0x20, 0x74, 0x68, 0x65, 0x20, 0x63, 0x61, 0x6c, 0x63, 0x75, 0x6c, 0x61, 0x74,
    0x6f, 0x72, 0x20, 0x61, 0x72, 0x65, 0x20, 0x74, 0x68, 0x65, 0x20, 0x6e, 0x65, 0x78, 0x74, 0x20,
    0x74, 0x77, 0x6f, 0x20, 0x6f, 0x6e, 0x20, 0x74, 0x68, 0x65, 0x20, 0x6c, 0x69, 0x73, 0x74, 0x2e,
    0x0a, 0x00,
};

const struct pfs_node nb_pfs_nodes[] = {
    { "/", "", PFS_NONE, 0, 0, 1u },
    { "Apps", "Apps", 0u, 0, 0, 1u },
    { "applications.txt", "Apps/applications.txt", 1u, d2, 1026u, 0u },
    { "Config", "Config", 0u, 0, 0, 1u },
    { "Preferences", "Config/Preferences", 3u, d4, 832u, 0u },
    { "boot.cfg", "Config/boot.cfg", 3u, d5, 664u, 0u },
    { "pointer.cfg", "Config/pointer.cfg", 3u, d6, 701u, 0u },
    { "screen.cfg", "Config/screen.cfg", 3u, d7, 2295u, 0u },
    { "sound.cfg", "Config/sound.cfg", 3u, d8, 393u, 0u },
    { "Core", "Core", 0u, 0, 0, 1u },
    { "Bench", "Core/Bench", 9u, 0, 0, 1u },
    { "bench.txt", "Core/Bench/bench.txt", 10u, d11, 770u, 0u },
    { "Docs", "Core/Docs", 9u, 0, 0, 1u },
    { "About", "Core/Docs/About", 12u, d13, 610u, 0u },
    { "changelog.txt", "Core/Docs/changelog.txt", 12u, d14, 13096u, 0u },
    { "guide.pdf", "Core/Docs/guide.pdf", 12u, d15, 1906u, 0u },
    { "install.txt", "Core/Docs/install.txt", 12u, d16, 3668u, 0u },
    { "readme.txt", "Core/Docs/readme.txt", 12u, d17, 9322u, 0u },
    { "Media", "Core/Media", 9u, 0, 0, 1u },
    { "media.txt", "Core/Media/media.txt", 18u, d19, 638u, 0u },
    { "neoboot.wav", "Core/Media/neoboot.wav", 18u, d20, 10726u, 0u },
    { "startup.snd", "Core/Media/startup.snd", 18u, d21, 11906u, 0u },
    { "Home", "Home", 0u, 0, 0, 1u },
    { "Desktop", "Home/Desktop", 22u, 0, 0, 1u },
    { "desktop.txt", "Home/Desktop/desktop.txt", 23u, d24, 522u, 0u },
    { "Documents", "Home/Documents", 22u, 0, 0, 1u },
    { "documents.txt", "Home/Documents/documents.txt", 25u, d26, 290u, 0u },
    { "Music", "Home/Music", 22u, 0, 0, 1u },
    { "music.txt", "Home/Music/music.txt", 27u, d28, 264u, 0u },
    { "Pictures", "Home/Pictures", 22u, 0, 0, 1u },
    { "pictures.txt", "Home/Pictures/pictures.txt", 29u, d30, 289u, 0u },
    { "Videos", "Home/Videos", 22u, 0, 0, 1u },
    { "videos.txt", "Home/Videos/videos.txt", 31u, d32, 275u, 0u },
    { "Temp", "Temp", 0u, 0, 0, 1u },
    { "temp.txt", "Temp/temp.txt", 33u, d34, 534u, 0u },
    { "Tools", "Tools", 0u, 0, 0, 1u },
    { "Clock", "Tools/Clock", 35u, d36, 902u, 0u },
    { "Monitor", "Tools/Monitor", 35u, d37, 559u, 0u },
    { "NeoText", "Tools/NeoText", 35u, d38, 822u, 0u },
    { "tools.txt", "Tools/tools.txt", 35u, d39, 769u, 0u },
};

const unsigned nb_pfs_count = 40;
